client_code;impaye_numero_dossier;impaye_type_action;impaye_date_debut_action;impaye_date_fin_action;impaye_montant_cotisation_impayee
14754048;2107721222;Mise en demeure;2023-02-03;2023-02-09;250.95
14754048;2107721222;2ème Impayé;2023-01-19;2023-02-02;235.95
14563067;2080438223;Annonce du contentieux;2022-12-09;2023-01-03;140.0
14563067;2080438223;Suspension de garanties;2022-12-02;2022-12-08;140.0
12629114;1804159223;Annonce du contentieux;2022-12-09;2023-02-06;254.04
12629114;1804159223;Suspension de garanties;2022-12-02;2022-12-08;254.04
15263417;2180488221;Mise en demeure;2023-02-03;2023-02-23;219.94
15271047;2181578221;Annonce du contentieux;2022-12-02;2023-01-12;115.5
13574163;1939166227;Suspension de garanties;2022-12-02;2022-12-08;299.25
13745481;1963640224;Suspension de garanties;2023-03-17;2023-03-23;1058.15
13745481;1963640224;Mise en demeure;2023-01-13;2023-03-16;1518.15
13745481;1963640224;Annonce du contentieux;2023-03-24;2023-05-21;1058.15
13574163;1939166227;Annonce du contentieux;2022-12-09;2022-12-21;299.25
14578313;2082616223;Annonce du contentieux;2023-02-24;2023-03-01;87.86
14578313;2082616223;Suspension de garanties;2023-02-17;2023-02-23;87.86
14578313;2082616223;Mise en demeure;2023-01-13;2023-02-16;328.31
14851803;2121686221;Suspension de garanties;2023-02-17;2023-02-27;298.94
14851803;2121686221;Mise en demeure;2023-01-13;2023-02-16;398.94
15017458;2145351223;Annonce du contentieux;2023-02-24;2023-03-02;956.76
15017458;2145351223;Suspension de garanties;2023-02-17;2023-02-23;956.76
15017458;2145351223;Mise en demeure;2023-01-13;2023-02-16;956.76
15284039;2183434221;Suspension de garanties;2022-12-16;2022-12-22;393.75
15284039;2183434221;Annonce du contentieux;2022-12-23;2023-01-08;393.75
14222237;2031748221;Annonce du contentieux;2023-02-24;2023-05-11;631.89
14222237;2031748221;Suspension de garanties;2023-02-17;2023-02-23;631.89
14222237;2031748221;Mise en demeure;2023-01-13;2023-02-16;631.89
10652636;15218052210;2ème Impayé;2022-12-15;2023-01-04;721.74
14664392;2094913224;2ème Impayé;2022-12-14;2023-01-12;277.13
14664392;2094913224;Suspension de garanties;2023-02-17;2023-02-28;92.13
14664392;2094913224;Mise en demeure;2023-01-13;2023-02-16;292.13
14665946;2095135222;Suspension de garanties;2022-12-02;2022-12-07;412.44
5916338;8451912235;Suspension de garanties;2023-02-17;2023-02-23;775.78
5916338;8451912235;Annonce du contentieux;2023-02-24;2023-06-07;775.78
5916338;8451912235;Mise en demeure;2023-01-13;2023-02-16;775.78
5195065;7421522226;2ème Impayé;2022-12-08;2022-12-21;827.03
5916338;8451912235;2ème Impayé;2022-12-08;2023-01-12;282.22
7742498;1106071221;2ème Impayé;2022-12-08;2022-12-20;332.88
8689311;1241330221;2ème Impayé;2022-12-08;2023-01-12;207.16
8689311;1241330221;Mise en demeure;2023-01-13;2023-02-08;562.27
10643606;1520515228;2ème Impayé;2022-12-08;2022-12-09;403.38
9801751;1400250227;2ème Impayé;2022-12-11;2022-12-18;465.37
10974391;1567770226;2ème Impayé;2022-12-08;2022-12-20;321.82
11464573;1637796222;2ème Impayé;2022-12-12;2023-01-12;833.96
11464573;1637796222;Suspension de garanties;2023-02-17;2023-02-23;534.48
11464573;1637796222;Mise en demeure;2023-01-13;2023-02-16;848.96
12194750;1742107222;Suspension de garanties;2022-12-16;2022-12-25;15.8
12742878;1820411221;2ème Impayé;2022-12-08;2023-01-12;195.94
12742878;1820411221;Mise en demeure;2023-01-13;2023-02-06;529.48
4867535;6953622260;2ème Impayé;2023-01-11;2023-01-26;1172.58
4867535;6953622260;Mise en demeure;2023-01-27;2023-05-01;1187.58
4867535;6953622260;Suspension de garanties;2023-05-02;2023-05-16;1856.16
8086499;1155214221;Mise en demeure;2023-01-13;2023-01-24;390.32
13364240;1909177221;2ème Impayé;2022-12-08;2022-12-26;108.96
13471277;1924468223;Annonce du contentieux;2023-02-24;2023-04-17;143.68
13471277;1924468223;Suspension de garanties;2023-02-17;2023-02-23;143.68
13471277;1924468223;2ème Impayé;2022-12-08;2023-01-12;49.72
13471277;1924468223;Mise en demeure;2023-01-13;2023-02-16;143.68
13590046;1941435221;2ème Impayé;2022-12-08;2023-01-12;155.8
13590046;1941435221;Mise en demeure;2023-01-13;2023-01-22;415.0
13803847;1971978224;2ème Impayé;2022-12-08;2023-01-12;77.85
13803847;1971978224;Mise en demeure;2023-01-13;2023-01-29;286.87
11779727;1682818228;Suspension de garanties;2022-12-02;2023-01-04;290.79
13869864;1981409224;Annonce du contentieux;2023-02-24;2023-03-01;2127.56
13869864;1981409224;Suspension de garanties;2023-02-17;2023-02-23;2127.56
13869864;1981409224;2ème Impayé;2022-12-08;2023-01-12;788.85
13869864;1981409224;Mise en demeure;2023-01-13;2023-02-16;2127.56
13935125;1990732223;2ème Impayé;2022-12-08;2023-01-12;204.08
13935125;1990732223;Mise en demeure;2023-01-13;2023-01-24;549.89
14309933;2044276222;2ème Impayé;2022-12-08;2022-12-13;44.61
14364372;2052053225;2ème Impayé;2022-12-08;2023-01-03;126.7
14428821;2061260221;2ème Impayé;2022-12-08;2023-02-24;140.64
14529691;2075670226;Suspension de garanties;2022-12-02;2022-12-04;65.75
14470821;2067260223;2ème Impayé;2022-12-08;2022-12-09;146.36
14586860;2083837223;2ème Impayé;2022-12-08;2023-01-10;372.18
14614069;2087724222;2ème Impayé;2022-12-08;2022-12-13;135.26
14736667;2105238221;Mise en demeure;2023-01-13;2023-01-30;416.63
14816299;2116614221;2ème Impayé;2022-12-11;2022-12-16;746.4
15244846;2177835221;Annonce du contentieux;2022-12-09;2022-12-20;442.62
15244846;2177835221;Suspension de garanties;2022-12-02;2022-12-08;442.62
14770113;2110016223;2ème Impayé;2023-01-09;2023-01-23;452.67
14898437;2128348222;2ème Impayé;2023-01-09;2023-01-25;114.66
15117292;2159613222;2ème Impayé;2023-01-05;2023-01-19;377.43
15117292;2159613222;Mise en demeure;2023-01-20;2023-01-22;392.43
15122409;2160344222;2ème Impayé;2023-01-05;2023-01-19;496.69
15122409;2160344222;Mise en demeure;2023-01-20;2023-01-22;511.69
14885270;2126467221;2ème Impayé;2022-12-08;2022-12-09;210.05
14937854;2133979221;2ème Impayé;2022-12-08;2023-01-11;153.44
14957286;2136755223;2ème Impayé;2022-12-08;2023-02-10;61.44
15006132;2143733221;2ème Impayé;2022-12-08;2023-01-12;228.62
15006132;2143733221;Mise en demeure;2023-01-13;2023-01-30;621.05
15035791;2147970222;Suspension de garanties;2023-02-17;2023-02-23;342.36
15035791;2147970222;2ème Impayé;2022-12-08;2023-01-12;123.54
15035791;2147970222;Mise en demeure;2023-01-13;2023-02-16;342.36
10144674;1449239229;Mise en demeure;2023-01-13;2023-02-13;572.31
14644596;2092085223;Suspension de garanties;2022-12-02;2022-12-06;266.2
15050659;2150094222;2ème Impayé;2022-12-08;2023-01-05;112.88
15077476;2153925221;Mise en demeure;2023-02-17;2023-03-14;481.87
15077476;2153925221;2ème Impayé;2022-12-08;2023-02-16;265.82
15079660;2154237222;2ème Impayé;2022-12-08;2023-01-05;88.3
15090776;2155825221;2ème Impayé;2022-12-08;2022-12-29;139.0
15174762;2167823221;2ème Impayé;2022-12-22;;257.0
13869269;1981324223;Mise en demeure;2023-01-13;2023-02-08;551.04
15277704;2182529221;2ème Impayé;2022-12-08;2022-12-22;121.44
15320278;2188611221;Annonce du contentieux;2023-03-03;2023-03-09;246.27
15320278;2188611221;Suspension de garanties;2023-02-24;2023-03-02;246.27
15320278;2188611221;2ème Impayé;2022-12-08;2023-01-19;200.4
15320278;2188611221;Mise en demeure;2023-01-20;2023-02-23;546.27
14770925;2110132221;Suspension de garanties;2022-12-09;2022-12-15;937.2
14770925;2110132221;Annonce du contentieux;2022-12-16;2023-01-11;937.2
12446890;1778127221;1er Impayé;2022-12-08;2022-12-18;140.99
12613805;1801972222;1er Impayé;2022-12-08;2023-01-03;71.29
12650499;1807214221;1er Impayé;2022-12-08;2023-01-03;50.0
12725749;1817964224;1er Impayé;2022-12-08;2023-01-03;83.49
12726736;1818105222;Mise en demeure;2023-02-03;2023-03-09;1034.97
12726736;1818105222;Annonce du contentieux;2023-03-17;2023-08-09;536.19
12726736;1818105222;1er Impayé;2022-12-08;2023-01-03;238.2
12726736;1818105222;2ème Impayé;2023-01-09;2023-02-02;1019.97
12726736;1818105222;Suspension de garanties;2023-03-10;2023-03-16;536.19
12788287;1826898224;1er Impayé;2022-12-08;2023-01-03;143.2
12799732;1828533221;1er Impayé;2022-12-08;2023-01-03;93.0
13074531;1867790226;Suspension de garanties;2023-02-17;2023-03-07;150.27
13074531;1867790226;1er Impayé;2022-12-08;2023-01-12;67.24
13074531;1867790226;Mise en demeure;2023-01-13;2023-02-16;356.27
13082315;1868902221;1er Impayé;2022-12-08;2023-01-03;65.67
13195911;1885130221;1er Impayé;2022-12-08;2023-01-05;82.66
13258428;1894061221;1er Impayé;2022-12-08;2023-01-03;101.72
13278896;1896985221;1er Impayé;2022-12-08;2023-01-03;84.91
13295416;1899345221;1er Impayé;2022-12-08;2022-12-09;80.49
13343219;1906174226;1er Impayé;2022-12-08;2022-12-22;163.22
13339509;1905644222;1er Impayé;2022-12-08;2023-01-03;69.56
13365773;1909396223;1er Impayé;2022-12-08;2023-01-03;146.47
13370617;1910088223;1er Impayé;2022-12-08;2023-01-03;120.53
13394214;1913459221;1er Impayé;2022-12-08;2022-12-09;144.92
13394214;1913459221;2ème Impayé;2023-01-09;2023-01-26;464.94
13394214;1913459221;Mise en demeure;2023-01-27;2023-02-06;479.94
15092029;2156004221;1er Impayé;2022-12-19;2022-12-21;312.26
15387821;2198260221;1er Impayé;2022-12-19;2022-12-23;228.02
15387821;2198260221;2ème Impayé;2023-02-09;2023-03-07;144.68
13447491;1921070221;1er Impayé;2022-12-08;2023-01-03;123.43
13447491;1921070221;Mise en demeure;2023-01-27;2023-03-09;545.98
13447491;1921070221;2ème Impayé;2023-01-09;2023-01-26;530.98
13454022;1922003224;1er Impayé;2022-12-08;2023-01-03;49.47
13475120;1925017221;1er Impayé;2022-12-08;2023-01-03;76.73
13486397;1926628221;1er Impayé;2022-12-08;2023-01-03;58.39
13495532;1927933221;1er Impayé;2022-12-08;2023-01-03;137.66
13495532;1927933221;2ème Impayé;2023-01-09;2023-01-26;303.22
13495532;1927933221;Mise en demeure;2023-01-27;2023-02-01;318.22
13498108;1928301223;1er Impayé;2022-12-08;2023-01-03;158.64
13498108;1928301223;Mise en demeure;2023-01-27;2023-02-08;688.5
13498108;1928301223;2ème Impayé;2023-01-09;2023-01-26;673.5
13540577;1934368223;Suspension de garanties;2023-03-03;2023-03-09;23.96
13540577;1934368223;1er Impayé;2022-12-08;2023-01-03;89.03
13540577;1934368223;Mise en demeure;2023-01-27;2023-03-02;210.96
13540577;1934368223;2ème Impayé;2023-01-09;2023-01-26;382.97
13540577;1934368223;Annonce du contentieux;2023-03-10;2023-03-27;23.96
13600553;1942936223;1er Impayé;2022-12-08;2023-01-03;105.84
13796826;1970975223;1er Impayé;2022-12-08;2022-12-09;146.56
13913838;1987691221;1er Impayé;2022-12-08;2023-01-03;72.44
13947046;1992435222;1er Impayé;2022-12-08;2023-01-03;60.52
13969852;1995693221;1er Impayé;2022-12-08;2023-01-03;50.77
14085037;2012148222;1er Impayé;2022-12-08;2023-01-03;36.99
14347740;2049677223;1er Impayé;2022-12-08;2023-01-03;57.66
14352423;2050346221;1er Impayé;2022-12-08;2023-01-03;61.3
14367431;2052490221;1er Impayé;2022-12-08;2023-01-03;61.36
14380892;2054413221;1er Impayé;2022-12-08;2023-01-03;84.6
14445166;2063595222;1er Impayé;2022-12-08;2023-01-03;102.44
14449212;2064173221;1er Impayé;2022-12-08;2022-12-09;70.53
14478346;2068335225;Suspension de garanties;2023-03-03;2023-03-09;312.69
14478346;2068335225;1er Impayé;2022-12-08;2023-01-03;150.53
14478346;2068335225;2ème Impayé;2023-01-09;2023-01-26;647.69
14478346;2068335225;Mise en demeure;2023-01-27;2023-03-02;662.69
14478346;2068335225;Annonce du contentieux;2023-03-10;2023-04-03;312.69
14501327;2071618222;1er Impayé;2022-12-08;2022-12-10;84.62
14552861;2078980221;1er Impayé;2022-12-08;2023-01-03;59.94
14560540;2080077222;1er Impayé;2022-12-08;2023-01-03;77.99
14567596;2081085222;1er Impayé;2022-12-08;2023-01-03;25.98
14578719;2082674221;1er Impayé;2022-12-08;2022-12-11;58.28
14581974;2083139221;1er Impayé;2022-12-08;2023-01-05;71.45
14636539;2090934221;1er Impayé;2022-12-08;2022-12-11;249.41
14660990;2094427221;1er Impayé;2022-12-08;2022-12-10;21.76
14698517;2099788223;1er Impayé;2022-12-08;2023-01-03;83.08
14736499;2105214221;1er Impayé;2022-12-08;2023-01-03;91.19
14743177;2106168222;1er Impayé;2022-12-08;2023-01-03;90.81
9113322;1301903223;Annonce du contentieux;2022-12-09;2023-01-30;1648.94
9113322;1301903223;Suspension de garanties;2022-12-02;2022-12-08;1648.94
10719640;1531377222;En recouvrement;2023-04-05;;1943.08
10719640;1531377222;Suspension de garanties;2023-02-17;2023-02-23;687.55
10719640;1531377222;Annonce du contentieux;2023-02-24;2023-04-04;687.55
10719640;1531377222;2ème Impayé;2022-12-07;2023-01-12;254.04
10719640;1531377222;Mise en demeure;2023-01-13;2023-02-16;687.55
10915822;1559403222;2ème Impayé;2023-01-11;2023-01-20;458.76
13572686;1938955225;Suspension de garanties;2023-03-03;2023-03-09;1091.78
13572686;1938955225;2ème Impayé;2022-12-12;2023-01-12;1076.78
13572686;1938955225;Mise en demeure;2023-01-13;2023-03-02;1091.78
13572686;1938955225;Annonce du contentieux;2023-03-10;2023-03-10;1091.78
14830453;2118636221;1er Impayé;2022-12-08;2022-12-09;148.39
14856626;2122375222;1er Impayé;2022-12-08;2022-12-16;88.97
14859727;2122818221;1er Impayé;2022-12-08;2023-01-03;38.36
14864634;2123519221;1er Impayé;2022-12-08;2022-12-16;80.37
14865180;2123597223;1er Impayé;2022-12-08;2022-12-16;188.99
14869233;2124176221;1er Impayé;2022-12-08;2022-12-09;77.02
14876219;2125174221;1er Impayé;2022-12-08;2022-12-16;124.45
14896316;2128045221;1er Impayé;2022-12-08;2022-12-16;77.97
14908755;2129822221;1er Impayé;2022-12-08;2022-12-16;77.46
14909133;2129876222;1er Impayé;2022-12-08;2022-12-16;68.12
14962347;2137478221;1er Impayé;2022-12-08;2022-12-09;64.98
14971720;2138817224;1er Impayé;2022-12-08;2023-01-03;67.56
14976312;2139473223;1er Impayé;2022-12-08;2022-12-16;58.24
14985265;2140752221;1er Impayé;2022-12-08;2022-12-16;30.79
14987008;2141001222;2ème Impayé;2023-01-10;2023-01-26;292.77
14987008;2141001222;1er Impayé;2022-12-08;2022-12-16;70.44
14987008;2141001222;Mise en demeure;2023-01-27;2023-02-02;307.77
14989969;2141424221;1er Impayé;2022-12-08;2022-12-16;37.54
15007553;2143936223;1er Impayé;2022-12-08;2023-01-05;106.59
15010647;2144378221;1er Impayé;2022-12-08;2023-01-03;115.26
15032501;2147500221;1er Impayé;2022-12-08;2022-12-16;110.84
15032501;2147500221;2ème Impayé;2023-01-09;2023-02-14;471.86
15033138;2147591222;1er Impayé;2022-12-08;2022-12-16;78.68
15039053;2148436221;1er Impayé;2022-12-08;2022-12-16;153.35
15052339;2150334221;1er Impayé;2022-12-08;2022-12-16;103.68
15075089;2153584221;1er Impayé;2022-12-08;2022-12-16;85.91
15080493;2154356221;1er Impayé;2022-12-08;2022-12-16;74.13
15082019;2154574221;2ème Impayé;2023-01-11;2023-01-26;326.47
15082019;2154574221;Suspension de garanties;2023-03-03;2023-03-09;341.47
15082019;2154574221;1er Impayé;2022-12-08;2022-12-16;75.91
15082019;2154574221;Mise en demeure;2023-01-27;2023-03-02;341.47
15082019;2154574221;Annonce du contentieux;2023-03-10;2023-03-15;341.47
15089845;2155692221;1er Impayé;2022-12-08;2022-12-16;139.85
15090356;2155765222;1er Impayé;2022-12-08;2022-12-16;37.95
15093520;2156217221;1er Impayé;2022-12-08;2022-12-09;108.75
15165508;2166501222;2ème Impayé;2022-12-18;2022-12-23;234.86
13018972;1859853223;Annonce du contentieux;2022-12-09;2023-01-16;212.44
13018972;1859853223;Suspension de garanties;2022-12-02;2022-12-08;212.44
13987177;1998168221;2ème Impayé;2022-12-12;2023-01-12;268.46
13987177;1998168221;Annonce du contentieux;2023-02-24;2023-06-05;283.46
13987177;1998168221;Suspension de garanties;2023-02-17;2023-02-23;283.46
13987177;1998168221;Mise en demeure;2023-01-13;2023-02-16;283.46
13987177;1998168221;En recouvrement;2023-06-06;;767.12
14881903;2125986221;2ème Impayé;2022-12-08;2023-01-12;157.5
14881903;2125986221;Mise en demeure;2023-01-13;2023-02-06;425.85
15117068;2159581223;Suspension de garanties;2023-02-17;2023-02-23;379.95
15117068;2159581223;Annonce du contentieux;2023-02-24;2023-03-06;379.95
15117068;2159581223;1er Impayé;2022-12-08;2023-01-12;84.87
15117068;2159581223;Mise en demeure;2023-01-13;2023-02-16;379.95
15124005;2160572221;1er Impayé;2022-12-08;2022-12-16;72.62
15158746;2165535221;1er Impayé;2022-12-08;2022-12-16;134.96
15162442;2166063221;1er Impayé;2022-12-08;2022-12-09;64.86
15206689;2172384221;1er Impayé;2022-12-08;2022-12-16;70.15
15206689;2172384221;Mise en demeure;2023-01-27;2023-02-07;306.19
15206689;2172384221;2ème Impayé;2023-01-09;2023-01-26;291.19
15209916;2172845221;1er Impayé;2022-12-08;2022-12-16;174.39
15212821;2173260221;1er Impayé;2022-12-08;2022-12-16;76.1
15223622;2174803221;1er Impayé;2022-12-08;2022-12-16;60.1
15224231;2174890221;1er Impayé;2022-12-08;2022-12-16;66.51
15232708;2176101221;1er Impayé;2022-12-08;2022-12-09;92.61
15232911;2176130221;1er Impayé;2022-12-08;2022-12-16;160.74
15232911;2176130221;2ème Impayé;2023-01-09;2023-01-26;680.46
15232911;2176130221;Mise en demeure;2023-01-27;2023-02-01;695.46
15234227;2176318222;1er Impayé;2022-12-08;2022-12-16;77.59
15234227;2176318222;Mise en demeure;2023-01-27;2023-02-26;345.91
15234227;2176318222;2ème Impayé;2023-01-09;2023-01-26;330.91
15244832;2177833221;1er Impayé;2022-12-08;2022-12-16;92.71
12050382;1721483222;Annonce du contentieux;2022-12-02;2022-12-28;440.64
14383650;2054807221;Annonce du contentieux;2022-12-02;2023-01-04;368.28
15377846;2196835221;2ème Impayé;2022-12-12;2022-12-16;321.58
13506760;1929537221;Annonce du contentieux;2022-12-09;2023-02-21;1053.24
13506760;1929537221;Suspension de garanties;2022-12-02;2022-12-08;1053.24
8248122;1178303224;1er Impayé;2022-12-12;2023-01-03;135.15
10746030;1535147221;1er Impayé;2022-12-12;2023-01-03;413.23
11252557;16075082213;1er Impayé;2022-12-12;2023-01-03;513.96
11733177;1676168221;1er Impayé;2022-12-12;2023-01-03;164.44
15315273;2187896221;2ème Impayé;2023-01-11;2023-01-26;413.3
15315273;2187896221;Mise en demeure;2023-01-27;2023-02-16;347.5
5330438;761491228;Suspension de garanties;2023-02-17;2023-02-23;2006.17
5330438;761491228;Annonce du contentieux;2023-02-24;2023-02-28;2006.17
5330438;761491228;1er Impayé;2022-12-06;2023-01-12;473.41
5330438;761491228;Mise en demeure;2023-01-13;2023-02-16;2006.17
8012600;1144657222;1er Impayé;2022-12-06;2023-01-03;517.36
10691941;1527420221;1er Impayé;2022-12-06;2022-12-20;106.82
10992262;1570323221;1er Impayé;2022-12-06;2023-01-03;134.63
11416021;1630860223;1er Impayé;2022-12-06;2023-01-12;104.63
11416021;1630860223;Mise en demeure;2023-01-13;2023-02-09;463.85
11731028;1675861224;Suspension de garanties;2023-02-17;2023-02-22;350.37
11731028;1675861224;1er Impayé;2022-12-06;2023-01-12;78.0
11731028;1675861224;Mise en demeure;2023-01-13;2023-02-16;350.37
12006597;1715228224;1er Impayé;2022-12-06;2022-12-11;144.51
12179119;1739874221;Suspension de garanties;2023-02-17;2023-02-23;747.91
12179119;1739874221;Annonce du contentieux;2023-02-24;2023-03-27;747.91
12179119;1739874221;1er Impayé;2022-12-06;2023-01-12;170.32
12179119;1739874221;Mise en demeure;2023-01-13;2023-02-16;747.91
15244867;2177838221;1er Impayé;2022-12-08;2022-12-16;137.65
15253246;2179035221;1er Impayé;2022-12-08;2022-12-16;56.71
15257754;2179679221;1er Impayé;2022-12-08;2022-12-16;104.62
15262808;2180401221;1er Impayé;2022-12-08;2022-12-12;122.92
15273357;2181908222;1er Impayé;2022-12-08;2023-01-03;159.91
15273357;2181908222;Mise en demeure;2023-01-27;2023-03-02;664.39
15273357;2181908222;2ème Impayé;2023-01-09;2023-01-26;649.39
15288022;2184003221;1er Impayé;2022-12-08;2022-12-16;139.35
15290997;2184428221;1er Impayé;2022-12-08;2022-12-16;68.64
15302883;2186126221;1er Impayé;2022-12-08;2022-12-16;123.58
15311899;2187414222;1er Impayé;2022-12-08;2023-01-03;107.78
15315252;2187893221;1er Impayé;2022-12-08;2022-12-16;110.91
15317352;2188193221;1er Impayé;2022-12-08;2023-01-03;35.23
15322210;2188887221;1er Impayé;2022-12-08;2022-12-09;138.22
15366520;2195217221;2ème Impayé;2023-01-11;2023-01-26;228.46
15366520;2195217221;1er Impayé;2022-12-08;2022-12-16;53.92
15366520;2195217221;Mise en demeure;2023-01-27;2023-01-29;243.46
15372834;2196119221;1er Impayé;2022-12-08;2022-12-16;116.58
15376376;2196625221;1er Impayé;2022-12-08;2022-12-16;86.13
15377580;2196797221;1er Impayé;2022-12-08;2022-12-16;73.38
5661699;808814221;1er Impayé;2022-12-14;2022-12-20;2871.26
9254575;1322082223;1er Impayé;2022-12-14;2023-01-05;237.17
10364187;1480598224;1er Impayé;2022-12-14;2023-01-05;150.68
10731540;1533077226;1er Impayé;2022-12-14;2023-01-05;377.54
12299071;1757010221;1er Impayé;2022-12-12;2022-12-16;745.32
13031817;1861688221;1er Impayé;2022-12-12;2023-01-03;172.17
13371317;1910188225;1er Impayé;2022-12-12;2023-01-03;276.74
13488658;1926951221;1er Impayé;2022-12-12;2023-01-12;251.76
13488658;1926951221;Mise en demeure;2023-01-13;2023-01-27;266.76
13599979;1942854221;1er Impayé;2022-12-12;2022-12-20;329.0
13793753;1970536221;1er Impayé;2022-12-12;2023-01-03;225.12
13946003;1992286222;1er Impayé;2022-12-12;2023-01-03;86.59
14210302;2030043221;1er Impayé;2022-12-12;2023-01-05;278.46
14369811;2052830225;1er Impayé;2022-12-12;2022-12-16;177.62
14369811;2052830225;Mise en demeure;2023-02-24;2023-03-12;201.08
14369811;2052830225;2ème Impayé;2023-02-09;2023-02-23;186.08
14722030;2103147221;1er Impayé;2022-12-12;2023-01-03;161.21
14736751;2105250221;1er Impayé;2022-12-12;2023-01-03;167.64
14791505;2113072221;1er Impayé;2022-12-12;2022-12-16;151.18
14898304;2128329222;2ème Impayé;2023-01-11;2023-01-26;968.67
14898304;2128329222;Suspension de garanties;2023-03-03;2023-03-09;983.67
14898304;2128329222;1er Impayé;2022-12-12;2022-12-16;475.95
14898304;2128329222;Mise en demeure;2023-01-27;2023-03-02;983.67
14898304;2128329222;Annonce du contentieux;2023-03-10;2023-03-27;983.67
14967835;2138262222;1er Impayé;2022-12-12;2023-01-03;237.52
14998341;2142620222;1er Impayé;2022-12-12;2022-12-16;105.98
15038353;2148336221;1er Impayé;2022-12-12;2022-12-16;206.76
12416853;1773836221;Suspension de garanties;2023-02-17;2023-02-23;295.11
12416853;1773836221;En recouvrement;2023-04-05;2023-06-07;937.44
12416853;1773836221;Annonce du contentieux;2023-02-24;2023-04-04;295.11
12416853;1773836221;1er Impayé;2022-12-06;2023-01-12;66.0
12416853;1773836221;Mise en demeure;2023-01-13;2023-02-16;295.11
12844049;1834864226;1er Impayé;2022-12-06;2022-12-09;15.0
14985867;2140838221;1er Impayé;2022-12-06;2022-12-13;134.23
11660741;1665820222;1er Impayé;2022-12-14;2023-01-05;172.67
12062436;1723205225;1er Impayé;2022-12-14;2023-01-05;74.94
12419002;1774143226;1er Impayé;2022-12-14;2023-01-05;163.5
12905341;1843620226;1er Impayé;2022-12-14;2023-01-05;270.7
12905341;1843620226;2ème Impayé;2023-01-12;2023-01-26;554.4
12905341;1843620226;Mise en demeure;2023-01-27;2023-02-12;298.7
12972639;1853234223;1er Impayé;2022-12-14;2023-01-05;129.34
12972639;1853234223;Suspension de garanties;2023-03-03;2023-03-09;278.7
12972639;1853234223;2ème Impayé;2023-01-12;2023-01-26;263.7
12972639;1853234223;Mise en demeure;2023-01-27;2023-03-02;278.7
12972639;1853234223;Annonce du contentieux;2023-03-10;2023-06-05;278.7
12972639;1853234223;En recouvrement;2023-06-06;2023-08-17;883.32
13012294;1858899225;1er Impayé;2022-12-14;2023-01-05;143.29
13093200;1870457224;1er Impayé;2022-12-14;2023-01-05;293.75
13093200;1870457224;2ème Impayé;2023-01-12;2023-01-26;599.67
13093200;1870457224;Mise en demeure;2023-01-27;2023-02-14;614.67
13113710;1873387221;1er Impayé;2022-12-14;2023-01-05;179.71
13134248;1876321224;1er Impayé;2022-12-14;2022-12-15;197.18
13471466;1924495222;1er Impayé;2022-12-14;2023-01-05;130.44
13869843;1981406223;1er Impayé;2022-12-14;2023-01-05;262.64
13935699;1990814221;1er Impayé;2022-12-14;2023-01-05;198.86
13935699;1990814221;Suspension de garanties;2023-03-03;2023-03-09;119.18
13935699;1990814221;2ème Impayé;2023-01-12;2023-01-26;407.22
13935699;1990814221;Annonce du contentieux;2023-03-10;2023-04-03;119.18
13935699;1990814221;Mise en demeure;2023-01-27;2023-03-02;223.36
11972654;17103792214;2ème Impayé;2022-12-22;2023-03-09;340.55
11972654;17103792214;Mise en demeure;2023-03-10;2023-05-18;594.49
11972654;17103792214;Annonce du contentieux;2023-05-26;2023-05-31;635.9
11972654;17103792214;Suspension de garanties;2023-05-19;2023-05-25;635.9
15089866;2155695222;1er Impayé;2022-12-12;2023-01-03;204.47
15098875;2156982221;1er Impayé;2022-12-12;2022-12-16;200.35
15129080;2161297221;1er Impayé;2022-12-12;2022-12-16;705.08
15130130;2161447221;1er Impayé;2022-12-12;2022-12-16;213.02
15210371;2172910221;1er Impayé;2022-12-12;2022-12-16;119.6
15264208;2180601221;1er Impayé;2022-12-12;2022-12-16;210.47
15280623;2182946221;1er Impayé;2022-12-12;2022-12-16;624.92
15290640;2184377221;1er Impayé;2022-12-12;2022-12-16;212.04
15315455;2187922221;1er Impayé;2022-12-12;2022-12-16;611.49
15318059;2188294221;1er Impayé;2022-12-12;2022-12-16;182.52
15319585;2188512221;1er Impayé;2022-12-12;2022-12-16;1145.95
15325591;2189370221;1er Impayé;2022-12-12;2022-12-16;716.73
15400211;2200030221;1er Impayé;2022-12-12;2022-12-16;875.17
15121513;2160216221;1er Impayé;2022-12-06;2023-01-12;65.51
15121513;2160216221;Mise en demeure;2023-01-13;2023-02-07;287.3
15379008;2197001222;1er Impayé;2022-12-06;2022-12-08;117.09
14157977;2022568224;1er Impayé;2022-12-14;2022-12-25;164.4
14159678;2022811223;1er Impayé;2022-12-14;2023-01-05;202.01
14390727;2055818221;1er Impayé;2022-12-14;2023-01-05;137.08
14423746;2060535221;1er Impayé;2022-12-14;2023-01-05;262.89
14430879;2061554221;1er Impayé;2022-12-14;2023-01-05;282.52
14488916;2069845221;1er Impayé;2022-12-14;2023-01-05;145.1
14508453;2072636221;1er Impayé;2022-12-14;2023-01-05;133.41
14594581;2084940221;1er Impayé;2022-12-14;2023-01-05;109.48
14716094;2102299221;1er Impayé;2022-12-14;2023-01-05;133.17
14813709;2116244223;1er Impayé;2022-12-14;2023-01-05;295.5
15023730;2146247223;1er Impayé;2022-12-14;2023-01-12;643.92
15023730;2146247223;Annonce du contentieux;2023-02-24;2023-03-12;658.92
15023730;2146247223;Suspension de garanties;2023-02-17;2023-02-23;658.92
15023730;2146247223;Mise en demeure;2023-01-13;2023-02-16;658.92
15029001;2147000223;1er Impayé;2022-12-14;2022-12-16;98.34
15058415;2151202221;1er Impayé;2022-12-14;2022-12-16;122.73
15062482;2151783221;1er Impayé;2022-12-14;2023-01-05;124.33
15086149;2155164223;1er Impayé;2022-12-14;2022-12-16;190.68
15114086;2159155221;1er Impayé;2022-12-14;2022-12-16;91.0
15135233;2162176221;1er Impayé;2022-12-14;2022-12-16;127.84
15133133;2161876221;En recouvrement;2023-02-20;;343.95
12855081;1836440221;2ème Impayé;2023-01-11;2023-01-26;450.0
12855081;1836440221;1er Impayé;2022-12-15;2023-01-05;220.16
12855081;1836440221;Mise en demeure;2023-01-27;2023-02-24;465.0
13538834;1934119223;1er Impayé;2022-12-15;2023-01-05;161.54
13561472;1937353223;Mise en demeure;2023-02-10;2023-03-16;470.5
13561472;1937353223;1er Impayé;2022-12-15;2023-01-15;224.58
13561472;1937353223;2ème Impayé;2023-01-24;2023-02-09;455.5
13561472;1937353223;Suspension de garanties;2023-03-17;2023-03-23;310.12
13561472;1937353223;Annonce du contentieux;2023-03-24;2023-04-18;310.12
14247976;2035425222;1er Impayé;2022-12-15;2023-01-23;366.49
14247976;2035425222;2ème Impayé;2023-01-23;2023-04-05;366.49
14274814;2039259223;1er Impayé;2022-12-15;2023-01-05;339.55
14875435;2125062221;1er Impayé;2022-12-15;2023-01-05;129.06
15089642;2155663222;1er Impayé;2022-12-15;2023-01-05;433.0
15089642;2155663222;2ème Impayé;2023-01-15;2023-02-02;879.82
15089642;2155663222;Mise en demeure;2023-02-03;2023-02-12;894.82
15142541;2163220221;1er Impayé;2022-12-15;2022-12-16;114.6
15393351;2199050221;1er Impayé;2022-12-15;2022-12-16;170.57
15423661;2203380221;1er Impayé;2022-12-15;2022-12-16;434.84
15428757;2204108221;1er Impayé;2022-12-15;2022-12-16;243.0
15435190;2205027221;1er Impayé;2022-12-15;2022-12-16;153.49
15460341;2208620221;1er Impayé;2022-12-15;2022-12-16;122.01
15460341;2208620221;2ème Impayé;2023-01-09;2023-02-07;234.95
15441175;2205882221;1er Impayé;2022-12-12;2022-12-16;261.76
15443625;2206232221;2ème Impayé;2023-02-12;2023-02-22;171.18
15443625;2206232221;1er Impayé;2022-12-12;2022-12-15;358.78
15142954;2163279221;1er Impayé;2022-12-14;2022-12-16;103.49
15142954;2163279221;2ème Impayé;2023-01-12;2023-01-26;211.87
15142954;2163279221;Mise en demeure;2023-01-27;2023-02-28;226.87
15208901;2172700221;1er Impayé;2022-12-14;2022-12-16;148.76
15245497;2177928222;1er Impayé;2022-12-14;2022-12-16;102.88
15252819;2178974222;1er Impayé;2022-12-14;2023-01-03;482.18
15284123;2183446221;1er Impayé;2022-12-14;2022-12-16;109.51
15287749;2183964221;1er Impayé;2022-12-14;2023-01-05;149.16
15288323;2184046221;1er Impayé;2022-12-14;2022-12-16;266.93
15300006;2185715221;1er Impayé;2022-12-14;2023-01-05;318.2
15323568;2189081221;1er Impayé;2022-12-14;2022-12-16;589.0
15324079;2189154221;1er Impayé;2022-12-14;2022-12-19;205.57
15325584;2189369221;1er Impayé;2022-12-14;2022-12-16;224.32
15329917;2189988221;1er Impayé;2022-12-14;2022-12-16;340.32
15336042;2190863221;1er Impayé;2022-12-14;2022-12-16;201.32
15361522;2194503221;1er Impayé;2022-12-14;2022-12-16;300.82
15362208;2194601221;1er Impayé;2022-12-14;2022-12-16;537.87
15369635;2195662221;1er Impayé;2022-12-14;2022-12-16;94.72
15369635;2195662221;Mise en demeure;2023-01-27;2023-01-31;259.4
15369635;2195662221;2ème Impayé;2023-01-09;2023-01-26;244.4
15375522;2196503221;1er Impayé;2022-12-14;2022-12-16;260.99
15379932;2197133221;Suspension de garanties;2023-03-03;2023-03-09;435.04
15379932;2197133221;1er Impayé;2022-12-14;2022-12-16;215.46
15379932;2197133221;Mise en demeure;2023-01-27;2023-03-02;435.04
15379932;2197133221;Annonce du contentieux;2023-03-10;2023-03-17;435.04
15379932;2197133221;2ème Impayé;2023-01-09;2023-01-26;420.04
13930127;19900182207;Annonce du contentieux;2023-02-24;2023-03-16;160.54
13930127;19900182207;Suspension de garanties;2023-02-17;2023-02-23;160.54
13930127;19900182207;Mise en demeure;2023-01-13;2023-02-16;162.17
15383740;2197677221;1er Impayé;2022-12-14;2022-12-16;205.78
15383740;2197677221;Suspension de garanties;2023-03-03;2023-03-09;305.98
15383740;2197677221;Mise en demeure;2023-01-27;2023-03-02;415.68
15383740;2197677221;Annonce du contentieux;2023-03-10;2023-03-26;305.98
15383740;2197677221;2ème Impayé;2023-01-09;2023-01-26;400.68
15407806;2201115221;1er Impayé;2022-12-14;2022-12-16;153.67
15423171;2203310221;1er Impayé;2022-12-14;2022-12-16;130.03
15431039;2204434221;1er Impayé;2022-12-14;2022-12-16;136.42
15432061;2204580221;1er Impayé;2022-12-14;2022-12-16;359.31
15432712;2204673221;1er Impayé;2022-12-14;2022-12-16;481.59
15432712;2204673221;2ème Impayé;2023-01-12;2023-01-26;874.05
15432712;2204673221;Mise en demeure;2023-01-27;2023-05-16;889.05
15442099;2206014221;1er Impayé;2022-12-14;2022-12-16;125.6
15444423;2206346221;1er Impayé;2022-12-14;2022-12-16;114.34
15454314;2207759221;1er Impayé;2022-12-14;2022-12-16;138.32
15457681;2208240221;1er Impayé;2022-12-14;2022-12-16;171.3
15457681;2208240221;Suspension de garanties;2023-03-03;2023-03-04;93.1
15457681;2208240221;2ème Impayé;2023-01-12;2023-01-26;158.1
15457681;2208240221;Mise en demeure;2023-01-27;2023-03-02;173.1
13944036;1992005222;1er Impayé;2022-12-18;2023-01-05;151.73
10543268;1506181222;2ème Impayé;2022-12-08;2022-12-19;326.77
14482392;2068913225;2ème Impayé;2022-12-27;2023-01-04;471.15
14933073;2133296221;2ème Impayé;2022-12-11;2022-12-16;183.29
15341390;2191627222;2ème Impayé;2022-12-06;2022-12-09;123.82
15329980;2189997221;2ème Impayé;2022-12-06;2022-12-13;160.06
15378987;2196998221;2ème Impayé;2023-01-19;2023-01-31;159.54
9371146;13387352213;2ème Impayé;2022-12-22;;396.71
11077193;1582456221;2ème Impayé;2022-12-22;;389.55
12359565;1765652223;2ème Impayé;2022-12-22;;224.29
13476562;1925223226;2ème Impayé;2022-12-21;2023-01-02;744.2
13476576;1925225226;2ème Impayé;2022-12-21;2023-01-02;228.73
15074130;2153447223;2ème Impayé;2022-12-22;;306.51
15076055;2153722222;2ème Impayé;2022-12-22;2023-02-16;277.59
15261002;2180143221;2ème Impayé;2022-12-22;;400.77
12414074;1773439222;Mise en demeure;2023-01-20;2023-06-09;642.3
14775006;2110715222;Suspension de garanties;2022-12-02;2022-12-05;42.24
14557992;2079713222;Suspension de garanties;2023-02-17;2023-02-23;106.53
14557992;2079713222;2ème Impayé;2022-12-25;2023-01-12;699.53
14557992;2079713222;Mise en demeure;2023-01-13;2023-02-16;410.53
5086033;7265762222;1er Impayé;2022-12-05;2023-01-03;228.14
11791956;1684565223;1er Impayé;2022-12-11;2022-12-12;460.62
8979874;1282839226;1er Impayé;2022-12-20;2023-01-12;667.63
8979874;1282839226;Suspension de garanties;2023-02-17;2023-02-23;682.63
8979874;1282839226;Annonce du contentieux;2023-02-24;2023-04-02;682.63
8979874;1282839226;Mise en demeure;2023-01-13;2023-02-16;682.63
11291512;1613073225;1er Impayé;2022-12-20;2023-01-02;324.58
14846546;2120935221;1er Impayé;2022-12-20;2022-12-21;199.39
15416409;2202344221;1er Impayé;2022-12-20;2023-01-12;1076.61
15416409;2202344221;Annonce du contentieux;2023-02-24;2023-03-21;1091.61
15416409;2202344221;Suspension de garanties;2023-02-17;2023-02-23;1091.61
15416409;2202344221;Mise en demeure;2023-01-13;2023-02-16;1091.61
15420371;2202910221;1er Impayé;2022-12-29;2022-12-30;323.36
13270559;1895794222;Mise en demeure;2023-01-13;2023-01-22;256.64
13660935;1951562221;Annonce du contentieux;2023-02-24;2023-03-09;386.95
13660935;1951562221;Suspension de garanties;2023-02-17;2023-02-23;386.95
13660935;1951562221;Mise en demeure;2023-01-13;2023-02-16;386.95
14822648;2117521221;2ème Impayé;2023-02-06;2023-02-23;175.46
14822648;2117521221;Mise en demeure;2023-02-24;2023-03-04;102.73
14849780;2121397221;1er Impayé;2022-12-05;2023-01-05;74.68
15088221;2155460221;1er Impayé;2022-12-05;2023-01-05;76.66
15302225;2186032221;1er Impayé;2022-12-05;2022-12-06;224.98
7749008;1107001224;1er Impayé;2022-12-11;2023-01-03;918.91
8837788;1262541221;1er Impayé;2022-12-11;2023-01-09;734.47
9198120;1314017221;1er Impayé;2022-12-11;2022-12-26;412.47
10827167;1546738221;1er Impayé;2022-12-11;2023-01-03;491.36
12551939;1793134225;1er Impayé;2022-12-11;2022-12-12;116.16
12551939;1793134225;Mise en demeure;2023-02-03;2023-03-08;75.38
12551939;1793134225;2ème Impayé;2023-01-08;2023-02-02;181.68
12573296;1796185222;1er Impayé;2022-12-11;2023-01-03;108.21
12700605;1814372221;1er Impayé;2022-12-11;2023-01-03;267.18
12783947;1826278223;1er Impayé;2022-12-11;2022-12-18;516.42
12919453;1845636227;1er Impayé;2022-12-11;2023-01-03;200.82
13145588;1877941225;1er Impayé;2022-12-11;2023-01-03;300.1
13145588;1877941225;Mise en demeure;2023-01-27;2023-02-15;627.62
13145588;1877941225;2ème Impayé;2023-01-09;2023-01-26;612.62
13313322;1901903221;1er Impayé;2022-12-11;2023-01-03;91.65
13313322;1901903221;2ème Impayé;2023-01-08;2023-01-26;187.19
13313322;1901903221;Mise en demeure;2023-01-27;2023-02-07;202.19
13436718;1919531223;1er Impayé;2022-12-11;2023-01-03;412.36
13530980;1932997222;1er Impayé;2022-12-11;2023-01-03;180.47
14306342;2043763223;1er Impayé;2022-12-11;2022-12-15;137.71
15210231;2172890221;Mise en demeure;2023-02-03;2023-03-03;310.1
12949252;1849893221;2ème Impayé;2022-12-12;2023-01-12;389.11
12949252;1849893221;Annonce du contentieux;2023-02-24;2023-03-01;404.11
12949252;1849893221;Suspension de garanties;2023-02-17;2023-02-23;404.11
12949252;1849893221;Mise en demeure;2023-01-13;2023-02-16;404.11
15090279;2155754221;Annonce du contentieux;2022-12-02;2022-12-07;277.28
14524749;2074964221;1er Impayé;2022-12-11;2023-01-15;127.87
14555717;2079388221;1er Impayé;2022-12-11;2023-01-03;121.44
14555717;2079388221;2ème Impayé;2023-01-12;2023-01-26;248.08
14555717;2079388221;Mise en demeure;2023-01-27;2023-02-20;263.08
14932429;2133204221;1er Impayé;2022-12-11;2023-01-03;185.42
14981261;2140180221;1er Impayé;2022-12-11;2023-01-03;134.81
14981261;2140180221;2ème Impayé;2023-01-11;2023-03-02;275.41
14992153;2141736221;1er Impayé;2022-12-11;2022-12-16;259.4
14992874;2141839222;1er Impayé;2022-12-11;2023-01-09;271.64
15047782;2149683221;1er Impayé;2022-12-11;2022-12-12;134.0
15090048;2155721222;1er Impayé;2022-12-11;2022-12-16;314.27
15090048;2155721222;2ème Impayé;2023-01-09;2023-01-18;643.69
15109221;2158460221;1er Impayé;2022-12-11;2022-12-22;558.04
15134372;2162053221;1er Impayé;2022-12-11;2022-12-16;209.17
15236376;2176625221;1er Impayé;2022-12-11;2022-12-16;186.4
15249179;2178454221;1er Impayé;2022-12-11;2022-12-16;99.38
15255808;2179401221;1er Impayé;2022-12-11;2022-12-16;721.4
15296996;2185285221;1er Impayé;2022-12-11;2022-12-16;112.5
15297850;2185407221;1er Impayé;2022-12-11;2023-01-03;242.86
15301896;2185985221;1er Impayé;2022-12-11;2022-12-16;129.75
15301896;2185985221;2ème Impayé;2023-01-11;2023-01-26;265.07
15301896;2185985221;Mise en demeure;2023-01-27;2023-02-03;280.07
15303163;2186166221;1er Impayé;2022-12-11;2023-01-03;237.88
15325934;2189419221;1er Impayé;2022-12-11;2022-12-16;612.68
15376656;2196665221;1er Impayé;2022-12-11;2022-12-15;774.16
15376656;2196665221;Mise en demeure;2023-01-27;2023-02-07;396.7
15376656;2196665221;2ème Impayé;2023-01-09;2023-01-26;572.55
15432607;2204658221;1er Impayé;2022-12-11;2022-12-12;316.12
15438221;2205460221;1er Impayé;2022-12-11;2022-12-16;725.19
7647711;1092530221;1er Impayé;2022-12-08;2023-01-03;433.19
8235886;11765552217;1er Impayé;2022-12-08;2023-01-03;291.1
8311787;1187398222;1er Impayé;2022-12-08;2023-01-03;204.49
8633717;1233388223;1er Impayé;2022-12-08;2023-01-03;105.13
8833658;1261951222;1er Impayé;2022-12-08;2023-01-03;136.46
9248065;1321152221;1er Impayé;2022-12-08;2022-12-09;65.51
9658783;13798262216;1er Impayé;2022-12-08;2023-01-03;160.63
9674764;1382109221;1er Impayé;2022-12-08;2023-01-03;163.16
9924034;14177192221;1er Impayé;2022-12-08;2023-01-03;184.61
10049600;1435657222;1er Impayé;2022-12-08;2023-01-03;48.87
15315637;2187948221;1er Impayé;2022-12-21;2022-12-23;438.12
15465661;2209380221;1er Impayé;2022-12-21;2022-12-23;91.76
15473074;2210439221;1er Impayé;2022-12-21;2022-12-23;221.7
11534118;1647731222;1er Impayé;2022-12-13;2023-01-03;189.91
11842608;1691801223;1er Impayé;2022-12-13;2023-01-03;322.93
12031993;1718856224;1er Impayé;2022-12-13;2023-01-03;365.83
12945962;1849423221;1er Impayé;2022-12-13;2023-01-03;62.19
13055701;1865100222;1er Impayé;2022-12-13;2022-12-18;331.45
13312321;1901760223;1er Impayé;2022-12-13;2023-01-03;255.27
13597893;1942556222;1er Impayé;2022-12-13;2023-01-03;174.19
14566441;2080920223;1er Impayé;2022-12-13;2022-12-16;327.47
15410872;2201553221;1er Impayé;2022-12-13;2022-12-16;633.43
10144443;1449206221;1er Impayé;2022-12-08;2023-01-03;209.08
10278255;1468322223;1er Impayé;2022-12-08;2022-12-16;115.34
10489291;1498470224;1er Impayé;2022-12-08;2023-01-03;94.03
10659804;1522829223;2ème Impayé;2023-01-10;2023-01-26;861.87
10659804;1522829223;1er Impayé;2022-12-08;2023-01-03;201.48
10659804;1522829223;Mise en demeure;2023-01-27;2023-02-07;876.87
10679719;1525674226;1er Impayé;2022-12-08;2023-01-03;104.55
10842294;15488992210;2ème Impayé;2023-01-10;2023-01-26;425.23
10842294;15488992210;1er Impayé;2022-12-08;2023-01-03;100.3
10842294;15488992210;Mise en demeure;2023-01-27;2023-02-15;440.23
10882621;1554660222;1er Impayé;2022-12-08;2023-01-03;141.24
10989959;1569994222;1er Impayé;2022-12-08;2023-01-03;48.12
10989959;1569994222;2ème Impayé;2023-01-09;2023-01-27;204.6
11324076;1617725229;1er Impayé;2022-12-08;2023-01-03;60.86
11562741;1651820222;1er Impayé;2022-12-08;2023-01-03;53.94
11609809;1658544226;1er Impayé;2022-12-08;2023-01-03;184.59
11624621;1660660223;1er Impayé;2022-12-08;2023-01-03;68.51
11674671;1667810223;1er Impayé;2022-12-08;2023-01-03;51.49
11729201;1675600222;1er Impayé;2022-12-08;2023-01-03;82.16
11903760;1700537222;1er Impayé;2022-12-08;2023-01-03;86.34
11967733;1709676221;1er Impayé;2022-12-08;2022-12-09;296.89
11967733;1709676221;Mise en demeure;2023-01-27;2023-02-02;660.38
11967733;1709676221;2ème Impayé;2023-01-09;2023-01-26;968.07
12367930;1766847221;1er Impayé;2022-12-08;2023-01-03;97.52
14757205;21081722203;Mise en demeure;2023-01-13;2023-01-25;457.16
8723716;12462452201;1ere lettre de relance;2022-12-02;2023-01-05;163.52
9478631;13540902204;1ere lettre de relance;2022-12-02;2022-12-16;367.92
9136989;13052842209;1ere lettre de relance;2022-12-02;2022-12-18;43.42
13919291;19884702202;1ere lettre de relance;2022-12-02;2023-01-15;232.65
13788573;19697962207;Suspension de garanties;2023-03-03;2023-03-09;224.4
13788573;19697962207;2ème Impayé;2023-01-12;2023-01-26;209.4
13788573;19697962207;Annonce du contentieux;2023-03-10;2023-08-07;224.4
13788573;19697962207;Mise en demeure;2023-01-27;2023-03-02;224.4
13788573;19697962207;1ere lettre de relance;2022-12-02;2022-12-06;184.59
10402526;14860752207;1ere lettre de relance;2022-12-02;2022-12-04;182.92
15419447;22027782201;1ere lettre de relance;2022-12-02;2022-12-16;201.12
14317227;20453182205;1ere lettre de relance;2022-12-02;2022-12-25;266.56
15422842;22032632201;1ere lettre de relance;2022-12-02;2023-01-02;150.66
12892706;1841815221;Annonce du contentieux;2022-12-02;2022-12-04;169.57
14603093;2086156221;Annonce du contentieux;2022-12-09;2023-02-06;373.42
14603093;2086156221;Suspension de garanties;2022-12-02;2022-12-08;1135.26
10894598;15563712226;Suspension de garanties;2022-12-09;2022-12-13;379.26
14933045;2133292221;Annonce du contentieux;2022-12-02;2023-01-15;187.44
8698411;12426302206;Suspension de garanties;2022-12-09;2022-12-15;425.65
8698411;12426302206;Annonce du contentieux;2022-12-16;2023-01-08;425.65
13604375;19434822207;Suspension de garanties;2022-12-09;2022-12-15;115.2
13604375;19434822207;Annonce du contentieux;2022-12-16;2022-12-25;115.2
3867207;5524582281;Suspension de garanties;2022-12-09;2022-12-11;385.59
13805128;19721612204;Suspension de garanties;2022-12-09;2022-12-15;118.7
13922392;1988913228;1er Impayé;2022-12-22;2022-12-23;206.7
15146846;21638352202;Suspension de garanties;2022-12-09;2022-12-15;104.31
15146846;21638352202;Annonce du contentieux;2022-12-16;2022-12-20;104.31
14257321;20367602203;Suspension de garanties;2022-12-09;2022-12-15;234.4
14257321;20367602203;Annonce du contentieux;2022-12-16;2023-01-30;234.4
14720224;21028892203;Suspension de garanties;2022-12-09;2022-12-15;232.32
14720224;21028892203;Annonce du contentieux;2022-12-16;2023-01-03;232.32
8849184;12641692207;Suspension de garanties;2022-12-09;2022-12-15;277.38
8849184;12641692207;Annonce du contentieux;2022-12-16;2023-01-08;277.38
5534859;7906942212;Suspension de garanties;2022-12-09;2022-12-12;673.23
14909784;21299692201;Mise en demeure;2023-01-13;2023-02-06;765.85
6094593;8706562201;En recouvrement;2023-04-13;2023-07-31;1781.04
6094593;8706562201;Suspension de garanties;2023-02-17;2023-02-23;492.68
6094593;8706562201;Annonce du contentieux;2023-02-24;2023-04-12;492.68
6094593;8706562201;Mise en demeure;2023-01-13;2023-02-16;492.68
15303576;2186225221;1er Impayé;2022-12-22;2022-12-23;197.9
15465563;2209366221;1er Impayé;2022-12-22;2022-12-23;113.61
15465997;2209428221;1er Impayé;2022-12-22;2022-12-23;132.49
15472528;2210361221;1er Impayé;2022-12-22;2023-01-05;173.21
15086569;21552242202;Suspension de garanties;2022-12-09;2022-12-16;249.42
14977726;21396752202;Suspension de garanties;2022-12-09;2022-12-15;148.8
14977726;21396752202;Annonce du contentieux;2022-12-16;2023-02-05;148.8
14757800;21082572202;Suspension de garanties;2022-12-09;2022-12-11;832.47
13147786;18782552210;Suspension de garanties;2022-12-09;2022-12-15;166.18
13147786;18782552210;Annonce du contentieux;2022-12-16;2023-01-08;166.18
9567468;1366781222;Mise en demeure;2023-01-13;2023-01-26;473.79
14087340;2012477223;2ème Impayé;2022-12-07;2023-05-11;357.08
14087340;2012477223;Mise en demeure;2023-05-12;2023-11-09;887.0
14243608;2034801221;Annonce du contentieux;2023-02-24;2023-03-12;398.96
14243608;2034801221;Suspension de garanties;2023-02-17;2023-02-23;398.96
14243608;2034801221;Mise en demeure;2023-01-13;2023-02-16;398.96
15442680;22060972201;1ere lettre de relance;2022-12-09;2022-12-16;107.24
12837658;18339512201;1ere lettre de relance;2022-12-09;2023-01-12;45.61
12837658;18339512201;Mise en demeure;2023-01-13;2023-01-31;209.59
15050582;21500832204;1ere lettre de relance;2022-12-09;2022-12-16;55.15
15445417;22064882201;1ere lettre de relance;2022-12-09;2022-12-16;106.81
15287476;21839252202;1ere lettre de relance;2022-12-09;2022-12-16;33.3
15431445;22044922201;1ere lettre de relance;2022-12-09;2022-12-18;144.45
14979945;21399922202;Mise en demeure;2023-03-17;2023-04-12;385.48
14979945;21399922202;1ere lettre de relance;2022-12-09;2023-03-16;353.17
15441938;22059912201;1ere lettre de relance;2022-12-09;2022-12-16;50.28
10913925;15591322216;Suspension de garanties;2022-12-09;2022-12-15;226.53
10913925;15591322216;Annonce du contentieux;2022-12-16;2022-12-29;226.53
5140542;7343632207;Suspension de garanties;2022-12-09;2022-12-15;30.0
5140542;7343632207;Annonce du contentieux;2022-12-16;2023-01-08;30.0
207859;296942226;Suspension de garanties;2022-12-09;2022-12-15;565.89
207859;296942226;Annonce du contentieux;2022-12-16;2022-12-20;565.89
12243666;17490952201;Suspension de garanties;2022-12-09;2022-12-15;314.82
12243666;17490952201;Annonce du contentieux;2022-12-16;2023-02-15;314.82
11536582;16480832227;Suspension de garanties;2022-12-09;2022-12-15;169.26
11536582;16480832227;Annonce du contentieux;2022-12-16;2023-01-18;169.26
13883017;19832882205;Suspension de garanties;2022-12-09;2022-12-15;183.54
13883017;19832882205;Annonce du contentieux;2022-12-16;2023-01-29;183.54
9949619;14213742203;Suspension de garanties;2022-12-09;2022-12-15;831.54
9949619;14213742203;Annonce du contentieux;2022-12-16;2023-01-02;831.54
10525593;15036562210;Suspension de garanties;2022-12-09;2022-12-15;425.58
10525593;15036562210;Annonce du contentieux;2022-12-16;2023-02-13;425.58
6068924;8669892271;Suspension de garanties;2022-12-09;2022-12-20;1433.43
13381516;19116452201;1ere lettre de relance;2022-12-09;2023-01-05;53.62
7913956;11305652236;1er Impayé;2022-12-27;2023-01-15;984.15
10439941;14914202215;1er Impayé;2022-12-27;2023-01-15;277.94
12812549;1830364221;1er Impayé;2022-12-27;2023-01-15;148.15
14743653;2106236221;1er Impayé;2022-12-27;2023-01-15;153.45
14760957;2108708221;1er Impayé;2022-12-27;2022-12-29;428.36
15099015;2157002222;1er Impayé;2022-12-27;2023-01-15;152.66
15378679;2196954221;1er Impayé;2022-12-27;2022-12-30;393.9
15471212;2210173221;1er Impayé;2022-12-27;2022-12-27;125.18
11517381;1645340221;1er Impayé;2022-12-18;2023-01-05;497.93
11762857;1680408225;1er Impayé;2022-12-18;2023-01-05;456.82
14509398;2072771223;1er Impayé;2022-12-18;2023-01-05;88.57
15244027;2177718221;1er Impayé;2022-12-18;2022-12-23;287.23
15306957;2186708221;1er Impayé;2022-12-18;2023-01-05;93.14
15366534;2195219221;1er Impayé;2022-12-18;2022-12-23;342.56
15402129;2200304221;1er Impayé;2022-12-18;2022-12-23;131.94
15457380;2208197221;Mise en demeure;2023-01-27;2023-02-05;188.84
15457380;2208197221;2ème Impayé;2023-01-09;2023-01-26;358.56
15457380;2208197221;1er Impayé;2022-12-18;2022-12-23;184.72
13524673;19320962201;Suspension de garanties;2022-12-09;2022-12-15;122.64
13524673;19320962201;Annonce du contentieux;2022-12-16;2023-02-19;122.64
11403638;16290912223;Suspension de garanties;2022-12-09;2022-12-15;358.26
11403638;16290912223;Annonce du contentieux;2022-12-16;2022-12-22;358.26
14405105;2057872223;2ème Impayé;2022-12-14;2023-01-09;295.09
4213469;6019242213;1er Impayé;2022-12-15;2022-12-16;974.49
13355805;19079722211;Annonce du contentieux;2022-12-09;2023-02-27;261.72
13355805;19079722211;Suspension de garanties;2022-12-02;2022-12-08;261.72
7756176;11080252211;Annonce du contentieux;2022-12-09;2023-01-16;1622.88
7756176;11080252211;Suspension de garanties;2022-12-02;2022-12-08;1622.88
12536868;17909812205;Suspension de garanties;2022-12-09;2022-12-15;246.63
12536868;17909812205;Annonce du contentieux;2022-12-16;2022-12-21;246.63
13048652;18640932202;Suspension de garanties;2022-12-09;2022-12-12;232.07
10916963;15595662215;Annonce du contentieux;2022-12-09;2022-12-15;288.95
10916963;15595662215;Suspension de garanties;2022-12-02;2022-12-08;288.95
10532894;15046992225;Suspension de garanties;2022-12-09;2022-12-15;248.21
10532894;15046992225;Annonce du contentieux;2022-12-16;2023-01-01;248.21
13359536;19085052206;Suspension de garanties;2022-12-09;2022-12-15;160.86
13359536;19085052206;Annonce du contentieux;2022-12-16;2023-02-27;160.86
12341302;17630432205;Suspension de garanties;2022-12-09;2022-12-15;382.59
12341302;17630432205;Annonce du contentieux;2022-12-16;2022-12-19;382.59
11817842;1688263224;Mise en demeure;2023-02-10;2023-03-06;189.99
11817842;1688263224;2ème Impayé;2023-01-19;2023-02-09;174.99
15389326;2198475221;2ème Impayé;2022-12-14;2022-12-16;417.83
14475049;20678642203;Suspension de garanties;2022-12-09;2022-12-15;112.71
14475049;20678642203;Annonce du contentieux;2022-12-16;2022-12-22;112.71
13856515;19795022203;Suspension de garanties;2022-12-09;2022-12-15;329.7
13856515;19795022203;Annonce du contentieux;2022-12-16;2023-01-08;329.7
10685788;15265412231;Suspension de garanties;2022-12-09;2022-12-15;586.02
10685788;15265412231;Annonce du contentieux;2022-12-16;2023-01-02;586.02
7818574;1116939224;1er Impayé;2022-12-07;2023-01-03;122.88
8152488;1164641221;Suspension de garanties;2023-02-17;2023-02-23;459.93
8152488;1164641221;Annonce du contentieux;2023-02-24;2023-03-22;459.93
8152488;1164641221;1er Impayé;2022-12-07;2023-01-12;281.76
8152488;1164641221;Mise en demeure;2023-01-13;2023-02-16;759.93
10204363;1457766222;1er Impayé;2022-12-07;2023-01-12;121.13
10204363;1457766222;Mise en demeure;2023-01-13;2023-01-24;533.72
11180975;1597282221;Mise en demeure;2023-01-27;2023-01-31;315.18
11180975;1597282221;1er Impayé;2022-12-07;2023-01-03;104.94
11180975;1597282221;2ème Impayé;2023-01-09;2023-01-26;420.12
12407858;1772551225;Suspension de garanties;2023-02-17;2023-02-23;698.27
12407858;1772551225;En recouvrement;2023-04-05;2023-07-05;2260.04
12407858;1772551225;Annonce du contentieux;2023-02-24;2023-04-04;698.27
12407858;1772551225;1er Impayé;2022-12-07;2023-01-12;162.68
12407858;1772551225;Mise en demeure;2023-01-13;2023-02-16;698.27
12628939;1804134223;1er Impayé;2022-12-07;2023-01-03;44.44
13492592;1927513221;1er Impayé;2022-12-07;2023-01-03;206.13
13963321;1994760221;1er Impayé;2022-12-07;2023-01-03;142.86
14607923;2086846221;1er Impayé;2022-12-07;2022-12-13;112.5
14926206;2132315221;1er Impayé;2022-12-07;2022-12-16;86.49
14836053;21194362203;Suspension de garanties;2022-12-09;2022-12-15;157.35
14836053;21194362203;Annonce du contentieux;2022-12-16;2022-12-17;157.35
15100863;2157266221;1er Impayé;2022-12-07;2022-12-16;47.69
15104286;2157755221;Suspension de garanties;2023-02-17;2023-02-23;329.59
15104286;2157755221;Annonce du contentieux;2023-02-24;2023-06-05;329.59
15104286;2157755221;Mise en demeure;2023-01-13;2023-02-16;439.59
15104286;2157755221;1er Impayé;2022-12-07;2023-01-12;99.33
15104286;2157755221;En recouvrement;2023-06-06;2023-09-26;947.19
15122325;2160332222;2ème Impayé;2023-01-08;2023-01-26;174.2
15122325;2160332222;Mise en demeure;2023-01-27;2023-02-03;189.2
15122325;2160332222;1er Impayé;2022-12-07;2022-12-16;41.42
15166572;2166653222;2ème Impayé;2023-01-08;2023-01-26;197.64
15166572;2166653222;Mise en demeure;2023-01-27;2023-02-08;212.64
15166572;2166653222;1er Impayé;2022-12-07;2022-12-16;46.32
15303513;2186216221;2ème Impayé;2023-01-08;2023-01-26;297.86
15303513;2186216221;Mise en demeure;2023-01-27;2023-02-01;312.86
15303513;2186216221;1er Impayé;2022-12-07;2022-12-16;69.77
13908854;1986979223;Mise en demeure;2023-02-10;2023-03-05;130.41
13908854;1986979223;2ème Impayé;2023-01-24;2023-02-09;115.41
13908854;1986979223;1er Impayé;2022-12-25;2023-01-15;56.69
15272132;2181733221;1er Impayé;2022-12-25;2022-12-30;160.45
15473788;2210541221;1er Impayé;2022-12-25;2022-12-30;111.77
11341478;16202112206;Suspension de garanties;2022-12-09;2023-01-05;64.98
11341478;16202112206;Annonce du contentieux;2023-01-06;2023-01-19;224.49
11394251;16277502202;Suspension de garanties;2022-12-09;2022-12-15;115.5
14209686;20299552202;Suspension de garanties;2022-12-09;2022-12-15;138.54
14209686;20299552202;Annonce du contentieux;2022-12-16;2022-12-22;138.54
15308588;2186941221;2ème Impayé;2022-12-22;;370.56
8923825;1274832228;1er Impayé;2022-12-22;2023-01-15;257.55
12565589;1795084227;1er Impayé;2022-12-22;2023-01-15;298.0
13221587;1888798225;1er Impayé;2022-12-22;2023-01-15;235.62
13416229;1916604226;1er Impayé;2022-12-22;2023-01-15;186.13
14008394;2001199225;1er Impayé;2022-12-22;2023-01-15;365.29
14063414;2009059225;1er Impayé;2022-12-22;2023-01-15;210.76
14529005;2075572221;1er Impayé;2022-12-22;2023-02-13;124.31
14660577;2094368224;2ème Impayé;2023-01-24;2023-03-26;787.03
14660577;2094368224;1er Impayé;2022-12-22;2023-01-15;384.23
14780249;2111464221;1er Impayé;2022-12-22;2022-12-23;153.45
14891437;2127348222;Mise en demeure;2023-02-10;2023-03-01;172.9
14891437;2127348222;2ème Impayé;2023-01-24;2023-02-09;310.62
14891437;2127348222;1er Impayé;2022-12-22;2023-01-15;152.72
11269847;1609978223;Annonce du contentieux;2022-12-09;2022-12-12;603.76
11269847;1609978223;Suspension de garanties;2022-12-02;2022-12-08;603.76
11402840;1628977221;2ème Impayé;2023-01-05;2023-01-19;612.06
11402840;1628977221;Mise en demeure;2023-01-20;2023-01-26;627.06
12281788;1754541223;2ème Impayé;2022-12-07;2023-01-12;74.14
12281788;1754541223;Mise en demeure;2023-01-13;2023-02-15;328.72
12565547;1795078224;2ème Impayé;2022-12-07;2023-01-12;83.68
12565547;1795078224;Mise en demeure;2023-01-13;2023-01-31;235.33
11564120;16520172201;Suspension de garanties;2022-12-09;2022-12-15;349.86
11564120;16520172201;Annonce du contentieux;2022-12-16;2023-01-02;349.86
12351732;17645332206;Suspension de garanties;2022-12-09;2022-12-15;291.15
12351732;17645332206;Annonce du contentieux;2022-12-16;2022-12-23;291.15
13110784;1872969231;1er Impayé;2023-01-08;2023-01-26;534.69
13110784;1872969231;Mise en demeure;2023-01-27;2023-02-13;549.69
13150761;1878680235;1er Impayé;2023-01-08;2023-02-02;131.49
13382727;1911818231;1er Impayé;2023-01-08;2023-02-02;177.74
13946164;1992309231;1er Impayé;2023-01-08;2023-02-07;253.92
13976117;1996588232;1er Impayé;2023-01-08;2023-01-26;106.65
14094620;2013517232;1er Impayé;2023-01-08;2023-01-18;744.51
14156227;2022318232;1er Impayé;2023-01-08;2023-01-09;158.1
14464465;2066352231;1er Impayé;2023-01-08;2023-02-07;275.25
14602743;2086106231;1er Impayé;2023-01-08;2023-02-02;759.87
14714547;2102078231;1er Impayé;2023-01-08;2023-02-24;327.39
14868386;2124055232;1er Impayé;2023-01-08;2023-02-02;103.33
14990473;2141496231;1er Impayé;2023-01-08;2023-02-07;664.44
13512927;1930418231;Suspension de garanties;2023-02-24;2023-03-02;777.02
13512927;1930418231;Annonce du contentieux;2023-03-03;2023-03-22;777.02
13976117;1996588232;Mise en demeure;2023-01-27;2023-03-07;121.65
14868386;2124055232;2ème Impayé;2023-02-06;2023-02-23;309.99
14868386;2124055232;Mise en demeure;2023-02-24;2023-03-22;324.99
13512927;1930418231;1er Impayé;2023-01-01;2023-01-19;762.02
13512927;1930418231;Mise en demeure;2023-01-20;2023-02-23;777.02
8991396;12844852305;1ere lettre de relance;2023-01-20;2023-01-24;2173.68
14665946;20951352303;1ere lettre de relance;2023-01-20;2023-02-02;322.65
4845198;6921712312;1ere lettre de relance;2023-01-20;2023-02-02;1055.88
15093709;21562442302;1ere lettre de relance;2023-01-20;2023-02-02;176.94
209896;299852339;Mise en demeure;2023-02-03;2023-02-08;533.88
209896;299852339;1ere lettre de relance;2023-01-20;2023-02-02;518.88
5258156;7511652317;1ere lettre de relance;2023-01-20;2023-01-27;1723.5
12124883;17321262304;1ere lettre de relance;2023-01-20;2023-01-31;105.06
272084;388692310;1ere lettre de relance;2023-01-20;2023-01-31;509.82
14665946;20951352303;Mise en demeure;2023-02-03;2023-03-08;337.65
4845198;6921712312;Mise en demeure;2023-02-03;2023-02-13;1070.88
15093709;21562442302;Mise en demeure;2023-02-03;2023-02-27;191.94
10461228;14944612312;Annonce du contentieux;2023-03-17;2023-03-28;208.29
10461228;14944612312;Mise en demeure;2023-02-03;2023-03-09;208.29
13901112;19858732310;Mise en demeure;2023-02-03;2023-02-07;186.36
180118;257312312;Mise en demeure;2023-02-03;2023-02-07;354.6
7695458;10993512324;Mise en demeure;2023-02-03;2023-02-06;4934.64
7695458;10993512324;1ere lettre de relance;2023-01-20;2023-02-02;4919.64
13901112;19858732310;1ere lettre de relance;2023-01-20;2023-02-02;171.36
14578670;20826672302;1ere lettre de relance;2023-01-20;2023-01-29;374.04
180118;257312312;1ere lettre de relance;2023-01-20;2023-02-02;339.6
4398115;6283022301;1ere lettre de relance;2023-01-20;2023-01-23;1833.96
10461228;14944612312;1ere lettre de relance;2023-01-20;2023-02-02;193.29
10461228;14944612312;Suspension de garanties;2023-03-10;2023-03-16;208.29
14968066;21382952303;1ere lettre de relance;2023-01-20;2023-02-26;209.55
10053667;14362382315;1ere lettre de relance;2023-01-20;2023-01-24;976.98
15205807;21722582302;1ere lettre de relance;2023-01-20;2023-01-22;185.82
15508571;22155102301;1ere lettre de relance;2023-01-20;2023-02-01;259.61
5343941;7634202336;1ere lettre de relance;2023-01-20;2023-01-31;871.26
8641697;12345282322;1ere lettre de relance;2023-01-20;2023-02-02;497.1
3892946;5561352308;1ere lettre de relance;2023-01-20;2023-01-29;419.52
15186375;21694822302;1ere lettre de relance;2023-01-20;2023-02-02;76.84
14666793;20952562301;1ere lettre de relance;2023-01-20;2023-01-26;77.52
15186375;21694822302;Mise en demeure;2023-02-03;2023-02-10;153.68
4548111;6497302330;Mise en demeure;2023-02-03;2023-02-05;297.24
4548111;6497302330;1ere lettre de relance;2023-01-20;2023-02-02;282.24
13036941;18624202308;1ere lettre de relance;2023-01-20;2023-01-26;156.66
10619834;15171192312;Mise en demeure;2023-02-03;2023-02-20;330.88
10619834;15171192312;1ere lettre de relance;2023-01-20;2023-02-02;157.94
15278607;21826582301;1ere lettre de relance;2023-01-20;2023-01-25;126.54
5099137;7284482311;1ere lettre de relance;2023-01-20;2023-01-30;537.3
13280583;18972262308;Mise en demeure;2023-02-03;2023-02-13;94.24
13280583;18972262308;1ere lettre de relance;2023-01-20;2023-02-02;79.24
3935142;5621632318;Mise en demeure;2023-02-03;2023-02-13;995.64
3935142;5621632318;1ere lettre de relance;2023-01-20;2023-02-02;980.64
5822706;8318152341;1ere lettre de relance;2023-01-20;2023-01-29;936.45
88047;125782322;1ere lettre de relance;2023-01-20;2023-02-09;219.96
88047;125782322;Mise en demeure;2023-02-10;2023-03-07;454.92
9041726;12916752332;1ere lettre de relance;2023-01-20;2023-01-29;588.18
4256330;6080472323;1ere lettre de relance;2023-01-20;2023-01-31;543.84
9325184;13321692339;1ere lettre de relance;2023-01-20;2023-01-30;96.33
15410466;22014952301;Mise en demeure;2023-02-03;2023-02-04;388.58
15410466;22014952301;1ere lettre de relance;2023-01-20;2023-02-02;373.58
13407738;19153912312;Mise en demeure;2023-02-03;2023-03-02;344.16
13407738;19153912312;1ere lettre de relance;2023-01-20;2023-02-02;329.16
469120;670172370;1ere lettre de relance;2023-01-20;2023-01-30;656.97
5473630;7819472366;1ere lettre de relance;2023-01-20;2023-02-01;670.38
11399536;16285052314;Mise en demeure;2023-02-03;2023-02-05;260.7
11399536;16285052314;1ere lettre de relance;2023-01-20;2023-02-02;245.7
14843109;21204442301;Mise en demeure;2023-02-03;2023-02-20;1451.82
14843109;21204442301;1ere lettre de relance;2023-01-20;2023-02-02;1436.82
9239567;13199382307;1ere lettre de relance;2023-01-20;2023-01-27;237.09
4574109;6534442357;Mise en demeure;2023-02-03;2023-02-21;592.17
4574109;6534442357;1ere lettre de relance;2023-01-20;2023-02-02;577.17
9256654;13223792316;Mise en demeure;2023-02-03;2023-02-06;239.88
13482799;19261142309;Mise en demeure;2023-02-03;2023-03-05;523.35
14931463;21330662305;1ere lettre de relance;2023-01-20;2023-02-02;234.06
14931463;21330662305;Mise en demeure;2023-02-03;2023-02-13;249.06
9256654;13223792316;1ere lettre de relance;2023-01-20;2023-02-02;224.88
13482799;19261142309;1ere lettre de relance;2023-01-20;2023-02-02;508.35
5141305;7344722319;En recouvrement;2023-04-05;2023-05-14;2605.08
5141305;7344722319;Mise en demeure;2023-02-03;2023-03-09;673.77
5141305;7344722319;Annonce du contentieux;2023-03-17;2023-04-04;673.77
5141305;7344722319;1ere lettre de relance;2023-01-20;2023-02-02;658.77
5141305;7344722319;Suspension de garanties;2023-03-10;2023-03-16;673.77
12539514;17913592307;1ere lettre de relance;2023-01-20;2023-01-29;334.58
7722681;11032402307;Mise en demeure;2023-02-03;2023-02-15;154.8
7722681;11032402307;1ere lettre de relance;2023-01-20;2023-02-02;139.8
8990143;12843062320;1ere lettre de relance;2023-01-20;2023-02-01;286.05
8413084;12018692321;Mise en demeure;2023-02-03;2023-02-09;464.79
8413084;12018692321;1ere lettre de relance;2023-01-20;2023-02-02;449.79
135129;193042317;1ere lettre de relance;2023-01-20;2023-01-24;1131.0
13278798;18969712304;Mise en demeure;2023-02-03;2023-03-09;328.59
13278798;18969712304;1ere lettre de relance;2023-01-20;2023-02-02;313.59
13278798;18969712304;Suspension de garanties;2023-03-10;2023-03-15;328.59
4255476;6079252308;1ere lettre de relance;2023-01-20;2023-01-24;1707.42
8091742;11559632325;Annonce du contentieux;2023-03-17;2023-03-22;605.85
8091742;11559632325;Mise en demeure;2023-02-03;2023-03-09;605.85
8091742;11559632325;1ere lettre de relance;2023-01-20;2023-02-02;590.85
8091742;11559632325;Suspension de garanties;2023-03-10;2023-03-16;605.85
4325826;6179752321;1ere lettre de relance;2023-01-20;2023-01-29;315.0
14980204;21400292302;Annonce du contentieux;2023-03-17;2023-05-25;402.51
14980204;21400292302;Mise en demeure;2023-02-03;2023-03-09;402.51
14980204;21400292302;1ere lettre de relance;2023-01-20;2023-02-02;387.51
14980204;21400292302;Suspension de garanties;2023-03-10;2023-03-16;402.51
5842782;8346832313;1ere lettre de relance;2023-01-20;2023-02-02;1664.76
9115877;13022682307;1ere lettre de relance;2023-01-20;2023-01-30;4284.48
3910299;5586142307;Mise en demeure;2023-02-03;2023-02-07;943.56
5842782;8346832313;Mise en demeure;2023-02-03;2023-02-05;1679.76
3910299;5586142307;1ere lettre de relance;2023-01-20;2023-02-02;928.56
15281519;21830742301;1ere lettre de relance;2023-01-20;2023-02-02;170.91
9543395;13633422302;1ere lettre de relance;2023-01-20;2023-01-30;201.3
3867102;5524432344;1ere lettre de relance;2023-01-20;2023-01-31;912.78
12495547;17850782306;Mise en demeure;2023-02-03;2023-03-09;173.46
12495547;17850782306;1ere lettre de relance;2023-01-20;2023-02-02;158.46
12495547;17850782306;Suspension de garanties;2023-03-10;2023-03-15;173.46
5334827;7621182327;1ere lettre de relance;2023-01-20;2023-01-23;643.2
15389095;21984422301;1ere lettre de relance;2023-01-20;2023-02-02;1405.94
13849879;19785542305;Mise en demeure;2023-02-03;2023-03-09;306.18
13849879;19785542305;Annonce du contentieux;2023-03-17;2023-06-05;306.18
13849879;19785542305;1ere lettre de relance;2023-01-20;2023-02-02;291.18
13849879;19785542305;Suspension de garanties;2023-03-10;2023-03-16;306.18
13849879;19785542305;En recouvrement;2023-06-06;2023-08-21;1179.72
14069609;20099442303;1ere lettre de relance;2023-01-20;2023-01-22;70.28
15059430;2151347232;1er Impayé;2023-01-08;2023-02-02;166.58
14560491;2080070236;Mise en demeure;2023-01-27;2023-02-01;219.78
14560491;2080070236;1er Impayé;2023-01-10;2023-01-26;204.78
14579510;2082787233;1er Impayé;2023-01-10;2023-02-02;79.09
14988240;2141177231;1er Impayé;2023-01-10;2023-01-11;51.76
15077196;2153885231;1er Impayé;2023-01-10;2023-02-02;275.09
15077196;2153885231;2ème Impayé;2023-02-06;2023-02-23;176.06
15158935;2165562232;1er Impayé;2023-01-10;2023-01-18;141.88
15169939;2167134231;1er Impayé;2023-01-10;2023-02-07;316.37
15198667;2171238231;1er Impayé;2023-01-10;2023-02-02;393.86
15218155;2174022232;1er Impayé;2023-01-10;2023-01-13;51.03
15255850;2179407231;1er Impayé;2023-01-10;2023-02-02;312.29
15255850;2179407231;2ème Impayé;2023-02-06;2023-02-23;200.86
15301728;2185961231;1er Impayé;2023-01-10;2023-02-07;410.75
15304654;2186379231;1er Impayé;2023-01-10;2023-02-07;358.04
15304675;2186382231;1er Impayé;2023-01-10;2023-02-07;217.28
15304710;2186387232;1er Impayé;2023-01-10;2023-01-24;56.03
15317275;2188182232;1er Impayé;2023-01-10;2023-02-02;68.3
14405105;20578722304;Mise en demeure;2023-02-03;2023-02-06;162.55
14405105;20578722304;1ere lettre de relance;2023-01-20;2023-02-02;147.55
4504340;6434772360;1ere lettre de relance;2023-01-20;2023-01-30;852.75
10262540;14660772308;1ere lettre de relance;2023-01-20;2023-01-29;2126.1
12617592;18025132311;Mise en demeure;2023-02-03;2023-02-19;417.63
12617592;18025132311;1ere lettre de relance;2023-01-20;2023-02-02;402.63
15211043;21730062301;Annonce du contentieux;2023-03-17;2023-04-24;448.32
15211043;21730062301;Mise en demeure;2023-02-03;2023-03-09;448.32
15211043;21730062301;1ere lettre de relance;2023-01-20;2023-02-02;433.32
4967817;7096882319;1ere lettre de relance;2023-01-20;2023-02-02;741.97
5190578;7415112303;Mise en demeure;2023-02-03;2023-02-09;1155.54
5190578;7415112303;1ere lettre de relance;2023-01-20;2023-02-02;1140.54
309562;442232317;1ere lettre de relance;2023-01-20;2023-02-02;18.54
13954935;19935622302;Mise en demeure;2023-02-03;2023-02-15;161.22
13954935;19935622302;1ere lettre de relance;2023-01-20;2023-02-02;161.22
14846546;21209352302;Mise en demeure;2023-02-10;2023-03-05;116.98
14846546;21209352302;1ere lettre de relance;2023-01-20;2023-02-09;152.97
3893261;5561802350;Mise en demeure;2023-02-03;2023-02-13;510.15
3893261;5561802350;1ere lettre de relance;2023-01-20;2023-02-02;495.15
12796827;18281182305;Mise en demeure;2023-02-03;2023-03-06;514.92
12796827;18281182305;1ere lettre de relance;2023-01-20;2023-02-02;499.92
15304710;2186387232;2ème Impayé;2023-02-09;2023-02-21;112.06
15077196;2153885231;Suspension de garanties;2023-03-31;2023-04-06;191.06
15077196;2153885231;Annonce du contentieux;2023-04-07;2023-05-08;191.06
15077196;2153885231;Mise en demeure;2023-02-24;2023-03-30;191.06
15255850;2179407231;Mise en demeure;2023-02-24;2023-03-20;115.43
15211043;21730062301;Suspension de garanties;2023-03-10;2023-03-16;448.32
15361207;2194458231;1er Impayé;2023-01-10;2023-01-23;313.4
15408548;2201221231;Mise en demeure;2023-01-27;2023-02-08;291.53
5793768;8276812311;Mise en demeure;2023-02-03;2023-03-09;1848.84
5793768;8276812311;1ere lettre de relance;2023-01-20;2023-02-02;1833.84
12918669;18455242311;Mise en demeure;2023-02-03;2023-02-04;220.38
12918669;18455242311;1ere lettre de relance;2023-01-20;2023-02-02;205.38
9887221;14124602309;Mise en demeure;2023-02-03;2023-02-12;1019.94
9887221;14124602309;1ere lettre de relance;2023-01-20;2023-02-02;1004.94
15408548;2201221231;1er Impayé;2023-01-10;2023-01-26;276.53
15121394;21601992302;1ere lettre de relance;2023-01-20;2023-01-28;273.54
15259231;2179890231;Mise en demeure;2023-02-10;2023-02-15;112.45
15259231;2179890231;1er Impayé;2023-01-22;2023-02-09;297.45
12577181;1796740234;1er Impayé;2023-01-22;2023-02-07;176.55
15195797;2170828233;1er Impayé;2023-01-22;2023-02-06;299.7
15583324;2226189231;1er Impayé;2023-01-22;2023-01-24;96.56
15590800;2227257231;1er Impayé;2023-01-22;2023-01-25;181.4
15590800;2227257231;2ème Impayé;2023-04-05;2023-04-06;198.09
15217847;21739782302;Mise en demeure;2023-02-03;2023-02-08;422.25
15217847;21739782302;1ere lettre de relance;2023-01-20;2023-02-02;407.25
11772307;16817582307;Mise en demeure;2023-02-03;2023-02-23;422.52
11772307;16817582307;1ere lettre de relance;2023-01-20;2023-02-02;407.52
11838891;16912702317;Mise en demeure;2023-02-03;2023-02-05;469.44
11838891;16912702317;1ere lettre de relance;2023-01-20;2023-02-02;454.44
5329864;7614092359;Mise en demeure;2023-02-03;2023-02-08;368.28
5329864;7614092359;1ere lettre de relance;2023-01-20;2023-02-02;353.28
13574163;19391662308;1ere lettre de relance;2023-01-20;2023-01-31;293.49
9898750;14141072308;Mise en demeure;2023-02-03;2023-02-22;729.0
9898750;14141072308;1ere lettre de relance;2023-01-20;2023-02-02;714.0
7879509;11256442322;Mise en demeure;2023-02-03;2023-03-09;269.04
7879509;11256442322;1ere lettre de relance;2023-01-20;2023-02-02;254.04
7879509;11256442322;Suspension de garanties;2023-03-10;2023-03-14;269.04
13114494;18734992310;Mise en demeure;2023-02-03;2023-02-20;318.72
13114494;18734992310;1ere lettre de relance;2023-01-20;2023-02-02;303.72
7151488;10216412322;En recouvrement;2023-04-05;;1967.76
7151488;10216412322;Mise en demeure;2023-02-03;2023-03-09;991.38
7151488;10216412322;Annonce du contentieux;2023-03-17;2023-04-04;991.38
7151488;10216412322;1ere lettre de relance;2023-01-20;2023-02-02;976.38
7151488;10216412322;Suspension de garanties;2023-03-10;2023-03-16;991.38
15068348;21526212302;Mise en demeure;2023-02-03;2023-02-16;207.29
15068348;21526212302;1ere lettre de relance;2023-01-20;2023-02-02;192.29
5574983;7964262308;1ere lettre de relance;2023-01-20;2023-01-26;599.37
15283136;21833052302;Mise en demeure;2023-02-03;2023-02-13;222.75
15283136;21833052302;1ere lettre de relance;2023-01-20;2023-02-02;207.75
106828;152612321;1ere lettre de relance;2023-01-20;2023-02-02;37.6
7643588;10919412301;1ere lettre de relance;2023-01-20;2023-01-31;1727.82
4966347;7094782319;1ere lettre de relance;2023-01-20;2023-02-01;511.86
106828;152612321;Mise en demeure;2023-02-03;2023-02-12;52.6
4995887;7136982325;Mise en demeure;2023-02-03;2023-03-09;62.16
4995887;7136982325;1ere lettre de relance;2023-01-20;2023-02-02;47.16
4995887;7136982325;Suspension de garanties;2023-03-10;2023-03-15;62.16
13525170;19321672311;Mise en demeure;2023-02-03;2023-02-20;115.0
13525170;19321672311;1ere lettre de relance;2023-01-20;2023-02-02;100.0
13890423;19843462308;Mise en demeure;2023-02-03;2023-02-21;125.23
13890423;19843462308;1ere lettre de relance;2023-01-20;2023-02-02;125.23
4830351;6900502353;1ere lettre de relance;2023-01-20;2023-01-30;432.78
13255005;18935722303;1ere lettre de relance;2023-01-20;2023-01-29;336.39
12798472;18283532312;1ere lettre de relance;2023-01-20;2023-01-29;155.28
8641053;12344362310;Annonce du contentieux;2023-03-17;2023-03-19;1206.48
8641053;12344362310;Mise en demeure;2023-02-03;2023-03-09;1206.48
8641053;12344362310;1ere lettre de relance;2023-01-20;2023-02-02;1191.48
8641053;12344362310;Suspension de garanties;2023-03-10;2023-03-16;1206.48
12203913;17434162313;1ere lettre de relance;2023-01-20;2023-01-22;302.88
5120431;7314902331;Mise en demeure;2023-02-03;2023-02-12;215.0
5120431;7314902331;1ere lettre de relance;2023-01-20;2023-02-02;549.06
12020121;17171602310;Mise en demeure;2023-02-03;2023-03-07;551.88
12020121;17171602310;1ere lettre de relance;2023-01-20;2023-02-02;536.88
12331628;17616612323;1ere lettre de relance;2023-01-20;2023-01-23;460.68
10189922;14557032317;1ere lettre de relance;2023-01-20;2023-01-29;26.28
257013;367162315;1ere lettre de relance;2023-01-20;2023-02-06;210.09
14364372;20520532306;Mise en demeure;2023-02-03;2023-03-02;224.04
14364372;20520532306;1ere lettre de relance;2023-01-20;2023-02-02;209.04
15075852;21536932302;Mise en demeure;2023-02-03;2023-02-06;63.6
15075852;21536932302;1ere lettre de relance;2023-01-20;2023-02-02;48.6
4519677;6456682379;Mise en demeure;2023-02-03;2023-02-06;474.78
4519677;6456682379;1ere lettre de relance;2023-01-20;2023-02-02;459.78
8241738;11773912306;1ere lettre de relance;2023-01-20;2023-01-24;615.84
11772461;16817802311;1ere lettre de relance;2023-01-20;2023-02-01;408.72
10480576;14972252306;Mise en demeure;2023-02-03;2023-02-19;245.64
10480576;14972252306;1ere lettre de relance;2023-01-20;2023-02-02;230.64
6087775;8696822321;1ere lettre de relance;2023-01-20;2023-01-24;181.95
15411341;2201620231;1er Impayé;2023-01-10;2023-01-26;140.04
15411341;2201620231;Mise en demeure;2023-01-27;2023-02-21;155.04
15427224;2203889231;Suspension de garanties;2023-03-03;2023-03-09;113.87
15427224;2203889231;1er Impayé;2023-01-10;2023-01-26;307.61
15427224;2203889231;Mise en demeure;2023-01-27;2023-03-02;322.61
15427224;2203889231;Annonce du contentieux;2023-03-10;2023-03-20;113.87
15428407;2204058231;1er Impayé;2023-01-10;2023-02-02;356.66
15443849;2206264231;1er Impayé;2023-01-10;2023-01-26;174.02
15443849;2206264231;Suspension de garanties;2023-03-03;2023-03-07;189.02
15443849;2206264231;Mise en demeure;2023-01-27;2023-03-02;189.02
15522452;2217493231;1er Impayé;2023-01-10;2023-01-15;281.35
15522452;2217493231;2ème Impayé;2023-02-06;2023-02-24;164.96
15559881;2222840231;1er Impayé;2023-01-10;2023-01-11;339.27
11989923;17128462301;1ere lettre de relance;2023-01-13;2023-02-03;460.35
14985769;21408242302;1ere lettre de relance;2023-01-13;2023-01-23;275.1
8475923;12108462301;1ere lettre de relance;2023-01-13;2023-01-18;1474.46
14761657;21088082303;1ere lettre de relance;2023-01-13;2023-01-18;88.29
14504372;20720532302;1ere lettre de relance;2023-01-20;2023-01-24;161.22
15131390;21616272301;1ere lettre de relance;2023-01-20;2023-01-30;1416.72
10516346;15023352306;1ere lettre de relance;2023-01-20;2023-02-03;188.73
12542419;17917742307;Mise en demeure;2023-02-03;2023-03-09;38.78
12542419;17917742307;Annonce du contentieux;2023-03-17;2023-04-12;38.78
12542419;17917742307;1ere lettre de relance;2023-01-20;2023-02-02;23.78
12542419;17917742307;Suspension de garanties;2023-03-10;2023-03-16;38.78
3890475;5557822315;1ere lettre de relance;2023-01-20;2023-01-29;473.0
5620707;8029582312;1ere lettre de relance;2023-01-20;2023-01-22;477.45
11273249;16104642307;Mise en demeure;2023-02-03;2023-02-13;167.76
11273249;16104642307;1ere lettre de relance;2023-01-20;2023-02-02;152.76
14440133;20628762306;Mise en demeure;2023-02-03;2023-02-15;403.68
14440133;20628762306;1ere lettre de relance;2023-01-20;2023-02-02;388.68
5769457;8242082324;Mise en demeure;2023-02-03;2023-02-08;561.39
5769457;8242082324;1ere lettre de relance;2023-01-20;2023-02-02;546.39
14454119;20648742304;Mise en demeure;2023-02-03;2023-03-22;265.96
14454119;20648742304;1ere lettre de relance;2023-01-20;2023-02-02;376.44
8122955;11604222305;Annonce du contentieux;2023-03-17;2023-03-19;30.0
8122955;11604222305;Mise en demeure;2023-02-03;2023-03-09;477.48
8122955;11604222305;1ere lettre de relance;2023-01-20;2023-02-02;462.48
8122955;11604222305;Suspension de garanties;2023-03-10;2023-03-16;30.0
6101754;8716792353;Mise en demeure;2023-02-03;2023-02-12;825.99
6101754;8716792353;1ere lettre de relance;2023-01-20;2023-02-02;810.99
4824016;6891452312;Mise en demeure;2023-02-03;2023-02-10;1816.44
4824016;6891452312;1ere lettre de relance;2023-01-20;2023-02-02;1801.44
14896239;21280342301;1ere lettre de relance;2023-01-20;2023-01-26;1645.44
7355405;10507722333;1ere lettre de relance;2023-01-20;2023-01-30;1525.74
13890542;19843632308;Mise en demeure;2023-02-03;2023-02-21;247.2
13890542;19843632308;1ere lettre de relance;2023-01-20;2023-02-02;232.2
15250397;21786282302;Mise en demeure;2023-02-03;2023-03-09;122.53
15250397;21786282302;1ere lettre de relance;2023-01-20;2023-02-02;157.53
15250397;21786282302;Suspension de garanties;2023-03-10;2023-03-13;122.53
15329525;21899322302;Mise en demeure;2023-02-03;2023-02-05;257.31
4480715;6401022310;1ere lettre de relance;2023-01-20;2023-01-31;387.74
13230841;18901202304;Mise en demeure;2023-02-03;2023-02-15;231.72
13230841;18901202304;1ere lettre de relance;2023-01-20;2023-02-02;216.72
270341;386202305;Mise en demeure;2023-02-03;2023-02-08;2154.84
270341;386202305;1ere lettre de relance;2023-01-20;2023-02-02;2139.84
5620490;8029272321;1ere lettre de relance;2023-01-20;2023-01-21;1069.65
15329525;21899322302;1ere lettre de relance;2023-01-20;2023-02-02;242.31
8259805;11799722302;1ere lettre de relance;2023-01-20;2023-01-24;2684.16
15465661;22093802302;Mise en demeure;2023-02-03;2023-03-01;106.76
15465661;22093802302;1ere lettre de relance;2023-01-20;2023-02-02;91.76
3985108;5693012368;1ere lettre de relance;2023-01-20;2023-01-22;558.38
12204571;17435102301;Mise en demeure;2023-02-03;2023-02-21;2791.08
12204571;17435102301;1ere lettre de relance;2023-01-20;2023-02-02;2776.08
7927865;11325522321;Mise en demeure;2023-02-03;2023-02-13;746.01
7927865;11325522321;1ere lettre de relance;2023-01-20;2023-02-02;731.01
7860609;11229442377;1ere lettre de relance;2023-01-13;2023-01-26;350.61
7860609;11229442377;Mise en demeure;2023-01-27;2023-02-14;145.61
8635579;12336542321;Mise en demeure;2023-02-03;2023-02-05;691.8
8635579;12336542321;1ere lettre de relance;2023-01-20;2023-02-02;676.8
15057036;21510052302;Annonce du contentieux;2023-03-17;2023-04-11;374.37
15057036;21510052302;Mise en demeure;2023-02-03;2023-03-09;374.37
15057036;21510052302;1ere lettre de relance;2023-01-20;2023-02-02;359.37
15057036;21510052302;Suspension de garanties;2023-03-10;2023-03-16;374.37
3866752;5523932315;1ere lettre de relance;2023-01-20;2023-02-23;936.0
6107690;8725272360;1ere lettre de relance;2023-01-20;2023-01-30;332.04
8735980;12479972334;Mise en demeure;2023-02-03;2023-02-12;326.25
8735980;12479972334;1ere lettre de relance;2023-01-20;2023-02-02;311.25
8209048;11727212308;1ere lettre de relance;2023-01-20;2023-01-31;681.0
15050582;21500832305;Mise en demeure;2023-02-03;2023-03-08;86.53
15050582;21500832305;1ere lettre de relance;2023-01-20;2023-02-02;126.68
15165200;21664572302;1ere lettre de relance;2023-01-20;2023-02-02;1331.4
299230;427472376;Mise en demeure;2023-02-03;2023-02-08;818.19
299230;427472376;1ere lettre de relance;2023-01-20;2023-02-02;803.19
11564120;16520172302;1ere lettre de relance;2023-01-20;2023-01-31;363.54
13464445;19234922310;1ere lettre de relance;2023-01-20;2023-01-31;271.74
15283542;21833632302;1ere lettre de relance;2023-01-20;2023-01-29;618.51
631835;902622306;Mise en demeure;2023-02-03;2023-03-08;1518.12
631835;902622306;1ere lettre de relance;2023-01-20;2023-02-02;1503.12
5600190;8000272323;Mise en demeure;2023-02-03;2023-02-13;1504.65
5600190;8000272323;1ere lettre de relance;2023-01-20;2023-02-02;1489.65
12531779;17902542305;Mise en demeure;2023-02-03;2023-03-08;234.39
12531779;17902542305;1ere lettre de relance;2023-01-20;2023-02-02;219.39
3866752;5523932315;Mise en demeure;2023-02-24;2023-03-08;951.0
5498165;7854522315;1ere lettre de relance;2023-01-20;2023-01-22;646.44
15549703;22213862301;1ere lettre de relance;2023-01-20;2023-01-29;205.42
14993903;21419862301;1ere lettre de relance;2023-01-20;2023-01-23;2141.52
11291778;16131112308;Mise en demeure;2023-02-03;2023-02-15;893.58
11291778;16131112308;1ere lettre de relance;2023-01-20;2023-02-02;878.58
7709206;11013152336;1ere lettre de relance;2023-01-20;2023-02-09;424.14
9025899;12894142303;Annonce du contentieux;2023-03-17;2023-03-28;1986.26
9025899;12894142303;Mise en demeure;2023-02-03;2023-03-09;1986.26
9025899;12894142303;1ere lettre de relance;2023-01-20;2023-02-02;1971.26
9025899;12894142303;Suspension de garanties;2023-03-10;2023-03-16;1986.26
12663666;18090952309;Mise en demeure;2023-02-03;2023-02-07;569.28
12663666;18090952309;1ere lettre de relance;2023-01-20;2023-02-02;554.28
153777;219682311;Mise en demeure;2023-02-03;2023-02-06;509.4
153777;219682311;1ere lettre de relance;2023-01-20;2023-02-02;494.4
8097909;11568442336;Mise en demeure;2023-02-03;2023-02-05;672.39
8097909;11568442336;1ere lettre de relance;2023-01-20;2023-02-02;657.39
4276504;6109292323;1ere lettre de relance;2023-01-20;2023-01-29;545.13
5516288;7880412320;Mise en demeure;2023-02-03;2023-02-13;651.66
5516288;7880412320;1ere lettre de relance;2023-01-20;2023-02-02;636.66
8188307;11697582306;1ere lettre de relance;2023-01-20;2023-01-26;270.63
12794132;18277332304;Mise en demeure;2023-02-03;2023-02-08;1080.24
12794132;18277332304;1ere lettre de relance;2023-01-20;2023-02-02;1065.24
14038634;20055192304;Mise en demeure;2023-02-03;2023-03-05;399.81
14038634;20055192304;1ere lettre de relance;2023-01-20;2023-02-02;384.81
3935030;5621472376;1ere lettre de relance;2023-01-20;2023-01-26;477.03
3892995;5561422332;1ere lettre de relance;2023-01-20;2023-01-23;613.71
3928065;5611522315;Mise en demeure;2023-02-03;2023-03-09;1483.92
3928065;5611522315;Annonce du contentieux;2023-03-17;2023-05-22;30.0
3928065;5611522315;1ere lettre de relance;2023-01-20;2023-02-02;1468.92
3928065;5611522315;Suspension de garanties;2023-03-10;2023-03-16;1483.92
14908685;21298122302;1ere lettre de relance;2023-01-20;2023-02-08;139.53
11737664;16768092301;Mise en demeure;2023-02-03;2023-02-07;232.2
11737664;16768092301;1ere lettre de relance;2023-01-20;2023-02-02;217.2
14240577;20343682303;Mise en demeure;2023-02-03;2023-02-16;132.93
14240577;20343682303;1ere lettre de relance;2023-01-20;2023-02-02;117.93
88383;126262308;1ere lettre de relance;2023-01-20;2023-01-30;458.73
5262160;7517372304;1ere lettre de relance;2023-01-20;2023-01-29;681.0
15453607;22076582301;1ere lettre de relance;2023-01-20;2023-02-02;1205.06
11125500;15893572302;1ere lettre de relance;2023-01-20;2023-01-25;253.92
4717728;6739612338;Mise en demeure;2023-02-03;2023-02-06;660.45
4717728;6739612338;1ere lettre de relance;2023-01-20;2023-02-02;645.45
11141733;15916762304;Mise en demeure;2023-02-03;2023-02-10;241.68
11141733;15916762304;1ere lettre de relance;2023-01-20;2023-02-02;226.68
11804969;16864242314;Mise en demeure;2023-02-03;2023-02-14;403.02
11804969;16864242314;1ere lettre de relance;2023-01-20;2023-02-02;388.02
13372745;19103922302;1ere lettre de relance;2023-01-20;2023-01-24;171.75
9380225;13400322307;1ere lettre de relance;2023-01-20;2023-01-26;630.09
11217599;16025142321;Mise en demeure;2023-02-03;2023-02-06;280.44
11217599;16025142321;1ere lettre de relance;2023-01-20;2023-02-02;265.44
7633767;10905382338;Mise en demeure;2023-02-03;2023-02-16;1292.01
7633767;10905382338;1ere lettre de relance;2023-01-20;2023-02-02;1277.01
9267098;13238712319;Mise en demeure;2023-02-03;2023-03-07;910.74
3983862;5691232307;Mise en demeure;2023-02-03;2023-03-07;1372.44
3983862;5691232307;1ere lettre de relance;2023-01-20;2023-02-02;1357.44
9267098;13238712319;1ere lettre de relance;2023-01-20;2023-02-02;895.74
15510615;22158022301;1ere lettre de relance;2023-01-20;2023-01-27;431.87
8104972;11578532323;1ere lettre de relance;2023-01-20;2023-01-27;700.02
640081;914402307;1ere lettre de relance;2023-01-20;2023-02-02;1503.18
9485778;13551112321;Mise en demeure;2023-02-03;2023-02-09;274.47
9485778;13551112321;1ere lettre de relance;2023-01-20;2023-02-02;259.47
4651263;6644662325;Mise en demeure;2023-02-03;2023-02-05;268.26
4651263;6644662325;1ere lettre de relance;2023-01-20;2023-02-02;253.26
13163921;18805602309;1ere lettre de relance;2023-01-20;2023-01-25;466.83
12620602;18029432301;1ere lettre de relance;2023-01-20;2023-01-25;140.8
5346846;7638352354;Mise en demeure;2023-02-03;2023-02-22;2368.05
5346846;7638352354;1ere lettre de relance;2023-01-20;2023-02-02;2353.05
13923183;19890262305;1ere lettre de relance;2023-01-20;2023-02-01;164.94
15070637;21529482303;1ere lettre de relance;2023-01-20;2023-02-01;154.35
4910200;7014572350;Mise en demeure;2023-02-03;2023-02-26;30.92
4910200;7014572350;1ere lettre de relance;2023-01-20;2023-02-02;15.92
8973035;12818622313;Mise en demeure;2023-02-03;2023-02-12;176.34
8973035;12818622313;1ere lettre de relance;2023-01-20;2023-02-02;161.34
15134701;21621002303;Mise en demeure;2023-02-03;2023-02-12;480.09
15134701;21621002303;1ere lettre de relance;2023-01-20;2023-02-02;465.09
8181706;11688152330;Mise en demeure;2023-02-03;2023-02-21;699.84
8181706;11688152330;1ere lettre de relance;2023-01-20;2023-02-02;684.84
5209030;7441472336;1ere lettre de relance;2023-01-20;2023-01-29;1609.23
4335143;6193062318;1ere lettre de relance;2023-01-20;2023-01-23;467.08
14406323;20580462305;Mise en demeure;2023-02-03;2023-03-09;35.61
14406323;20580462305;1ere lettre de relance;2023-01-20;2023-02-02;20.61
14406323;20580462305;Suspension de garanties;2023-03-10;2023-03-15;35.61
5051292;7216132312;1ere lettre de relance;2023-01-20;2023-01-31;2223.96
11928400;17040572313;1ere lettre de relance;2023-01-20;2023-01-26;154.38
13913999;19877142306;Mise en demeure;2023-02-03;2023-02-15;107.48
13913999;19877142306;1ere lettre de relance;2023-01-20;2023-02-02;53.74
15023555;21462222302;Mise en demeure;2023-02-03;2023-02-21;99.33
15023555;21462222302;1ere lettre de relance;2023-01-20;2023-02-02;84.33
10204748;14578212302;1ere lettre de relance;2023-01-20;2023-01-31;85.68
9426950;13467072308;1ere lettre de relance;2023-01-20;2023-01-23;2665.74
10815967;15451382312;1ere lettre de relance;2023-01-20;2023-01-26;189.69
14931477;21330682303;Mise en demeure;2023-02-03;2023-02-13;124.54
14931477;21330682303;1ere lettre de relance;2023-01-20;2023-02-02;109.54
5406409;7723442337;1ere lettre de relance;2023-01-20;2023-01-23;894.96
425748;608212305;Mise en demeure;2023-02-03;2023-03-09;1499.58
425748;608212305;1ere lettre de relance;2023-01-20;2023-02-02;1484.58
425748;608212305;Suspension de garanties;2023-03-10;2023-03-12;1499.58
14349931;20499902306;Mise en demeure;2023-02-03;2023-02-28;160.95
14349931;20499902306;1ere lettre de relance;2023-01-20;2023-02-02;145.95
8741328;12487612315;1er Impayé;2023-01-24;2023-02-14;171.2
9132761;1304680237;1er Impayé;2023-01-24;2023-01-29;175.43
4204880;6006972351;1ere lettre de relance;2023-01-20;2023-01-30;516.39
15124096;21605852302;1ere lettre de relance;2023-01-20;2023-01-22;338.04
13798723;19712462303;Mise en demeure;2023-02-03;2023-02-23;139.62
13798723;19712462303;1ere lettre de relance;2023-01-20;2023-02-02;186.93
10854460;15506372325;Annonce du contentieux;2023-03-17;2023-03-21;1032.76
10854460;15506372325;Mise en demeure;2023-02-03;2023-03-09;1032.76
10854460;15506372325;1ere lettre de relance;2023-01-20;2023-02-02;1017.76
10854460;15506372325;Suspension de garanties;2023-03-10;2023-03-16;1032.76
7779773;11113962305;1ere lettre de relance;2023-01-20;2023-01-29;880.2
5411764;7731092311;1ere lettre de relance;2023-01-20;2023-01-25;228.27
15305347;21864782301;Mise en demeure;2023-02-10;2023-02-26;403.31
15305347;21864782301;1ere lettre de relance;2023-01-20;2023-02-09;388.31
10487520;14982172318;Annonce du contentieux;2023-03-17;2023-04-03;507.21
10487520;14982172318;Mise en demeure;2023-02-03;2023-03-09;507.21
10487520;14982172318;1ere lettre de relance;2023-01-20;2023-02-02;492.21
10487520;14982172318;Suspension de garanties;2023-03-10;2023-03-16;507.21
14512849;20732642301;1ere lettre de relance;2023-01-20;2023-01-29;278.57
11756354;16794792306;Mise en demeure;2023-02-03;2023-02-13;190.86
5561550;7945072328;1ere lettre de relance;2023-01-20;2023-01-23;1785.66
11756354;16794792306;1ere lettre de relance;2023-01-20;2023-02-02;175.86
13585559;19407942308;1ere lettre de relance;2023-01-20;2023-01-30;4377.32
5781630;8259472329;Mise en demeure;2023-02-03;2023-03-02;413.88
5781630;8259472329;1ere lettre de relance;2023-01-20;2023-02-02;398.88
3985052;5692932306;Mise en demeure;2023-02-03;2023-02-11;878.7
3985052;5692932306;1ere lettre de relance;2023-01-20;2023-02-02;863.7
8077749;11539642334;1ere lettre de relance;2023-01-20;2023-01-27;293.64
14222258;20317512310;Mise en demeure;2023-02-03;2023-02-06;293.7
14222258;20317512310;1ere lettre de relance;2023-01-20;2023-02-02;139.35
9134371;13049102321;1ere lettre de relance;2023-01-20;2023-01-30;166.35
8823557;12605082306;1ere lettre de relance;2023-01-20;2023-01-30;299.94
10625105;15178722307;Mise en demeure;2023-02-03;2023-02-13;213.03
10625105;15178722307;1ere lettre de relance;2023-01-20;2023-02-02;198.03
4326729;6181042354;1ere lettre de relance;2023-01-20;2023-01-26;565.5
4220378;6029112317;1ere lettre de relance;2023-01-20;2023-01-22;315.06
13604305;19434722304;1ere lettre de relance;2023-01-20;2023-01-22;990.09
14243881;20348402306;1ere lettre de relance;2023-01-20;2023-01-22;218.12
10836120;15480172302;1ere lettre de relance;2023-01-20;2023-02-01;660.93
12032819;17189742319;Mise en demeure;2023-02-03;2023-02-19;431.16
12032819;17189742319;1ere lettre de relance;2023-01-20;2023-02-02;416.16
10575699;15108142306;Mise en demeure;2023-02-03;2023-02-10;39.69
10575699;15108142306;1ere lettre de relance;2023-01-20;2023-02-02;24.69
6024908;8607012306;1ere lettre de relance;2023-01-20;2023-01-30;1094.7
13893538;19847912309;1ere lettre de relance;2023-01-20;2023-01-25;225.18
4821902;6888432309;Mise en demeure;2023-02-03;2023-02-06;544.98
4821902;6888432309;1ere lettre de relance;2023-01-20;2023-02-02;529.98
5279751;7542502324;1ere lettre de relance;2023-01-20;2023-01-31;561.24
3916739;5595342312;Mise en demeure;2023-02-03;2023-02-22;2489.64
3916739;5595342312;1ere lettre de relance;2023-01-20;2023-02-02;2474.64
5708655;8155222321;1ere lettre de relance;2023-01-20;2023-02-03;709.74
4781610;6830872346;Mise en demeure;2023-02-03;2023-03-09;558.84
4781610;6830872346;1ere lettre de relance;2023-01-20;2023-02-02;543.84
4781610;6830872346;Suspension de garanties;2023-03-10;2023-03-15;558.84
8121835;11602622336;1ere lettre de relance;2023-01-20;2023-01-30;40.41
10999213;15713162330;Mise en demeure;2023-02-03;2023-02-23;52.63
10999213;15713162330;1ere lettre de relance;2023-01-20;2023-02-02;37.63
4482220;6403172312;Mise en demeure;2023-02-03;2023-02-14;1504.08
4482220;6403172312;1ere lettre de relance;2023-01-20;2023-02-02;1489.08
12467701;17811002309;Mise en demeure;2023-02-03;2023-02-08;483.75
12467701;17811002309;1ere lettre de relance;2023-01-20;2023-02-02;468.75
3955659;5650942306;1ere lettre de relance;2023-01-20;2023-01-30;289.59
3979123;5684462322;Mise en demeure;2023-02-03;2023-02-06;35.24
3979123;5684462322;1ere lettre de relance;2023-01-20;2023-02-02;20.24
15092918;21561312301;Mise en demeure;2023-02-03;2023-03-03;326.19
15092918;21561312301;1ere lettre de relance;2023-01-20;2023-02-02;311.19
13453252;19218932306;Mise en demeure;2023-02-03;2023-02-09;167.46
13453252;19218932306;1ere lettre de relance;2023-01-20;2023-02-02;152.46
11967348;17096212310;Mise en demeure;2023-02-03;2023-02-09;1112.86
11967348;17096212310;1ere lettre de relance;2023-01-20;2023-02-02;1097.86
4890320;6986172319;1ere lettre de relance;2023-01-20;2023-01-26;1879.98
4729285;6756122358;Mise en demeure;2023-02-03;2023-02-12;730.08
4729285;6756122358;1ere lettre de relance;2023-01-20;2023-02-02;715.08
7764457;11092082335;1ere lettre de relance;2023-01-20;2023-01-29;332.64
11923577;17033682306;Mise en demeure;2023-02-03;2023-02-20;142.78
11923577;17033682306;1ere lettre de relance;2023-01-20;2023-02-02;63.89
5473924;7819892332;1ere lettre de relance;2023-01-20;2023-01-30;533.4
9164380;13091972340;1ere lettre de relance;2023-01-20;2023-01-25;274.35
12373901;17677002303;Mise en demeure;2023-02-03;2023-02-21;311.28
12373901;17677002303;1ere lettre de relance;2023-01-20;2023-02-02;296.28
15244405;21777722302;Mise en demeure;2023-02-24;2023-02-28;182.49
15244405;21777722302;1ere lettre de relance;2023-01-20;2023-02-23;470.49
14482392;20689132306;Mise en demeure;2023-02-03;2023-03-07;266.55
14482392;20689132306;1ere lettre de relance;2023-01-20;2023-02-02;251.55
8889637;12699482301;Mise en demeure;2023-02-03;2023-02-28;713.04
8889637;12699482301;1ere lettre de relance;2023-01-20;2023-02-02;698.04
10093777;14419682301;Mise en demeure;2023-02-03;2023-02-14;899.88
10093777;14419682301;1ere lettre de relance;2023-01-20;2023-02-02;946.92
10586542;15123632301;1ere lettre de relance;2023-01-20;2023-01-29;1315.68
14663916;20948452304;1ere lettre de relance;2023-01-20;2023-01-31;97.05
420365;600522308;1ere lettre de relance;2023-01-20;2023-01-29;532.32
13804407;19720582307;1ere lettre de relance;2023-01-20;2023-01-26;564.9
3953727;5648182319;1ere lettre de relance;2023-01-20;2023-01-23;1832.88
13775707;19679582304;Mise en demeure;2023-02-03;2023-02-22;972.72
13775707;19679582304;1ere lettre de relance;2023-01-20;2023-02-02;957.72
4923136;7033052317;1ere lettre de relance;2023-01-20;2023-02-02;1312.29
5698169;8140242321;Mise en demeure;2023-02-03;2023-03-09;1163.94
5698169;8140242321;Annonce du contentieux;2023-03-17;2023-04-02;1163.94
5698169;8140242321;1ere lettre de relance;2023-01-20;2023-02-02;1148.94
5698169;8140242321;Suspension de garanties;2023-03-10;2023-03-16;1163.94
11834719;16906742305;Mise en demeure;2023-02-03;2023-02-08;761.28
11834719;16906742305;1ere lettre de relance;2023-01-20;2023-02-02;746.28
10613527;15162182326;1ere lettre de relance;2023-01-20;2023-01-24;170.93
12886112;18408732308;Mise en demeure;2023-02-03;2023-02-07;230.28
12886112;18408732308;1ere lettre de relance;2023-01-20;2023-02-02;153.44
8790874;12558392315;Mise en demeure;2023-02-03;2023-02-27;2527.44
8790874;12558392315;1ere lettre de relance;2023-01-20;2023-02-02;2512.44
4220469;6029242360;1ere lettre de relance;2023-01-20;2023-01-29;305.58
12816658;18309512301;Mise en demeure;2023-02-03;2023-03-09;835.44
12816658;18309512301;Annonce du contentieux;2023-03-17;2023-03-28;835.44
12816658;18309512301;1ere lettre de relance;2023-01-20;2023-02-02;820.44
12816658;18309512301;Suspension de garanties;2023-03-10;2023-03-16;835.44
4968860;7098372328;1ere lettre de relance;2023-01-20;2023-01-31;1116.72
7894566;11277952362;Mise en demeure;2023-02-03;2023-03-09;1211.43
7894566;11277952362;Annonce du contentieux;2023-03-17;2023-03-19;1211.43
7894566;11277952362;1ere lettre de relance;2023-01-20;2023-02-02;1196.43
7894566;11277952362;Suspension de garanties;2023-03-10;2023-03-16;1211.43
14604101;20863002305;1ere lettre de relance;2023-01-20;2023-01-23;200.97
5903731;8433902322;1ere lettre de relance;2023-01-20;2023-02-02;816.39
12381797;17688282308;1ere lettre de relance;2023-01-20;2023-02-01;805.32
6068924;8669892372;1ere lettre de relance;2023-01-20;2023-01-29;1511.04
14536901;20767002304;Mise en demeure;2023-02-03;2023-02-07;179.67
14536901;20767002304;1ere lettre de relance;2023-01-20;2023-02-02;164.67
13423201;19176002310;Mise en demeure;2023-02-03;2023-02-06;277.92
13423201;19176002310;1ere lettre de relance;2023-01-20;2023-02-02;262.92
15244356;2177765231;1er Impayé;2023-01-08;2023-02-07;158.28
15271355;2181622231;Suspension de garanties;2023-03-31;2023-04-06;166.68
15271355;2181622231;Annonce du contentieux;2023-04-07;2023-06-05;166.68
15271355;2181622231;Mise en demeure;2023-02-24;2023-03-30;166.68
15271355;2181622231;1er Impayé;2023-01-08;2023-02-02;50.56
15271355;2181622231;2ème Impayé;2023-02-07;2023-02-23;151.68
15271355;2181622231;En recouvrement;2023-06-06;;621.72
15273889;2181984232;1er Impayé;2023-01-08;2023-01-17;109.36
15386687;2198098231;1er Impayé;2023-01-08;2023-01-23;124.17
12280479;17543542311;1er Impayé;2023-01-24;2023-02-14;101.76
13003964;1857709232;1er Impayé;2023-01-24;2023-02-02;92.03
15175203;21678862302;1ere lettre de relance;2023-01-20;2023-02-02;167.73
13975354;19964792304;1ere lettre de relance;2023-01-20;2023-01-22;642.84
14393051;20561502304;Mise en demeure;2023-02-03;2023-02-17;491.55
14393051;20561502304;1ere lettre de relance;2023-01-20;2023-02-02;476.55
5702859;8146942315;1ere lettre de relance;2023-01-20;2023-01-29;1352.04
10251438;14644912328;1ere lettre de relance;2023-01-20;2023-01-24;377.25
3220078;4600112359;Mise en demeure;2023-02-03;2023-02-09;451.23
3220078;4600112359;1ere lettre de relance;2023-01-20;2023-02-02;436.23
15278621;21826602301;1ere lettre de relance;2023-01-20;2023-01-25;120.75
11163216;15947452305;1ere lettre de relance;2023-01-20;2023-01-30;196.68
12595164;17993092311;Mise en demeure;2023-02-03;2023-02-10;345.36
12595164;17993092311;1ere lettre de relance;2023-01-20;2023-02-02;330.36
14602519;20860742306;Mise en demeure;2023-02-03;2023-03-08;274.65
14602519;20860742306;1ere lettre de relance;2023-01-20;2023-02-02;259.65
12365508;17665012304;1ere lettre de relance;2023-01-20;2023-01-30;450.15
11277169;16110242310;1ere lettre de relance;2023-01-20;2023-01-26;159.06
14101522;20145032302;Mise en demeure;2023-02-03;2023-03-09;275.16
14101522;20145032302;1ere lettre de relance;2023-01-20;2023-02-02;260.16
8020699;11458142368;Mise en demeure;2023-02-03;2023-03-09;824.1
8020699;11458142368;1ere lettre de relance;2023-01-20;2023-02-02;809.1
8020699;11458142368;Suspension de garanties;2023-03-10;2023-03-10;809.1
11777417;16824882306;1ere lettre de relance;2023-01-20;2023-01-28;283.62
7723430;11033472311;1ere lettre de relance;2023-01-20;2023-01-30;1501.32
4994774;713539235;1er Impayé;2023-01-11;2023-01-26;1966.68
11387013;16267162313;Mise en demeure;2023-02-03;2023-03-05;432.36
11387013;16267162313;1ere lettre de relance;2023-01-20;2023-02-02;417.36
3859703;5513862305;Mise en demeure;2023-02-03;2023-02-07;647.16
3859703;5513862305;1ere lettre de relance;2023-01-20;2023-02-02;632.16
15115101;21593002302;1ere lettre de relance;2023-01-20;2023-01-24;209.4
4747023;6781462320;Mise en demeure;2023-02-03;2023-02-05;546.54
4747023;6781462320;1ere lettre de relance;2023-01-20;2023-02-02;531.54
13604375;19434822308;Mise en demeure;2023-02-03;2023-02-15;285.93
13604375;19434822308;1ere lettre de relance;2023-01-20;2023-02-02;270.93
13366669;19095242302;Mise en demeure;2023-02-03;2023-03-03;686.36
13366669;19095242302;1ere lettre de relance;2023-01-20;2023-02-02;671.36
14950552;21357932304;Mise en demeure;2023-02-03;2023-03-09;191.64
14950552;21357932304;1ere lettre de relance;2023-01-20;2023-02-02;176.64
10395792;14851132325;Mise en demeure;2023-02-03;2023-03-01;341.7
10395792;14851132325;1ere lettre de relance;2023-01-20;2023-02-02;326.7
14002353;2000336233;1er Impayé;2023-01-24;2023-02-14;67.81
14002353;2000336233;Mise en demeure;2023-03-17;2023-04-23;218.43
14347313;2049616231;1er Impayé;2023-01-24;2023-02-14;78.65
14799163;2114166231;1er Impayé;2023-01-24;2023-02-22;244.84
14799163;2114166231;2ème Impayé;2023-02-22;2023-03-07;402.24
15149954;2164279232;Mise en demeure;2023-02-10;2023-03-16;878.11
15149954;2164279232;1er Impayé;2023-01-24;2023-02-09;863.11
15149954;2164279232;Suspension de garanties;2023-03-17;2023-03-23;200.0
15149954;2164279232;Annonce du contentieux;2023-03-24;2023-03-29;200.0
15564550;2223507231;1er Impayé;2023-01-24;2023-02-03;276.63
15566202;2223743231;1er Impayé;2023-01-24;2023-01-25;63.43
15567588;2223941231;1er Impayé;2023-01-24;2023-01-25;106.08
15587013;2226716231;1er Impayé;2023-01-24;2023-02-02;99.3
7860539;11229342304;1ere lettre de relance;2023-01-20;2023-02-01;280.83
11505761;16436802311;Mise en demeure;2023-02-03;2023-02-07;272.37
11505761;16436802311;1ere lettre de relance;2023-01-20;2023-02-02;257.37
6019567;8599382332;1ere lettre de relance;2023-01-20;2023-01-29;210.66
13364485;19092122311;Mise en demeure;2023-02-03;2023-02-15;166.59
13364485;19092122311;1ere lettre de relance;2023-01-20;2023-02-02;151.59
13432700;19189572310;Mise en demeure;2023-02-03;2023-02-14;156.48
13432700;19189572310;1ere lettre de relance;2023-01-20;2023-02-02;141.48
9690626;13843752301;1ere lettre de relance;2023-01-20;2023-02-02;77.17
5114138;7305912314;1ere lettre de relance;2023-01-20;2023-01-26;389.89
5496569;7852242304;1ere lettre de relance;2023-01-20;2023-01-31;832.08
5417427;7739182326;Mise en demeure;2023-02-03;2023-03-09;2115.36
5417427;7739182326;1ere lettre de relance;2023-01-20;2023-02-02;2100.36
5417427;7739182326;Suspension de garanties;2023-03-10;2023-03-15;30.0
15453159;22075942301;1ere lettre de relance;2023-01-20;2023-02-14;312.35
11174696;15963852318;1ere lettre de relance;2023-01-20;2023-02-02;222.03
5838967;8341382305;Mise en demeure;2023-02-03;2023-02-21;79.08
5838967;8341382305;1ere lettre de relance;2023-01-20;2023-02-02;64.08
13360971;19087102315;1ere lettre de relance;2023-01-20;2023-02-03;496.47
13521579;19316542304;1ere lettre de relance;2023-01-20;2023-01-21;484.38
14674360;20963372306;1ere lettre de relance;2023-01-20;2023-01-22;154.44
14819764;21171092302;1ere lettre de relance;2023-01-20;2023-01-21;281.91
7923840;11319772345;1ere lettre de relance;2023-01-20;2023-01-24;442.92
15269374;21813392301;1ere lettre de relance;2023-01-20;2023-02-01;694.77
10162531;14517902319;1ere lettre de relance;2023-01-20;2023-01-31;286.2
15283465;21833522301;1ere lettre de relance;2023-01-20;2023-02-14;451.05
12582172;17974532308;1ere lettre de relance;2023-01-20;2023-01-25;76.84
7183625;10262322326;1ere lettre de relance;2023-01-20;2023-01-30;693.78
11919265;17027522302;1ere lettre de relance;2023-01-20;2023-01-22;369.39
5488610;7840872350;1ere lettre de relance;2023-01-20;2023-01-31;611.13
11258003;16082862324;1ere lettre de relance;2023-01-20;2023-01-22;324.69
15273259;21818942302;Annonce du contentieux;2023-03-17;2023-03-24;100.98
15273259;21818942302;Mise en demeure;2023-02-03;2023-03-09;100.98
15273259;21818942302;1ere lettre de relance;2023-01-20;2023-02-02;85.98
15273259;21818942302;Suspension de garanties;2023-03-10;2023-03-16;100.98
4438855;6341222312;Mise en demeure;2023-02-03;2023-02-10;552.51
4438855;6341222312;1ere lettre de relance;2023-01-20;2023-02-02;537.51
4400586;6286552313;1ere lettre de relance;2023-01-20;2023-01-24;980.64
13226074;18894392308;Mise en demeure;2023-02-03;2023-03-09;155.36
13226074;18894392308;Annonce du contentieux;2023-03-17;2023-03-24;155.36
13226074;18894392308;1ere lettre de relance;2023-01-20;2023-02-02;140.36
13226074;18894392308;Suspension de garanties;2023-03-10;2023-03-16;155.36
14002353;2000336233;2ème Impayé;2023-02-27;2023-03-16;203.43
15566202;2223743231;2ème Impayé;2023-02-08;2023-02-19;130.06
12870446;18386352305;Mise en demeure;2023-02-03;2023-03-09;304.33
12870446;18386352305;Annonce du contentieux;2023-03-17;2023-06-04;138.58
12870446;18386352305;1ere lettre de relance;2023-01-20;2023-02-02;289.33
12870446;18386352305;Suspension de garanties;2023-03-10;2023-03-16;138.58
12395748;17708212309;Mise en demeure;2023-02-03;2023-02-13;236.19
12395748;17708212309;1ere lettre de relance;2023-01-20;2023-02-02;221.19
15363083;21947262301;1ere lettre de relance;2023-01-20;2023-01-25;76.84
7886075;11265822338;Mise en demeure;2023-02-03;2023-03-03;1176.48
7886075;11265822338;1ere lettre de relance;2023-01-20;2023-02-02;1161.48
14309835;20442622312;1ere lettre de relance;2023-01-20;2023-01-30;85.6
14224456;20320652308;Mise en demeure;2023-02-03;2023-02-12;530.19
14224456;20320652308;1ere lettre de relance;2023-01-20;2023-02-02;515.19
12731349;18187642301;Mise en demeure;2023-02-03;2023-02-10;1614.96
4841341;6916202329;Mise en demeure;2023-02-03;2023-02-10;867.66
5192874;7418392368;Mise en demeure;2023-02-03;2023-02-10;563.34
5192874;7418392368;1ere lettre de relance;2023-01-20;2023-02-02;548.34
12731349;18187642301;1ere lettre de relance;2023-01-20;2023-02-02;1599.96
4841341;6916202329;1ere lettre de relance;2023-01-20;2023-02-02;852.66
8835471;12622102320;1ere lettre de relance;2023-01-20;2023-01-28;283.95
4681734;6688192324;1ere lettre de relance;2023-01-20;2023-01-24;147.0
11329865;16185522310;Mise en demeure;2023-02-03;2023-02-21;268.68
11329865;16185522310;1ere lettre de relance;2023-01-20;2023-02-02;253.68
8667156;12381652311;1ere lettre de relance;2023-01-20;2023-01-22;1133.22
5670792;8101132323;1ere lettre de relance;2023-01-20;2023-01-27;252.66
15068607;21526582301;1ere lettre de relance;2023-01-20;2023-01-28;188.98
4463572;6376532315;Mise en demeure;2023-02-03;2023-02-06;906.96
4463572;6376532315;1ere lettre de relance;2023-01-20;2023-02-02;891.96
9631350;13759072304;Mise en demeure;2023-02-03;2023-02-12;2684.76
9631350;13759072304;1ere lettre de relance;2023-01-20;2023-02-02;2669.76
8000980;11429972305;Mise en demeure;2023-02-03;2023-02-14;401.19
8000980;11429972305;1ere lettre de relance;2023-01-20;2023-02-02;386.19
13468680;19240972304;Mise en demeure;2023-02-03;2023-03-09;230.97
13468680;19240972304;Annonce du contentieux;2023-03-17;2023-05-03;230.97
13468680;19240972304;1ere lettre de relance;2023-01-20;2023-02-02;215.97
13468680;19240972304;Suspension de garanties;2023-03-10;2023-03-16;230.97
7989073;11412962347;Mise en demeure;2023-02-03;2023-03-15;292.53
7989073;11412962347;1ere lettre de relance;2023-01-20;2023-02-02;277.53
11305022;16150032303;1ere lettre de relance;2023-01-20;2023-02-01;649.02
442317;631882383;1ere lettre de relance;2023-01-20;2023-01-24;989.85
5140913;7344162315;1ere lettre de relance;2023-01-20;2023-01-31;720.54
4382092;6260132345;1ere lettre de relance;2023-01-20;2023-01-29;419.58
8276101;11823002343;1ere lettre de relance;2023-01-20;2023-02-02;268.68
9271039;13244342306;Mise en demeure;2023-02-03;2023-02-08;376.11
9271039;13244342306;1ere lettre de relance;2023-01-20;2023-02-02;361.11
4314598;6163712364;1ere lettre de relance;2023-01-20;2023-01-24;1498.41
12457264;17796092317;Mise en demeure;2023-02-03;2023-02-05;442.41
12457264;17796092317;1ere lettre de relance;2023-01-20;2023-02-02;427.41
11012079;15731542311;1ere lettre de relance;2023-01-20;2023-01-22;372.63
227067;324382364;Mise en demeure;2023-02-03;2023-02-23;304.68
227067;324382364;1ere lettre de relance;2023-01-20;2023-02-02;289.68
9886633;14123762332;Mise en demeure;2023-02-03;2023-02-07;489.35
9886633;14123762332;1ere lettre de relance;2023-01-20;2023-02-02;474.35
14433189;20618842302;Mise en demeure;2023-02-03;2023-03-09;239.31
14433189;20618842302;Annonce du contentieux;2023-03-17;2023-03-19;239.31
14433189;20618842302;1ere lettre de relance;2023-01-20;2023-02-02;224.31
14433189;20618842302;Suspension de garanties;2023-03-10;2023-03-16;239.31
15432397;22046282301;1ere lettre de relance;2023-01-20;2023-02-07;354.47
11386705;16266722306;Mise en demeure;2023-02-03;2023-02-21;272.73
11386705;16266722306;1ere lettre de relance;2023-01-20;2023-02-02;257.73
5868864;8384092353;Mise en demeure;2023-02-03;2023-02-14;981.72
5868864;8384092353;1ere lettre de relance;2023-01-20;2023-02-02;966.72
14788593;21126562301;1ere lettre de relance;2023-01-20;2023-01-31;833.34
5628869;8041242314;Mise en demeure;2023-02-03;2023-02-07;627.81
5628869;8041242314;1ere lettre de relance;2023-01-20;2023-02-02;612.81
5950561;8500802315;1ere lettre de relance;2023-01-20;2023-02-01;77.1
15192122;21703032302;Mise en demeure;2023-02-03;2023-02-07;255.09
15192122;21703032302;1ere lettre de relance;2023-01-20;2023-02-02;240.09
13105919;18722742306;Mise en demeure;2023-02-03;2023-02-10;315.18
13105919;18722742306;1ere lettre de relance;2023-01-20;2023-02-02;315.18
15498498;22140712301;Mise en demeure;2023-02-03;2023-02-20;237.18
15498498;22140712301;1ere lettre de relance;2023-01-20;2023-02-02;222.18
11602599;16575142303;1ere lettre de relance;2023-01-20;2023-02-02;305.25
32628;46612313;1ere lettre de relance;2023-01-20;2023-01-30;1143.84
10307067;14724382314;Mise en demeure;2023-02-03;2023-03-02;165.33
10307067;14724382314;1ere lettre de relance;2023-01-20;2023-02-02;150.33
7086416;10123452310;Mise en demeure;2023-02-03;2023-02-13;1950.78
7086416;10123452310;1ere lettre de relance;2023-01-20;2023-02-02;1935.78
4387062;6267232324;1ere lettre de relance;2023-01-20;2023-01-23;1432.5
3867193;5524562353;1ere lettre de relance;2023-01-20;2023-01-29;820.92
11152576;15932252302;Mise en demeure;2023-02-03;2023-02-07;38.48
11152576;15932252302;1ere lettre de relance;2023-01-20;2023-02-02;23.48
107087;152982364;1ere lettre de relance;2023-01-20;2023-01-30;668.07
15323568;21890812302;1ere lettre de relance;2023-01-20;2023-01-31;589.0
5059363;7227662312;Mise en demeure;2023-02-03;2023-02-13;1211.67
5059363;7227662312;1ere lettre de relance;2023-01-20;2023-02-02;1196.67
12088420;17269172312;Mise en demeure;2023-02-03;2023-02-07;165.0
12088420;17269172312;1ere lettre de relance;2023-01-20;2023-02-02;352.65
12164895;17378422311;1ere lettre de relance;2023-01-20;2023-01-30;229.11
13550020;19357172303;1ere lettre de relance;2023-01-20;2023-01-25;238.77
4353518;6219312328;1ere lettre de relance;2023-01-20;2023-02-02;513.0
12620924;18029892301;1ere lettre de relance;2023-01-20;2023-01-24;105.06
13519206;19313152301;Mise en demeure;2023-02-03;2023-02-07;131.82
13519206;19313152301;1ere lettre de relance;2023-01-20;2023-02-02;26.76
14667311;20953302301;Mise en demeure;2023-02-03;2023-02-05;259.48
14667311;20953302301;1ere lettre de relance;2023-01-20;2023-02-02;244.48
13179818;18828312304;Mise en demeure;2023-02-03;2023-02-21;932.7
13179818;18828312304;1ere lettre de relance;2023-01-20;2023-02-02;917.7
9656011;13794302313;Mise en demeure;2023-02-03;2023-02-22;483.9
9656011;13794302313;1ere lettre de relance;2023-01-20;2023-02-02;468.9
10406908;14867012328;1ere lettre de relance;2023-01-20;2023-01-24;306.84
7667031;10952902318;1ere lettre de relance;2023-01-20;2023-01-26;371.76
8261016;11801452310;1ere lettre de relance;2023-01-20;2023-01-31;678.24
10327444;14753492333;1ere lettre de relance;2023-01-20;2023-01-25;637.68
4952109;7074442356;1ere lettre de relance;2023-01-20;2023-01-28;827.97
14610506;20872152303;Mise en demeure;2023-02-03;2023-02-21;164.56
14610506;20872152303;1ere lettre de relance;2023-01-20;2023-02-02;82.28
10531466;15044952321;1ere lettre de relance;2023-01-20;2023-01-31;436.05
13573687;19390982303;1ere lettre de relance;2023-01-20;2023-02-01;736.89
11199273;15998962304;Mise en demeure;2023-02-03;2023-02-20;246.84
11199273;15998962304;1ere lettre de relance;2023-01-20;2023-02-02;246.84
3968063;5668662356;1ere lettre de relance;2023-01-20;2023-01-27;544.53
99471;142102338;Mise en demeure;2023-02-03;2023-02-24;1140.84
99471;142102338;1ere lettre de relance;2023-01-20;2023-02-02;1125.84
13212886;18875552305;1ere lettre de relance;2023-01-20;2023-01-25;105.06
13849620;19785172307;Mise en demeure;2023-02-03;2023-03-09;385.29
13849620;19785172307;1ere lettre de relance;2023-01-20;2023-02-02;370.29
13849620;19785172307;Suspension de garanties;2023-03-10;2023-03-13;385.29
5545576;7922252312;1ere lettre de relance;2023-01-20;2023-01-25;1374.4
15485324;22121892301;1ere lettre de relance;2023-01-20;2023-01-30;420.12
14529691;20756702307;Mise en demeure;2023-02-03;2023-02-21;157.45
14529691;20756702307;1ere lettre de relance;2023-01-20;2023-02-02;142.45
10344965;14778522307;En recouvrement;2023-04-13;;934.55
10344965;14778522307;Suspension de garanties;2023-03-17;2023-03-23;934.55
10344965;14778522307;Mise en demeure;2023-02-03;2023-03-16;948.72
10344965;14778522307;1ere lettre de relance;2023-01-20;2023-02-02;933.72
10344965;14778522307;Annonce du contentieux;2023-03-24;2023-04-12;934.55
4221043;6030062304;1ere lettre de relance;2023-01-20;2023-01-26;530.46
5042311;7203302309;1ere lettre de relance;2023-01-20;2023-01-30;721.68
13642371;19489102301;1ere lettre de relance;2023-01-20;2023-02-02;244.23
11473827;16391182306;Mise en demeure;2023-02-03;2023-02-13;1080.96
11473827;16391182306;1ere lettre de relance;2023-01-20;2023-02-02;1065.96
11757908;16797012305;1ere lettre de relance;2023-01-20;2023-01-24;547.29
13937057;19910082306;Mise en demeure;2023-02-03;2023-02-14;130.8
13937057;19910082306;1ere lettre de relance;2023-01-20;2023-02-02;115.8
441547;630782330;Mise en demeure;2023-02-03;2023-02-12;814.02
441547;630782330;1ere lettre de relance;2023-01-20;2023-02-02;799.02
11942204;17060292306;Mise en demeure;2023-02-03;2023-02-06;2367.96
140813;201162308;1ere lettre de relance;2023-01-20;2023-01-30;1221.24
11942204;17060292306;1ere lettre de relance;2023-01-20;2023-02-02;2352.96
13349141;19070202301;1ere lettre de relance;2023-01-20;2023-04-10;176.55
4769465;6813522301;1ere lettre de relance;2023-01-20;2023-01-29;1028.31
4533145;6475922310;1ere lettre de relance;2023-01-20;2023-02-02;506.49
10969393;15670562305;Mise en demeure;2023-02-03;2023-03-09;462.51
10969393;15670562305;1ere lettre de relance;2023-01-20;2023-02-02;447.51
10969393;15670562305;Suspension de garanties;2023-03-10;2023-03-15;462.51
3983127;5690182309;Mise en demeure;2023-02-03;2023-02-07;2061.12
3983127;5690182309;1ere lettre de relance;2023-01-20;2023-02-02;2046.12
4483676;6405252316;Mise en demeure;2023-02-03;2023-02-21;1168.92
4483676;6405252316;1ere lettre de relance;2023-01-20;2023-02-02;1153.92
8681737;12402482313;Annonce du contentieux;2023-03-17;2023-04-10;1354.8
8681737;12402482313;Mise en demeure;2023-02-03;2023-03-09;2035.63
8681737;12402482313;1ere lettre de relance;2023-01-20;2023-02-02;2020.63
8681737;12402482313;Suspension de garanties;2023-03-10;2023-03-16;1500.0
13609772;19442532307;1ere lettre de relance;2023-01-20;2023-01-21;990.09
15348999;21927142302;Mise en demeure;2023-02-03;2023-02-10;107.24
15348999;21927142302;1ere lettre de relance;2023-01-20;2023-02-02;107.24
8188937;1169848237;1er Impayé;2023-01-11;2023-01-21;165.52
8135527;1162218239;1er Impayé;2023-01-11;2023-02-02;503.0
8237328;1176761234;1er Impayé;2023-01-11;2023-02-14;558.64
8531307;1218758231;1er Impayé;2023-01-11;2023-01-29;2500.32
5059314;7227592341;1ere lettre de relance;2023-01-20;2023-02-01;1152.87
5966486;8523552307;1ere lettre de relance;2023-01-20;2023-01-31;686.91
3898567;5569382322;Mise en demeure;2023-02-03;2023-02-12;1265.82
3898567;5569382322;1ere lettre de relance;2023-01-20;2023-02-02;1250.82
8951132;12787332304;1ere lettre de relance;2023-01-20;2023-01-29;410.01
7610765;10872522319;Mise en demeure;2023-02-03;2023-02-12;562.26
7610765;10872522319;1ere lettre de relance;2023-01-20;2023-02-02;547.26
14399862;20571232306;1ere lettre de relance;2023-01-20;2023-01-31;194.64
9097201;12996002303;Mise en demeure;2023-02-03;2023-02-20;392.37
9097201;12996002303;1ere lettre de relance;2023-01-20;2023-02-02;377.37
3944767;5635382321;1ere lettre de relance;2023-01-20;2023-01-30;549.51
12888317;18411882310;1ere lettre de relance;2023-01-20;2023-01-25;189.51
9654709;13792442310;1ere lettre de relance;2023-01-20;2023-01-23;718.28
4286640;6123772309;1ere lettre de relance;2023-01-20;2023-01-23;1236.88
11969938;17099912307;Mise en demeure;2023-02-03;2023-02-04;664.56
11969938;17099912307;1ere lettre de relance;2023-01-20;2023-02-02;649.56
13346936;19067052303;1ere lettre de relance;2023-01-20;2023-02-22;276.36
5047295;7210422316;1ere lettre de relance;2023-01-20;2023-01-29;2212.68
7280687;10400982330;1ere lettre de relance;2023-01-20;2023-01-23;1762.11
10270597;14672282307;Mise en demeure;2023-02-03;2023-02-15;533.03
10270597;14672282307;1ere lettre de relance;2023-01-20;2023-02-02;518.03
12456417;17794882314;Mise en demeure;2023-02-03;2023-02-14;337.41
12456417;17794882314;1ere lettre de relance;2023-01-20;2023-02-02;322.41
12844049;18348642307;1ere lettre de relance;2023-01-20;2023-01-26;216.45
15253526;21790752302;1ere lettre de relance;2023-01-20;2023-03-03;407.69
14523244;20747492303;Mise en demeure;2023-02-03;2023-02-07;220.12
14523244;20747492303;1ere lettre de relance;2023-01-20;2023-02-02;205.12
15187411;21696302302;1ere lettre de relance;2023-01-20;2023-02-02;214.17
9271928;13245612304;1ere lettre de relance;2023-01-20;2023-01-29;1444.2
15288246;21840352302;Mise en demeure;2023-02-03;2023-02-10;315.18
15288246;21840352302;1ere lettre de relance;2023-01-20;2023-02-02;315.18
14716199;21023142303;1ere lettre de relance;2023-01-20;2023-02-17;279.62
5791066;8272952322;Mise en demeure;2023-02-03;2023-02-13;479.97
5791066;8272952322;1ere lettre de relance;2023-01-20;2023-02-02;464.97
5555943;7937062331;Mise en demeure;2023-02-03;2023-02-13;2534.91
5555943;7937062331;1ere lettre de relance;2023-01-20;2023-02-02;2519.91
7954906;11364152307;1ere lettre de relance;2023-01-20;2023-01-31;187.11
4683148;6690212326;1ere lettre de relance;2023-01-20;2023-02-02;451.26
14470821;20672602304;Mise en demeure;2023-03-03;2023-04-26;253.68
14470821;20672602304;1ere lettre de relance;2023-01-20;2023-03-02;238.68
4912748;7018212337;Mise en demeure;2023-02-03;2023-02-08;661.44
4912748;7018212337;1ere lettre de relance;2023-01-20;2023-02-02;646.44
10330461;14757802339;Mise en demeure;2023-02-03;2023-03-07;627.69
10330461;14757802339;1ere lettre de relance;2023-01-20;2023-02-02;612.69
5150643;7358062354;1ere lettre de relance;2023-01-20;2023-01-30;981.9
4992765;7132522313;Mise en demeure;2023-02-03;2023-02-19;240.3
4992765;7132522313;1ere lettre de relance;2023-01-20;2023-02-02;225.3
11745539;16779342301;1ere lettre de relance;2023-01-20;2023-01-25;371.31
14180258;20257512303;Mise en demeure;2023-02-03;2023-02-10;161.22
14180258;20257512303;1ere lettre de relance;2023-01-20;2023-02-02;161.22
4829385;6899122307;1ere lettre de relance;2023-01-20;2023-01-25;468.66
5788861;8269802357;Mise en demeure;2023-02-03;2023-02-23;500.67
5788861;8269802357;1ere lettre de relance;2023-01-20;2023-02-02;485.67
14244245;20348922305;1ere lettre de relance;2023-01-20;2023-01-22;199.59
5380999;7687142353;1ere lettre de relance;2023-01-20;2023-01-22;920.49
14586860;20838372304;Mise en demeure;2023-02-03;2023-03-12;607.25
14586860;20838372304;1ere lettre de relance;2023-01-20;2023-02-02;592.25
13476828;19252612302;Mise en demeure;2023-02-03;2023-02-06;312.48
13476828;19252612302;1ere lettre de relance;2023-01-20;2023-02-02;297.48
4568761;6526802356;Mise en demeure;2023-02-03;2023-02-06;477.03
12299071;17570102302;1ere lettre de relance;2023-01-20;2023-01-25;572.16
93843;134062378;1ere lettre de relance;2023-01-20;2023-02-01;856.74
4568761;6526802356;1ere lettre de relance;2023-01-20;2023-02-02;462.03
15232708;21761012302;Mise en demeure;2023-02-03;2023-02-06;323.42
15232708;21761012302;1ere lettre de relance;2023-01-20;2023-02-02;308.42
15514927;22164182301;1ere lettre de relance;2023-01-20;2023-01-23;414.68
10351748;14788212321;Mise en demeure;2023-02-03;2023-02-27;350.97
10351748;14788212321;1ere lettre de relance;2023-01-20;2023-02-02;335.97
12013303;17161862311;Mise en demeure;2023-02-03;2023-03-09;161.25
12013303;17161862311;1ere lettre de relance;2023-01-20;2023-02-02;146.25
12013303;17161862311;Suspension de garanties;2023-03-10;2023-03-13;161.25
7189694;10270992310;1ere lettre de relance;2023-01-20;2023-01-25;2243.76
4278352;6111932347;Mise en demeure;2023-02-03;2023-02-23;308.85
4278352;6111932347;1ere lettre de relance;2023-01-20;2023-02-02;293.85
14515894;20736992302;Mise en demeure;2023-02-03;2023-03-09;468.96
14515894;20736992302;Annonce du contentieux;2023-03-17;2023-04-26;468.96
14515894;20736992302;1ere lettre de relance;2023-01-20;2023-02-02;453.96
14515894;20736992302;Suspension de garanties;2023-03-10;2023-03-16;468.96
11257275;16081822310;1ere lettre de relance;2023-01-20;2023-01-26;179.58
11551219;16501742304;Mise en demeure;2023-02-03;2023-03-09;586.5
11551219;16501742304;1ere lettre de relance;2023-01-20;2023-02-02;571.5
11551219;16501742304;Suspension de garanties;2023-03-10;2023-03-14;586.5
5727247;8181782328;1ere lettre de relance;2023-01-20;2023-01-21;615.27
5128838;7326912312;Mise en demeure;2023-02-03;2023-02-28;517.77
5128838;7326912312;1ere lettre de relance;2023-01-20;2023-02-02;502.77
4399375;6284822333;Mise en demeure;2023-02-03;2023-02-12;1462.41
4399375;6284822333;1ere lettre de relance;2023-01-20;2023-02-02;1447.41
5228798;7469712309;1ere lettre de relance;2023-01-20;2023-02-16;1194.06
12297195;17567422308;Mise en demeure;2023-02-03;2023-02-10;237.66
12297195;17567422308;1ere lettre de relance;2023-01-20;2023-02-02;222.66
5228798;7469712309;Mise en demeure;2023-02-17;2023-02-23;1209.06
4678087;6682982303;1ere lettre de relance;2023-01-20;2023-01-24;1018.86
14245323;20350462307;1ere lettre de relance;2023-01-20;2023-01-30;198.57
15090244;21557492307;1ere lettre de relance;2023-01-20;2023-01-25;76.84
10635199;15193142312;Mise en demeure;2023-02-03;2023-02-12;709.95
10635199;15193142312;1ere lettre de relance;2023-01-20;2023-02-02;694.95
3909494;5584992313;Mise en demeure;2023-02-03;2023-02-20;45.69
3909494;5584992313;1ere lettre de relance;2023-01-20;2023-02-02;493.5
15501088;22144412301;1ere lettre de relance;2023-01-20;2023-02-03;193.07
8010535;11443622336;1ere lettre de relance;2023-01-20;2023-01-31;801.06
10026801;1432400234;1er Impayé;2023-01-11;2023-01-13;102.29
10190307;1455758235;1er Impayé;2023-01-11;2023-01-13;252.5
10441985;1491712231;1er Impayé;2023-01-11;2023-02-02;1631.88
10441985;1491712231;2ème Impayé;2023-02-09;2023-02-23;1631.88
10535071;1505010233;1er Impayé;2023-01-11;2023-02-02;88.95
10692137;1527448236;1er Impayé;2023-01-11;2023-02-02;111.59
11562433;1651776232;1er Impayé;2023-01-11;2023-01-26;514.77
11562433;1651776232;Mise en demeure;2023-01-27;2023-03-02;529.77
11606568;1658081234;1er Impayé;2023-01-11;2023-02-02;64.21
12137973;1733996231;1er Impayé;2023-01-11;2023-02-02;120.52
12375399;1767914231;1er Impayé;2023-01-11;2023-02-02;88.21
12550749;1792964231;1er Impayé;2023-01-11;2023-01-17;213.04
12859155;1837022231;1er Impayé;2023-01-11;2023-02-02;175.71
12956049;1850864233;1er Impayé;2023-01-11;2023-01-26;271.03
12956049;1850864233;Suspension de garanties;2023-03-03;2023-03-09;286.03
12956049;1850864233;Mise en demeure;2023-01-27;2023-03-02;286.03
12956049;1850864233;Annonce du contentieux;2023-03-10;2023-03-14;122.51
13372983;1910426232;1er Impayé;2023-01-11;2023-02-02;70.83
10441985;1491712231;Mise en demeure;2023-02-24;2023-03-13;1646.88
11562433;1651776232;Suspension de garanties;2023-03-03;2023-03-06;529.77
11606568;1658081234;2ème Impayé;2023-02-12;2023-02-24;192.63
12375399;1767914231;2ème Impayé;2023-02-06;2023-02-23;264.64
12375399;1767914231;Mise en demeure;2023-02-24;2023-03-06;279.64
13657484;1951069231;1er Impayé;2023-01-11;2023-02-02;76.84
13599832;1942833232;1er Impayé;2023-01-11;2023-02-02;157.85
13607238;1943891231;1er Impayé;2023-01-11;2023-02-02;60.31
13805261;1972180231;1er Impayé;2023-01-11;2023-02-02;58.95
13812282;1973183232;2ème Impayé;2023-02-12;2023-03-02;593.25
13812282;1973183232;1er Impayé;2023-01-11;2023-02-02;197.75
13812282;1973183232;Mise en demeure;2023-03-03;2023-03-21;608.25
13939059;1991294232;1er Impayé;2023-01-11;2023-01-12;119.39
13972393;1996056231;1er Impayé;2023-01-11;2023-01-15;138.95
14724207;21034582301;1ere lettre de relance;2023-01-20;2023-01-30;2908.2
13328498;19040712306;Mise en demeure;2023-02-03;2023-03-09;328.59
13328498;19040712306;Annonce du contentieux;2023-03-17;2023-03-22;328.59
13328498;19040712306;1ere lettre de relance;2023-01-20;2023-02-02;313.59
13328498;19040712306;Suspension de garanties;2023-03-10;2023-03-16;328.59
4373412;6247732354;Mise en demeure;2023-02-03;2023-02-12;508.47
4373412;6247732354;1ere lettre de relance;2023-01-20;2023-02-02;493.47
12686094;18122992301;1ere lettre de relance;2023-01-20;2023-01-24;105.06
15212128;21731612301;Mise en demeure;2023-02-03;2023-02-07;33.12
11116043;15880062301;1ere lettre de relance;2023-01-20;2023-01-26;103.23
15212128;21731612301;1ere lettre de relance;2023-01-20;2023-02-02;18.12
8725403;12464862341;1ere lettre de relance;2023-01-20;2023-02-01;274.31
4211768;6016812383;1ere lettre de relance;2023-01-20;2023-01-30;496.77
7131454;10187792308;Mise en demeure;2023-02-24;2023-03-28;558.18
7131454;10187792308;1ere lettre de relance;2023-01-20;2023-02-23;819.3
14415185;20593122305;Mise en demeure;2023-02-03;2023-02-06;444.96
14415185;20593122305;1ere lettre de relance;2023-01-20;2023-02-02;429.96
15176813;21681162302;Mise en demeure;2023-02-03;2023-03-09;261.5
15176813;21681162302;1ere lettre de relance;2023-01-20;2023-02-02;372.5
13471627;19245182303;Mise en demeure;2023-02-03;2023-02-07;283.86
13471627;19245182303;1ere lettre de relance;2023-01-20;2023-02-02;268.86
5702334;8146192320;Mise en demeure;2023-02-03;2023-02-08;1274.88
5702334;8146192320;1ere lettre de relance;2023-01-20;2023-02-02;1259.88
10228205;14611722301;Annonce du contentieux;2023-03-17;2023-04-02;32.07
10228205;14611722301;Mise en demeure;2023-02-03;2023-03-09;32.07
10228205;14611722301;1ere lettre de relance;2023-01-20;2023-02-02;17.07
10228205;14611722301;Suspension de garanties;2023-03-10;2023-03-16;32.07
10609460;15156372316;Mise en demeure;2023-02-03;2023-02-13;250.32
10609460;15156372316;1ere lettre de relance;2023-01-20;2023-02-02;235.32
4936730;7052472366;1ere lettre de relance;2023-01-20;2023-01-30;2190.18
13863928;19805612304;1ere lettre de relance;2023-01-20;2023-01-31;292.65
4277428;6110612349;1ere lettre de relance;2023-01-20;2023-02-02;308.31
15420749;22029642301;Annonce du contentieux;2023-03-17;2023-06-05;315.18
15420749;22029642301;Mise en demeure;2023-02-03;2023-03-09;210.12
15420749;22029642301;1ere lettre de relance;2023-01-20;2023-02-02;105.06
15420749;22029642301;Suspension de garanties;2023-03-10;2023-03-16;315.18
15420749;22029642301;En recouvrement;2023-06-06;2023-07-28;1050.6
15199409;21713442302;1ere lettre de relance;2023-01-20;2023-01-30;387.09
637925;911322308;Mise en demeure;2023-02-03;2023-03-06;516.45
637925;911322308;1ere lettre de relance;2023-01-20;2023-02-02;501.45
4435684;6336692308;Mise en demeure;2023-02-03;2023-02-14;65.0
4435684;6336692308;1ere lettre de relance;2023-01-20;2023-02-02;50.0
3924201;5606002377;1ere lettre de relance;2023-01-20;2023-01-22;393.27
15117166;21595952301;1ere lettre de relance;2023-01-20;2023-02-13;235.95
12354679;17649542313;1ere lettre de relance;2023-01-20;2023-01-31;422.1
7203666;10290952318;1ere lettre de relance;2023-01-20;2023-01-30;935.94
14878991;21255702303;1ere lettre de relance;2023-01-20;2023-01-31;197.19
5009166;7155952309;Mise en demeure;2023-02-03;2023-02-08;958.44
5009166;7155952309;1ere lettre de relance;2023-01-20;2023-02-02;943.44
5998420;8569172305;1ere lettre de relance;2023-01-20;2023-02-01;36.48
5720884;8172692303;Mise en demeure;2023-02-03;2023-03-02;1488.0
5720884;8172692303;1ere lettre de relance;2023-01-20;2023-02-02;1473.0
10243458;14633512305;Mise en demeure;2023-02-03;2023-02-15;275.27
10243458;14633512305;1ere lettre de relance;2023-01-20;2023-02-02;260.27
12019141;17170202313;Mise en demeure;2023-02-03;2023-03-09;179.91
12019141;17170202313;Annonce du contentieux;2023-03-17;2023-04-04;179.91
12019141;17170202313;En recouvrement;2023-04-05;2023-04-10;674.64
12019141;17170202313;1ere lettre de relance;2023-01-20;2023-02-02;164.91
12019141;17170202313;Suspension de garanties;2023-03-10;2023-03-16;179.91
9560251;13657502337;Mise en demeure;2023-02-03;2023-02-08;354.87
9560251;13657502337;1ere lettre de relance;2023-01-20;2023-02-02;339.87
7063001;10090002312;Mise en demeure;2023-02-03;2023-02-15;1192.56
7063001;10090002312;1ere lettre de relance;2023-01-20;2023-02-02;1177.56
13872846;19818352311;Mise en demeure;2023-02-03;2023-02-10;210.12
13872846;19818352311;1ere lettre de relance;2023-01-20;2023-02-02;105.06
3867802;5525432314;Mise en demeure;2023-02-03;2023-02-23;309.24
3867802;5525432314;1ere lettre de relance;2023-01-20;2023-02-02;294.24
14778366;21111952302;Mise en demeure;2023-02-03;2023-02-06;2008.68
14778366;21111952302;1ere lettre de relance;2023-01-20;2023-02-02;1993.68
12187575;17410822304;1ere lettre de relance;2023-01-20;2023-04-12;333.45
13449570;19213672306;Mise en demeure;2023-02-03;2023-03-09;169.16
13449570;19213672306;Annonce du contentieux;2023-03-17;2023-03-22;169.16
13449570;19213672306;1ere lettre de relance;2023-01-20;2023-02-02;154.16
13449570;19213672306;Suspension de garanties;2023-03-10;2023-03-16;169.16
5185111;7407302327;1ere lettre de relance;2023-01-20;2023-01-30;419.28
14798806;21141152304;1ere lettre de relance;2023-01-20;2023-02-02;176.07
5545191;7921702372;Mise en demeure;2023-02-03;2023-02-10;639.72
5545191;7921702372;1ere lettre de relance;2023-01-20;2023-02-02;624.72
14362104;2051729231;1er Impayé;2023-01-11;2023-01-15;69.67
14364554;2052079231;1er Impayé;2023-01-11;2023-01-15;121.66
14568331;2081190232;1er Impayé;2023-01-11;2023-01-26;347.01
14568331;2081190232;Mise en demeure;2023-01-27;2023-02-09;362.01
14709108;2101301233;1er Impayé;2023-01-11;2023-02-02;75.59
14745578;2106511232;1er Impayé;2023-01-11;2023-02-02;56.9
14987113;2141016231;1er Impayé;2023-01-11;2023-01-13;80.24
15133777;2161968231;1er Impayé;2023-01-11;2023-02-02;70.13
15157794;2165399231;1er Impayé;2023-01-11;2023-02-07;653.59
15201971;2171710231;1er Impayé;2023-01-11;2023-02-02;99.41
15242200;2177457231;2ème Impayé;2023-02-13;2023-03-02;211.64
15242200;2177457231;1er Impayé;2023-01-11;2023-01-17;211.64
15242200;2177457231;Mise en demeure;2023-03-03;2023-03-10;226.64
15263564;2180509231;1er Impayé;2023-01-11;2023-02-02;36.09
15278544;2182649231;1er Impayé;2023-01-11;2023-01-26;321.47
15278544;2182649231;Mise en demeure;2023-01-27;2023-03-13;336.47
15286685;2183812231;1er Impayé;2023-01-11;2023-02-02;84.71
15286685;2183812231;2ème Impayé;2023-02-07;2023-02-11;232.13
15296737;2185248231;1er Impayé;2023-01-11;2023-02-07;460.88
4895864;6994092342;1ere lettre de relance;2023-01-20;2023-01-31;1012.53
10772728;15389612302;Mise en demeure;2023-02-03;2023-02-06;495.15
10772728;15389612302;1ere lettre de relance;2023-01-20;2023-02-02;480.15
8166425;11666322332;Mise en demeure;2023-02-03;2023-02-14;815.25
8166425;11666322332;1ere lettre de relance;2023-01-20;2023-02-02;800.25
13516371;19309102309;1ere lettre de relance;2023-01-20;2023-01-31;229.38
13273961;18962802303;1ere lettre de relance;2023-01-20;2023-01-31;368.22
13055701;18651002303;Mise en demeure;2023-02-03;2023-02-22;269.1
13055701;18651002303;1ere lettre de relance;2023-01-20;2023-02-02;254.1
10856777;15509682316;Mise en demeure;2023-02-03;2023-02-08;1014.27
10856777;15509682316;1ere lettre de relance;2023-01-20;2023-02-02;999.27
13926669;19895242303;Mise en demeure;2023-02-03;2023-03-09;507.84
13926669;19895242303;Annonce du contentieux;2023-03-17;2023-03-22;507.84
13926669;19895242303;1ere lettre de relance;2023-01-20;2023-02-02;492.84
13926669;19895242303;Suspension de garanties;2023-03-10;2023-03-16;507.84
12876711;18395302315;1ere lettre de relance;2023-01-20;2023-01-29;294.0
13047147;18638782308;1ere lettre de relance;2023-01-20;2023-01-31;53.62
4274236;6106052303;1ere lettre de relance;2023-01-20;2023-02-01;928.14
8042623;11489462331;Mise en demeure;2023-02-03;2023-02-20;1181.52
8042623;11489462331;1ere lettre de relance;2023-01-20;2023-02-02;1166.52
8106645;11580922309;1ere lettre de relance;2023-01-20;2023-01-23;645.6
5754449;8220642344;1ere lettre de relance;2023-01-20;2023-02-02;582.63
15544243;22206062301;1ere lettre de relance;2023-01-20;2023-02-03;53.74
11873240;16961772310;Mise en demeure;2023-02-03;2023-02-07;122.67
11873240;16961772310;1ere lettre de relance;2023-01-20;2023-02-02;107.67
14868736;21241052302;1ere lettre de relance;2023-01-20;2023-02-02;344.97
13574177;19391682307;1ere lettre de relance;2023-01-20;2023-01-31;205.38
11127215;15896022375;1ere lettre de relance;2023-01-20;2023-01-29;124.64
4414803;6306862323;1ere lettre de relance;2023-01-20;2023-01-29;866.58
7634803;10906862308;1ere lettre de relance;2023-01-20;2023-01-24;6010.68
421338;601912380;1ere lettre de relance;2023-01-20;2023-01-24;271.41
13452209;19217442311;Mise en demeure;2023-02-03;2023-03-03;191.97
13452209;19217442311;1ere lettre de relance;2023-01-20;2023-02-02;176.97
14716122;21023032303;1ere lettre de relance;2023-01-20;2023-01-31;237.27
5730180;8185972308;1ere lettre de relance;2023-01-20;2023-02-02;657.2
13268683;18955262308;Mise en demeure;2023-02-03;2023-02-08;188.63
13268683;18955262308;1ere lettre de relance;2023-01-20;2023-02-02;173.63
12843132;18347332304;Mise en demeure;2023-02-03;2023-02-07;315.18
12843132;18347332304;1ere lettre de relance;2023-01-20;2023-02-02;315.18
13510701;19301002311;1ere lettre de relance;2023-01-20;2023-01-24;127.23
5128747;732678231;Suspension de garanties;2023-02-24;2023-02-28;155.76
5128747;732678231;Mise en demeure;2023-01-20;2023-02-23;155.76
5128747;732678231;1er Impayé;2023-01-05;2023-01-19;140.76
5505403;7864862311;1er Impayé;2023-01-05;2023-01-26;974.58
5505403;7864862311;Mise en demeure;2023-01-27;2023-03-01;664.72
5686479;812354231;Suspension de garanties;2023-02-24;2023-03-02;204.0
5686479;812354231;Mise en demeure;2023-01-20;2023-02-23;321.0
5686479;812354231;1er Impayé;2023-01-05;2023-01-19;306.0
13797316;19710452306;Mise en demeure;2023-02-03;2023-03-08;168.6
13797316;19710452306;1ere lettre de relance;2023-01-20;2023-02-02;153.6
11975692;17108132317;1ere lettre de relance;2023-01-20;2023-01-31;253.35
4200582;6000832316;Mise en demeure;2023-02-03;2023-03-03;800.4
9378979;13398542306;Mise en demeure;2023-02-03;2023-02-10;310.86
9053598;12933712313;Mise en demeure;2023-02-03;2023-02-26;127.18
9053598;12933712313;1ere lettre de relance;2023-01-20;2023-02-02;112.18
4200582;6000832316;1ere lettre de relance;2023-01-20;2023-02-02;785.4
9378979;13398542306;1ere lettre de relance;2023-01-20;2023-02-02;295.86
13849578;19785112304;Mise en demeure;2023-02-03;2023-03-10;382.24
13849578;19785112304;1ere lettre de relance;2023-01-20;2023-02-02;183.62
10762599;15375142305;1ere lettre de relance;2023-01-20;2023-02-01;307.56
8003584;11433692325;Mise en demeure;2023-02-03;2023-02-16;1876.56
8003584;11433692325;1ere lettre de relance;2023-01-20;2023-02-02;1861.56
10877833;15539762302;Mise en demeure;2023-02-03;2023-02-07;39.6
10877833;15539762302;1ere lettre de relance;2023-01-20;2023-02-02;24.6
3852241;5503202313;1ere lettre de relance;2023-01-20;2023-01-25;1084.8
8631680;12330972330;Mise en demeure;2023-02-03;2023-02-12;192.18
8631680;12330972330;1ere lettre de relance;2023-01-20;2023-02-02;177.18
13184963;18835662305;Mise en demeure;2023-02-03;2023-02-12;184.35
13184963;18835662305;1ere lettre de relance;2023-01-20;2023-02-02;169.35
13525303;19321862303;Mise en demeure;2023-02-03;2023-02-24;186.82
13525303;19321862303;1ere lettre de relance;2023-01-20;2023-02-02;93.41
14774614;21106592303;1ere lettre de relance;2023-01-20;2023-01-23;587.34
8854609;12649442310;Mise en demeure;2023-02-03;2023-02-09;152.52
8854609;12649442310;1ere lettre de relance;2023-01-20;2023-02-02;137.52
5946228;8494612380;Mise en demeure;2023-02-03;2023-02-21;419.64
5946228;8494612380;1ere lettre de relance;2023-01-20;2023-02-02;404.64
8548954;12212792305;1ere lettre de relance;2023-01-20;2023-01-23;563.58
14880874;21258392304;Mise en demeure;2023-02-03;2023-02-21;1093.44
14880874;21258392304;1ere lettre de relance;2023-01-20;2023-02-02;1078.44
11772209;16817442304;1ere lettre de relance;2023-01-20;2023-01-23;832.86
11132325;15903322326;Mise en demeure;2023-02-03;2023-02-08;275.92
11132325;15903322326;1ere lettre de relance;2023-01-20;2023-02-02;130.46
15313166;2187595231;1er Impayé;2023-01-11;2023-02-02;44.4
15315567;2187938231;1er Impayé;2023-01-11;2023-02-02;100.71
15317191;2188170231;1er Impayé;2023-01-11;2023-02-07;571.19
15381185;2197312231;1er Impayé;2023-01-11;2023-01-26;369.08
15381185;2197312231;Mise en demeure;2023-01-27;2023-02-05;253.72
15383698;2197671231;1er Impayé;2023-01-11;2023-02-14;225.68
15410053;2201436231;1er Impayé;2023-01-11;2023-02-05;350.75
15428778;2204111231;1er Impayé;2023-01-11;2023-01-26;187.61
15428778;2204111231;Mise en demeure;2023-01-27;2023-02-09;202.61
15443765;2206252231;1er Impayé;2023-01-11;2023-03-02;483.68
15443765;2206252231;Mise en demeure;2023-03-03;2023-03-23;183.56
15481929;2211704231;1er Impayé;2023-01-11;2023-02-07;73.88
15481929;2211704231;Suspension de garanties;2023-03-31;2023-04-06;207.0
15481929;2211704231;Mise en demeure;2023-02-24;2023-03-30;207.0
15481929;2211704231;2ème Impayé;2023-02-07;2023-02-23;192.0
15504399;2214914231;1er Impayé;2023-01-11;2023-03-01;194.3
15524664;2217809231;1er Impayé;2023-01-11;2023-02-02;949.16
15524664;2217809231;Mise en demeure;2023-02-03;2023-02-19;640.44
15533085;2219012231;1er Impayé;2023-01-11;2023-02-07;332.87
15542507;2220358231;1er Impayé;2023-01-11;2023-01-19;277.52
11772433;16817762310;1ere lettre de relance;2023-01-20;2023-02-01;417.06
8255773;11793962328;1ere lettre de relance;2023-01-20;2023-02-01;2529.12
14987743;21411062303;Mise en demeure;2023-02-03;2023-07-24;206.64
10474395;14963422310;1ere lettre de relance;2023-01-20;2023-01-22;1545.0
8690039;12414342345;1ere lettre de relance;2023-01-20;2023-01-26;556.56
14987743;21411062303;1ere lettre de relance;2023-01-20;2023-02-02;191.64
7724900;11035572312;1ere lettre de relance;2023-01-20;2023-01-22;258.48
8160244;11657492334;1ere lettre de relance;2023-01-20;2023-01-30;100.0
8943901;12777002302;Mise en demeure;2023-02-03;2023-02-14;283.68
8943901;12777002302;1ere lettre de relance;2023-01-20;2023-02-02;268.68
5094559;7277942311;1ere lettre de relance;2023-01-20;2023-02-01;1262.16
4509989;6442842306;1ere lettre de relance;2023-01-20;2023-02-02;1782.96
5883746;8405352327;1ere lettre de relance;2023-01-20;2023-01-31;1179.06
4847018;6924312303;1ere lettre de relance;2023-01-20;2023-02-14;1179.06
14421023;20601462303;Mise en demeure;2023-02-03;2023-02-09;84.81
14421023;20601462303;1ere lettre de relance;2023-01-20;2023-02-02;69.81
13318628;19026612304;Mise en demeure;2023-02-03;2023-03-09;109.26
13318628;19026612304;Annonce du contentieux;2023-03-17;2023-03-19;109.26
13318628;19026612304;1ere lettre de relance;2023-01-20;2023-02-02;94.26
13318628;19026612304;Suspension de garanties;2023-03-10;2023-03-16;109.26
7064849;10092642303;1ere lettre de relance;2023-01-20;2023-01-31;5696.04
7900320;11286172341;1ere lettre de relance;2023-01-20;2023-02-02;146.67
14506206;20723152304;1ere lettre de relance;2023-01-20;2023-02-02;179.16
13601715;19431022301;Mise en demeure;2023-02-03;2023-02-12;312.44
13601715;19431022301;1ere lettre de relance;2023-01-20;2023-02-02;297.44
12223037;17461482301;Mise en demeure;2023-02-03;2023-02-13;470.31
12223037;17461482301;1ere lettre de relance;2023-01-20;2023-02-02;455.31
5744005;8205722329;Mise en demeure;2023-02-03;2023-02-09;855.54
5744005;8205722329;1ere lettre de relance;2023-01-20;2023-02-02;840.54
15092939;21561342301;1ere lettre de relance;2023-01-20;2023-01-30;246.1
11986416;17123452303;1ere lettre de relance;2023-01-20;2023-01-28;662.31
9665265;13807522326;Mise en demeure;2023-02-03;2023-02-14;381.93
9665265;13807522326;1ere lettre de relance;2023-01-20;2023-02-02;366.93
5136013;7337162348;Mise en demeure;2023-02-03;2023-02-14;1898.01
5136013;7337162348;1ere lettre de relance;2023-01-20;2023-02-02;1883.01
5333847;7619782334;Mise en demeure;2023-02-03;2023-02-17;2124.78
5333847;7619782334;1ere lettre de relance;2023-01-20;2023-02-02;2109.78
13933781;19905402306;Mise en demeure;2023-02-03;2023-03-09;208.65
13933781;19905402306;Annonce du contentieux;2023-03-17;2023-03-21;208.65
13933781;19905402306;1ere lettre de relance;2023-01-20;2023-02-02;193.65
13933781;19905402306;Suspension de garanties;2023-03-10;2023-03-16;208.65
7940381;11343402319;Mise en demeure;2023-02-03;2023-02-07;241.71
7940381;11343402319;1ere lettre de relance;2023-01-20;2023-02-02;226.71
8642509;12346442321;Mise en demeure;2023-02-03;2023-02-10;962.04
8642509;12346442321;1ere lettre de relance;2023-01-20;2023-02-02;947.04
7025068;10035812322;Mise en demeure;2023-02-03;2023-02-13;336.66
7025068;10035812322;1ere lettre de relance;2023-01-20;2023-02-02;321.66
8260295;1180042231;Mise en demeure;2023-01-20;2023-01-30;518.91
8260295;1180042231;1er Impayé;2023-01-05;2023-01-19;503.91
8547897;1221128231;Mise en demeure;2023-01-20;2023-02-02;1367.04
8547897;1221128231;1er Impayé;2023-01-05;2023-01-19;1352.04
9102255;1300322232;Annonce du contentieux;2023-03-03;2023-04-18;1543.08
9102255;1300322232;Suspension de garanties;2023-02-24;2023-03-02;1543.08
9102255;1300322232;Mise en demeure;2023-01-20;2023-02-23;1543.08
9102255;1300322232;1er Impayé;2023-01-05;2023-01-19;1528.08
9251376;1321625231;Annonce du contentieux;2023-03-03;2023-03-21;1480.44
9251376;1321625231;Suspension de garanties;2023-02-24;2023-03-02;1480.44
9251376;1321625231;Mise en demeure;2023-01-20;2023-02-23;1480.44
9251376;1321625231;1er Impayé;2023-01-05;2023-01-19;1465.44
10664179;1523454231;Mise en demeure;2023-01-20;2023-01-31;1135.44
10664179;1523454231;1er Impayé;2023-01-05;2023-01-19;1120.44
11581347;1654478231;1er Impayé;2023-01-05;2023-01-14;230.84
4378704;6255292308;1ere lettre de relance;2023-01-20;2023-01-24;1048.62
13352389;19074842307;Mise en demeure;2023-02-03;2023-02-28;670.38
13352389;19074842307;1ere lettre de relance;2023-01-20;2023-02-02;655.38
13482330;19260472305;Mise en demeure;2023-02-03;2023-02-13;100.69
13482330;19260472305;1ere lettre de relance;2023-01-20;2023-02-02;46.95
12590957;17987082308;1ere lettre de relance;2023-01-20;2023-01-25;410.22
5495652;7850932346;1ere lettre de relance;2023-01-20;2023-01-27;1096.08
4430252;6328932315;1ere lettre de relance;2023-01-20;2023-01-26;1208.52
8984389;12834842310;Mise en demeure;2023-02-03;2023-02-10;273.93
8984389;12834842310;1ere lettre de relance;2023-01-20;2023-02-02;258.93
12180148;17400212313;Mise en demeure;2023-02-03;2023-02-12;163.23
12180148;17400212313;1ere lettre de relance;2023-01-20;2023-02-02;148.23
11433717;16333882302;1ere lettre de relance;2023-01-20;2023-01-26;316.68
4837309;6910442311;Mise en demeure;2023-02-03;2023-02-07;915.81
4837309;6910442311;1ere lettre de relance;2023-01-20;2023-02-02;900.81
9817235;14024622309;Mise en demeure;2023-02-03;2023-02-06;293.58
9817235;14024622309;1ere lettre de relance;2023-01-20;2023-02-02;278.58
5553038;7932912313;Mise en demeure;2023-02-03;2023-03-09;2219.04
5553038;7932912313;Annonce du contentieux;2023-03-17;2023-04-18;30.0
5553038;7932912313;Suspension de garanties;2023-03-10;2023-03-16;30.0
5553038;7932912313;1ere lettre de relance;2023-01-20;2023-02-02;2204.04
14609946;20871352301;1ere lettre de relance;2023-01-20;2023-01-25;274.35
13213453;18876362301;1ere lettre de relance;2023-01-20;2023-01-22;1843.81
15457156;22081652301;1ere lettre de relance;2023-01-20;2023-02-14;365.0
12395510;17707872308;Mise en demeure;2023-02-03;2023-02-09;199.94
12395510;17707872308;1ere lettre de relance;2023-01-20;2023-02-02;92.47
15551915;2221702231;1er Impayé;2023-01-11;2023-01-13;157.84
10103395;1443342235;1er Impayé;2023-01-16;2023-02-07;74.07
8435687;1205098231;1er Impayé;2023-01-16;2023-01-30;878.49
12514216;1787745233;2ème Impayé;2023-02-16;2023-04-13;326.67
12514216;1787745233;1er Impayé;2023-01-16;2023-02-07;108.89
12514216;1787745233;Suspension de garanties;2023-05-19;2023-06-13;342.34
13443627;1920518234;1er Impayé;2023-01-16;2023-02-07;94.24
15077784;2153969232;Mise en demeure;2023-02-03;2023-03-14;282.82
15077784;2153969232;1er Impayé;2023-01-16;2023-02-02;205.53
15335706;2190815231;1er Impayé;2023-01-16;2023-02-07;61.75
15375627;2196518232;1er Impayé;2023-01-16;2023-01-18;32.0
15419699;2202814231;1er Impayé;2023-01-16;2023-01-20;135.73
15497399;2213914231;1er Impayé;2023-01-16;2023-02-02;281.47
15508424;2215489231;1er Impayé;2023-01-16;2023-02-02;100.58
4656310;6651872338;Mise en demeure;2023-02-03;2023-02-13;502.77
4656310;6651872338;1ere lettre de relance;2023-01-20;2023-02-02;487.77
4341709;6202442332;1ere lettre de relance;2023-01-20;2023-01-31;919.2
15078127;21540182302;Mise en demeure;2023-02-03;2023-02-07;315.18
15078127;21540182302;1ere lettre de relance;2023-01-20;2023-02-02;315.18
15165508;21665012303;Mise en demeure;2023-02-03;2023-02-06;249.86
15165508;21665012303;1ere lettre de relance;2023-01-20;2023-02-02;234.86
4590083;6557262325;1ere lettre de relance;2023-01-20;2023-02-02;2714.88
13306931;19009902301;1ere lettre de relance;2023-01-20;2023-02-02;161.82
10962918;15661312321;Mise en demeure;2023-02-03;2023-02-06;132.54
10962918;15661312321;1ere lettre de relance;2023-01-20;2023-02-02;117.54
14775006;21107152303;Annonce du contentieux;2023-03-17;2023-04-10;55.53
14775006;21107152303;Mise en demeure;2023-02-03;2023-03-09;105.53
14775006;21107152303;Suspension de garanties;2023-03-10;2023-03-16;55.53
13206124;18865892304;1ere lettre de relance;2023-01-20;2023-01-31;921.42
12514216;1787745233;Mise en demeure;2023-04-14;2023-05-18;668.34
15419699;2202814231;2ème Impayé;2023-02-15;2023-03-03;135.73
14775006;21107152303;1ere lettre de relance;2023-01-20;2023-02-02;90.53
15109221;21584602302;1ere lettre de relance;2023-01-20;2023-02-07;410.37
13369301;19099002306;Mise en demeure;2023-02-03;2023-02-16;531.42
13369301;19099002306;1ere lettre de relance;2023-01-20;2023-02-02;516.42
3986466;5694952308;Mise en demeure;2023-02-03;2023-02-05;558.19
3986466;5694952308;1ere lettre de relance;2023-01-20;2023-02-02;559.02
11000970;15715672312;1ere lettre de relance;2023-01-20;2023-01-22;47.97
5010300;7157572317;1ere lettre de relance;2023-01-20;2023-01-30;767.88
4538745;6483922313;1ere lettre de relance;2023-01-20;2023-01-30;1289.58
11801868;16859812307;1ere lettre de relance;2023-01-20;2023-01-31;359.94
12464614;17806592301;1ere lettre de relance;2023-01-20;2023-02-07;235.95
11551324;16501892305;1ere lettre de relance;2023-01-20;2023-01-28;101.13
14182645;20260922302;1ere lettre de relance;2023-01-20;2023-01-26;173.58
13531001;19330002312;1ere lettre de relance;2023-01-20;2023-01-24;246.84
15441175;22058822302;1ere lettre de relance;2023-01-20;2023-01-29;261.76
12222190;1746027231;1er Impayé;2023-01-05;2023-01-15;527.28
12340035;1762862231;1er Impayé;2023-01-05;2023-01-19;124.95
12340035;1762862231;Mise en demeure;2023-01-20;2023-01-25;139.95
12652242;1807463231;1er Impayé;2023-01-05;2023-01-06;341.82
12653509;1807644232;1er Impayé;2023-01-05;2023-01-11;388.47
13193895;1884842231;1er Impayé;2023-01-05;2023-01-19;349.02
13193895;1884842231;Mise en demeure;2023-01-20;2023-02-07;247.68
13294240;1899177231;Mise en demeure;2023-02-03;2023-02-16;296.74
13294240;1899177231;1er Impayé;2023-01-05;2023-02-02;296.74
13514649;1930664232;1er Impayé;2023-01-05;2023-01-16;273.99
13669328;1952761231;1er Impayé;2023-01-05;2023-01-19;153.15
13669328;1952761231;Mise en demeure;2023-01-20;2023-01-31;168.15
13759824;1965689232;Annonce du contentieux;2023-03-03;2023-03-05;525.65
13759824;1965689232;Suspension de garanties;2023-02-24;2023-03-02;525.65
13759824;1965689232;1er Impayé;2023-01-05;2023-01-19;510.65
13759824;1965689232;Mise en demeure;2023-01-20;2023-02-23;525.65
13800529;1971504231;Annonce du contentieux;2023-03-03;2023-03-27;161.22
13800529;1971504231;Suspension de garanties;2023-02-24;2023-03-02;161.22
13800529;1971504231;1er Impayé;2023-01-05;2023-01-19;161.22
13800529;1971504231;Mise en demeure;2023-01-20;2023-02-23;161.22
13807011;1972430231;1er Impayé;2023-01-05;2023-01-19;280.23
13807011;1972430231;Mise en demeure;2023-01-20;2023-02-03;280.23
4629283;6613262336;Mise en demeure;2023-02-03;2023-02-19;502.77
4629283;6613262336;1ere lettre de relance;2023-01-20;2023-02-02;487.77
7129032;10184332342;1ere lettre de relance;2023-01-20;2023-01-31;1842.6
4387846;6268352350;1ere lettre de relance;2023-01-20;2023-01-30;559.74
15514801;22164002301;1ere lettre de relance;2023-01-20;2023-02-01;195.11
15198338;21711912303;Mise en demeure;2023-02-03;2023-03-02;117.34
15198338;21711912303;1ere lettre de relance;2023-01-20;2023-02-02;204.68
5113018;7304312333;Mise en demeure;2023-02-03;2023-02-19;350.19
5113018;7304312333;1ere lettre de relance;2023-01-20;2023-02-02;335.19
15452935;22075622301;Mise en demeure;2023-02-03;2023-02-05;204.06
15452935;22075622301;1ere lettre de relance;2023-01-20;2023-02-02;229.98
3894066;5562952316;1ere lettre de relance;2023-01-20;2023-01-28;916.26
8024556;11463652322;Mise en demeure;2023-02-03;2023-02-08;1814.88
8024556;11463652322;1ere lettre de relance;2023-01-20;2023-02-02;1799.88
4838646;6912352302;1ere lettre de relance;2023-01-20;2023-01-26;417.15
11990322;17129032310;Mise en demeure;2023-02-03;2023-03-09;319.83
11990322;17129032310;Annonce du contentieux;2023-03-17;2023-04-04;319.83
11990322;17129032310;En recouvrement;2023-04-05;2023-09-27;796.56
11990322;17129032310;1ere lettre de relance;2023-01-20;2023-02-02;304.83
11990322;17129032310;Suspension de garanties;2023-03-10;2023-03-16;319.83
4423210;6318872305;1ere lettre de relance;2023-01-20;2023-01-24;1866.06
11794427;16849182302;Mise en demeure;2023-02-03;2023-02-16;247.54
11794427;16849182302;1ere lettre de relance;2023-01-20;2023-02-02;123.77
14267534;20382192306;Mise en demeure;2023-02-03;2023-03-08;185.46
4461206;6373152323;1ere lettre de relance;2023-01-20;2023-01-31;1047.9
14267534;20382192306;1ere lettre de relance;2023-01-20;2023-02-02;170.46
14044038;20062912303;Mise en demeure;2023-02-03;2023-02-10;1720.68
14044038;20062912303;1ere lettre de relance;2023-01-20;2023-02-02;1705.68
4874269;6963242310;1ere lettre de relance;2023-01-20;2023-01-29;979.62
12643527;18062182303;1ere lettre de relance;2023-01-20;2023-01-25;203.16
12708606;18155152305;1ere lettre de relance;2023-01-20;2023-01-22;316.74
9598205;13711722336;Mise en demeure;2023-02-03;2023-03-02;447.69
9598205;13711722336;1ere lettre de relance;2023-01-20;2023-02-02;432.69
647473;924962305;1ere lettre de relance;2023-01-20;2023-01-30;1274.52
14344639;20492342303;Mise en demeure;2023-02-03;2023-03-09;215.31
14344639;20492342303;Annonce du contentieux;2023-03-17;2023-03-20;77.87
14344639;20492342303;1ere lettre de relance;2023-01-20;2023-02-02;200.31
14344639;20492342303;Suspension de garanties;2023-03-10;2023-03-16;77.87
4350795;6215422346;Mise en demeure;2023-02-03;2023-03-02;1091.49
4350795;6215422346;1ere lettre de relance;2023-01-20;2023-02-02;1076.49
8458479;12083542301;1ere lettre de relance;2023-01-20;2023-01-30;1270.65
14308078;20440112303;Mise en demeure;2023-02-03;2023-02-14;995.28
14308078;20440112303;1ere lettre de relance;2023-01-20;2023-02-02;980.28
4604867;6578382303;1ere lettre de relance;2023-01-20;2023-01-27;2043.48
13609758;19442512307;1ere lettre de relance;2023-01-20;2023-01-21;990.09
13105359;18721942314;Mise en demeure;2023-02-03;2023-03-09;313.5
13105359;18721942314;Annonce du contentieux;2023-03-17;2023-03-27;313.5
13105359;18721942314;1ere lettre de relance;2023-01-20;2023-02-02;298.5
13105359;18721942314;Suspension de garanties;2023-03-10;2023-03-16;313.5
5621274;8030392319;1ere lettre de relance;2023-01-20;2023-02-02;24.87
4313331;6161902345;1ere lettre de relance;2023-01-20;2023-01-30;534.3
4727983;6754262320;Mise en demeure;2023-02-03;2023-02-28;763.23
4727983;6754262320;1ere lettre de relance;2023-01-20;2023-02-02;748.23
12261607;17516582306;1ere lettre de relance;2023-01-20;2023-01-24;644.66
5991644;8559492324;1ere lettre de relance;2023-01-20;2023-01-21;1262.16
14609470;20870672301;1ere lettre de relance;2023-01-20;2023-01-24;123.77
13449479;19213542303;Mise en demeure;2023-02-03;2023-02-14;630.36
13449479;19213542303;1ere lettre de relance;2023-01-20;2023-02-02;630.36
5503436;7862052343;Mise en demeure;2023-02-03;2023-03-02;206.52
5503436;7862052343;1ere lettre de relance;2023-01-20;2023-02-02;191.52
9206646;13152352310;Mise en demeure;2023-03-03;2023-03-28;189.62
9206646;13152352310;1er Impayé;2023-01-17;2023-01-30;87.31
9206646;13152352310;2ème Impayé;2023-02-14;2023-03-02;174.62
13428528;1918361236;1er Impayé;2023-01-17;2023-02-02;68.36
5360874;7658392318;1ere lettre de relance;2023-01-20;2023-01-31;565.5
116145;165922323;Mise en demeure;2023-02-03;2023-02-07;926.04
116145;165922323;1ere lettre de relance;2023-01-20;2023-02-02;911.04
4515267;6450382382;Mise en demeure;2023-02-03;2023-02-21;203.13
4515267;6450382382;1ere lettre de relance;2023-01-20;2023-02-02;188.13
13370267;19100382307;Mise en demeure;2023-02-03;2023-02-13;677.15
13370267;19100382307;1ere lettre de relance;2023-01-20;2023-02-02;662.15
10496039;14994342313;Mise en demeure;2023-02-03;2023-02-26;529.62
10496039;14994342313;1ere lettre de relance;2023-01-20;2023-02-02;514.62
5573702;7962432340;Mise en demeure;2023-02-03;2023-02-16;237.21
5573702;7962432340;1ere lettre de relance;2023-01-20;2023-02-02;222.21
5536133;7908762327;Mise en demeure;2023-02-03;2023-02-10;391.05
5536133;7908762327;1ere lettre de relance;2023-01-20;2023-02-02;376.05
9373617;13390882311;Mise en demeure;2023-02-03;2023-02-12;308.64
9373617;13390882311;1ere lettre de relance;2023-01-20;2023-02-02;293.64
8081634;11545192334;Mise en demeure;2023-02-03;2023-02-05;808.26
8081634;11545192334;1ere lettre de relance;2023-01-20;2023-02-02;793.26
10329432;14756332325;Mise en demeure;2023-02-03;2023-02-09;353.04
10329432;14756332325;1ere lettre de relance;2023-01-20;2023-02-02;338.04
10782661;15403802311;Mise en demeure;2023-02-03;2023-02-27;1763.1
10782661;15403802311;1ere lettre de relance;2023-01-20;2023-02-02;1748.1
12761169;18230242313;Mise en demeure;2023-02-03;2023-02-16;201.48
12761169;18230242313;1ere lettre de relance;2023-01-20;2023-02-02;186.48
8176435;11680622317;1ere lettre de relance;2023-01-20;2023-02-21;569.52
8548919;12212742303;1ere lettre de relance;2023-01-20;2023-01-22;208.98
4586842;6552632318;1ere lettre de relance;2023-01-20;2023-02-02;468.24
179698;256712310;1ere lettre de relance;2023-01-20;2023-01-31;60.33
4442698;6346712349;1ere lettre de relance;2023-01-20;2023-01-31;447.03
15235109;21764442302;Annonce du contentieux;2023-03-17;2023-03-21;456.44
15235109;21764442302;Mise en demeure;2023-02-03;2023-03-09;456.44
15235109;21764442302;1ere lettre de relance;2023-01-20;2023-02-02;441.44
15235109;21764442302;Suspension de garanties;2023-03-10;2023-03-16;456.44
11415314;16307592309;1ere lettre de relance;2023-01-20;2023-01-30;47.85
5369995;7671422323;1ere lettre de relance;2023-01-20;2023-02-02;238.35
8173103;11675862304;1ere lettre de relance;2023-01-20;2023-01-28;367.2
14336498;20480712306;Mise en demeure;2023-02-03;2023-02-13;456.99
14336498;20480712306;1ere lettre de relance;2023-01-20;2023-02-02;441.99
13866770;19809672306;Mise en demeure;2023-02-03;2023-02-19;383.73
13866770;19809672306;1ere lettre de relance;2023-01-20;2023-02-02;368.73
7622483;10889262320;1ere lettre de relance;2023-01-20;2023-01-30;345.42
10974391;15677702307;1ere lettre de relance;2023-01-20;2023-02-01;531.57
4550722;6501032334;1ere lettre de relance;2023-01-20;2023-01-29;463.14
4705177;6721682323;1ere lettre de relance;2023-01-20;2023-01-29;495.63
14663692;20948132306;1ere lettre de relance;2023-01-20;2023-02-01;161.98
15269003;2181286231;1er Impayé;2023-01-10;2023-02-02;346.85
12736025;18194322309;1ere lettre de relance;2023-01-20;2023-01-25;123.77
5258233;7511762342;Mise en demeure;2023-02-03;2023-02-05;922.44
5258233;7511762342;1ere lettre de relance;2023-01-20;2023-02-02;907.44
13182884;18832692304;1ere lettre de relance;2023-01-20;2023-01-29;85.24
13115271;18736102311;1ere lettre de relance;2023-01-20;2023-01-25;187.65
14980127;21400182308;1ere lettre de relance;2023-01-20;2023-01-24;51.49
7825707;11179582313;1ere lettre de relance;2023-01-20;2023-02-02;1183.35
5097947;7282782347;Mise en demeure;2023-02-03;2023-03-09;1158.36
5097947;7282782347;1ere lettre de relance;2023-01-20;2023-02-02;1143.36
5097947;7282782347;Suspension de garanties;2023-03-10;2023-03-15;1158.36
14309240;20441772303;1ere lettre de relance;2023-01-20;2023-01-30;316.8
31396;44852301;1ere lettre de relance;2023-01-20;2023-01-30;1447.32
10937039;15624342301;Mise en demeure;2023-02-10;2023-02-20;891.01
10937039;15624342301;1ere lettre de relance;2023-01-20;2023-02-09;2281.57
14571649;20816642303;Mise en demeure;2023-02-03;2023-02-10;909.6
14571649;20816642303;1ere lettre de relance;2023-01-20;2023-02-02;894.6
15377846;21968352302;Mise en demeure;2023-02-03;2023-03-07;336.58
15377846;21968352302;1ere lettre de relance;2023-01-20;2023-02-02;321.58
13264665;18949522305;Mise en demeure;2023-02-03;2023-03-09;4495.08
13264665;18949522305;Annonce du contentieux;2023-03-17;2023-05-21;30.0
13264665;18949522305;1ere lettre de relance;2023-01-20;2023-02-02;4480.08
13264665;18949522305;Suspension de garanties;2023-03-10;2023-03-16;30.0
8327103;11895862311;Mise en demeure;2023-02-03;2023-03-07;2810.59
8327103;11895862311;1ere lettre de relance;2023-01-20;2023-02-02;2795.59
5315269;7593242317;Mise en demeure;2023-02-03;2023-03-09;849.96
5315269;7593242317;Annonce du contentieux;2023-03-17;2023-03-20;849.96
5315269;7593242317;1ere lettre de relance;2023-01-20;2023-02-02;834.96
5315269;7593242317;Suspension de garanties;2023-03-10;2023-03-16;849.96
9510117;13585882303;En recouvrement;2023-04-05;;2074.32
9510117;13585882303;Annonce du contentieux;2023-03-17;2023-04-04;529.83
9510117;13585882303;Mise en demeure;2023-02-03;2023-03-09;529.83
9510117;13585882303;1ere lettre de relance;2023-01-20;2023-02-02;514.83
9510117;13585882303;Suspension de garanties;2023-03-10;2023-03-16;529.83
14678882;20969832302;Mise en demeure;2023-02-03;2023-03-08;132.3
14678882;20969832302;1ere lettre de relance;2023-01-20;2023-02-02;117.3
15121198;21601712303;1ere lettre de relance;2023-01-20;2023-01-24;200.27
3951949;5645642336;1ere lettre de relance;2023-01-20;2023-01-29;566.52
7904303;11291862360;Mise en demeure;2023-02-03;2023-02-18;491.46
7904303;11291862360;1ere lettre de relance;2023-01-20;2023-02-02;476.46
12431266;17758952306;Mise en demeure;2023-02-03;2023-02-26;377.46
12431266;17758952306;1ere lettre de relance;2023-01-20;2023-02-02;362.46
14617142;2088163231;1er Impayé;2023-01-05;2023-01-15;173.01
14862667;2123238231;1er Impayé;2023-01-05;2023-02-07;165.21
14920872;2131553231;1er Impayé;2023-01-05;2023-01-19;245.34
14920872;2131553231;Mise en demeure;2023-01-20;2023-02-06;260.34
14923126;2131875232;Mise en demeure;2023-02-03;2023-02-20;177.16
14923126;2131875232;1er Impayé;2023-01-05;2023-02-02;243.24
14923924;2131989231;2ème Impayé;2023-02-12;2023-03-07;276.92
14923924;2131989231;1er Impayé;2023-01-05;2023-02-07;426.38
15006902;2143843233;1er Impayé;2023-01-05;2023-01-19;481.8
15006902;2143843233;Mise en demeure;2023-01-20;2023-02-01;336.2
15142051;2163150232;1er Impayé;2023-01-05;2023-01-19;328.56
15142051;2163150232;Mise en demeure;2023-01-20;2023-02-20;343.56
15149086;2164155231;1er Impayé;2023-01-05;2023-01-19;608.73
15149086;2164155231;Mise en demeure;2023-01-20;2023-01-29;623.73
15240534;2177219231;1er Impayé;2023-01-05;2023-02-07;86.07
15251881;2178840231;1er Impayé;2023-01-05;2023-01-06;62.66
15272930;2181847231;1er Impayé;2023-01-05;2023-01-19;467.04
15272930;2181847231;Mise en demeure;2023-01-20;2023-02-20;482.04
15329980;2189997232;2ème Impayé;2023-02-12;2023-02-13;181.47
15329980;2189997232;1er Impayé;2023-01-05;2023-02-12;181.47
15383663;2197666231;1er Impayé;2023-01-05;2023-01-19;225.15
15383663;2197666231;Mise en demeure;2023-01-20;2023-02-06;240.15
8823221;1260460231;1er Impayé;2023-01-08;2023-03-10;209.85
8978838;12826912312;1er Impayé;2023-01-08;2023-02-02;130.78
9289204;1327029231;1er Impayé;2023-01-08;2023-02-02;148.24
11490088;1641441232;1er Impayé;2023-01-08;2023-02-02;251.95
11679508;1668501231;1er Impayé;2023-01-08;2023-01-09;154.33
12127333;1732476231;Suspension de garanties;2023-03-03;2023-03-09;334.64
12127333;1732476231;1er Impayé;2023-01-08;2023-01-26;479.46
12127333;1732476231;Mise en demeure;2023-01-27;2023-03-02;334.64
12127333;1732476231;Annonce du contentieux;2023-03-10;2023-03-27;334.64
12307828;1758261231;1er Impayé;2023-01-08;2023-01-11;377.04
13936714;19909592302;1ere lettre de relance;2023-01-20;2023-02-02;70.83
14246688;20352412302;1ere lettre de relance;2023-01-20;2023-01-24;43.65
9506736;13581052305;1ere lettre de relance;2023-01-20;2023-03-07;363.24
9452066;13502952306;Mise en demeure;2023-02-03;2023-02-15;2768.76
9452066;13502952306;1ere lettre de relance;2023-01-20;2023-02-02;2753.76
4316733;6166762324;1ere lettre de relance;2023-01-20;2023-02-01;2898.48
3906813;5581162358;1ere lettre de relance;2023-01-20;2023-01-31;599.49
12620833;18029762306;1ere lettre de relance;2023-01-20;2023-01-25;105.06
15389459;21984942301;Mise en demeure;2023-02-03;2023-02-27;326.99
15389459;21984942301;1ere lettre de relance;2023-01-20;2023-02-02;311.99
5842775;8346822313;Mise en demeure;2023-02-03;2023-02-15;1474.02
5842775;8346822313;1ere lettre de relance;2023-01-20;2023-02-02;1459.02
12613154;18018792303;Mise en demeure;2023-02-03;2023-03-09;1501.44
12613154;18018792303;Annonce du contentieux;2023-03-17;2023-03-20;1501.44
12613154;18018792303;1ere lettre de relance;2023-01-20;2023-02-02;1486.44
12613154;18018792303;Suspension de garanties;2023-03-10;2023-03-16;1501.44
12018392;17169132302;1ere lettre de relance;2023-01-20;2023-04-23;225.45
7621650;10888072305;1ere lettre de relance;2023-01-20;2023-01-30;999.24
11850658;16929512302;Mise en demeure;2023-02-03;2023-02-11;252.48
11850658;16929512302;1ere lettre de relance;2023-01-20;2023-02-02;237.48
4214918;6021312334;1ere lettre de relance;2023-01-20;2023-01-29;528.69
11307696;16153852329;1ere lettre de relance;2023-01-20;2023-01-24;213.48
5094552;7277932336;1ere lettre de relance;2023-01-20;2023-02-01;528.4
12820907;18315582302;Mise en demeure;2023-02-03;2023-02-07;943.98
12820907;18315582302;1ere lettre de relance;2023-01-20;2023-02-02;928.98
14985251;21407502302;1ere lettre de relance;2023-01-20;2023-01-31;246.84
5386641;7695202347;Mise en demeure;2023-02-03;2023-02-21;756.87
5386641;7695202347;1ere lettre de relance;2023-01-20;2023-02-02;741.87
13901784;19859692302;1ere lettre de relance;2023-01-20;2023-02-14;326.04
15129080;21612972302;1ere lettre de relance;2023-01-20;2023-01-31;705.08
3932930;5618472368;Mise en demeure;2023-04-14;2023-05-18;1708.92
3932930;5618472368;1ere lettre de relance;2023-01-20;2023-04-13;1050.96
3932930;5618472368;Suspension de garanties;2023-05-19;2023-05-25;892.92
5110764;7301092302;1ere lettre de relance;2023-01-20;2023-01-24;510.87
10944515;15635022316;1ere lettre de relance;2023-01-20;2023-02-02;494.73
13484437;19263482309;Mise en demeure;2023-02-03;2023-02-23;306.66
13484437;19263482309;1ere lettre de relance;2023-01-20;2023-02-02;291.66
14366038;20522912303;Mise en demeure;2023-02-03;2023-03-05;145.32
14366038;20522912303;1ere lettre de relance;2023-01-20;2023-02-02;130.32
4386138;6265912377;1ere lettre de relance;2023-01-20;2023-01-21;506.37
4496171;6423102327;1ere lettre de relance;2023-01-20;2023-01-30;1077.36
14391812;20559732304;Mise en demeure;2023-02-03;2023-03-09;205.62
14391812;20559732304;Annonce du contentieux;2023-03-17;2023-05-29;15.9
14391812;20559732304;1ere lettre de relance;2023-01-20;2023-02-02;190.62
14391812;20559732304;Suspension de garanties;2023-03-10;2023-03-16;15.9
7197436;10282052344;1ere lettre de relance;2023-01-20;2023-01-29;268.53
11937087;17052982304;1ere lettre de relance;2023-01-20;2023-02-02;124.89
14553085;20790122303;Annonce du contentieux;2023-03-17;2023-04-03;65.9
14553085;20790122303;Mise en demeure;2023-02-03;2023-03-09;296.9
14553085;20790122303;1ere lettre de relance;2023-01-20;2023-02-02;281.9
14553085;20790122303;Suspension de garanties;2023-03-10;2023-03-16;65.9
15223615;21748022303;Mise en demeure;2023-02-03;2023-02-05;754.11
15223615;21748022303;1ere lettre de relance;2023-01-20;2023-02-02;739.11
12742010;18202872302;1ere lettre de relance;2023-01-20;2023-02-02;1112.76
10178540;14540772328;1ere lettre de relance;2023-01-20;2023-01-24;700.41
7735092;11050132349;1ere lettre de relance;2023-01-20;2023-01-30;1018.08
12573800;17962572308;1ere lettre de relance;2023-01-20;2023-01-30;135.76
3917467;5596382362;1ere lettre de relance;2023-01-20;2023-01-29;487.77
4819872;6885532311;1ere lettre de relance;2023-01-20;2023-01-29;681.87
15528808;22184012301;1ere lettre de relance;2023-01-20;2023-02-03;164.44
15420371;22029102302;Mise en demeure;2023-02-10;2023-03-01;223.24
15420371;22029102302;1ere lettre de relance;2023-01-20;2023-02-09;323.36
4891958;6988512347;Mise en demeure;2023-02-03;2023-02-07;1108.86
4891958;6988512347;1ere lettre de relance;2023-01-20;2023-02-02;1093.86
4672592;6675132320;Mise en demeure;2023-02-03;2023-02-09;1014.24
4672592;6675132320;1ere lettre de relance;2023-01-20;2023-02-02;999.24
280827;401182304;1ere lettre de relance;2023-01-20;2023-01-31;2112.96
4205916;6008452302;Mise en demeure;2023-02-03;2023-02-06;479.07
4205916;6008452302;1ere lettre de relance;2023-01-20;2023-02-02;464.07
11980116;17114452311;1ere lettre de relance;2023-01-20;2023-01-27;83.19
13227551;18896502302;1ere lettre de relance;2023-01-20;2023-01-24;235.95
15339780;21913972302;Mise en demeure;2023-02-03;2023-02-07;342.32
15339780;21913972302;1ere lettre de relance;2023-01-20;2023-02-02;163.66
9047830;12925472327;1ere lettre de relance;2023-01-20;2023-01-23;212.37
14251168;20358812303;1ere lettre de relance;2023-01-20;2023-01-25;447.18
4229828;6042612341;1ere lettre de relance;2023-01-20;2023-01-21;513.78
15098637;21569482302;Annonce du contentieux;2023-03-17;2023-03-18;324.93
15098637;21569482302;Mise en demeure;2023-02-03;2023-03-09;324.93
15098637;21569482302;1ere lettre de relance;2023-01-20;2023-02-02;309.93
15098637;21569482302;Suspension de garanties;2023-03-10;2023-03-16;324.93
4461304;6373292339;1ere lettre de relance;2023-01-20;2023-01-30;1039.23
15438221;22054602302;Mise en demeure;2023-02-03;2023-02-08;740.19
15438221;22054602302;1ere lettre de relance;2023-01-20;2023-02-02;725.19
12794790;18278272306;1ere lettre de relance;2023-01-20;2023-02-02;116.58
13452594;19217992306;1ere lettre de relance;2023-01-20;2023-01-31;483.54
4497571;6425102309;Mise en demeure;2023-02-03;2023-02-06;461.25
4497571;6425102309;1ere lettre de relance;2023-01-20;2023-02-02;446.25
13400157;19143082303;Mise en demeure;2023-02-03;2023-02-06;182.73
13400157;19143082303;1ere lettre de relance;2023-01-20;2023-02-02;167.73
13311159;19015942305;Mise en demeure;2023-02-03;2023-02-10;326.16
13311159;19015942305;1ere lettre de relance;2023-01-20;2023-02-02;311.16
126498;180712370;1ere lettre de relance;2023-01-20;2023-01-22;1004.04
11102309;15860442306;Mise en demeure;2023-02-03;2023-02-13;356.58
11102309;15860442306;1ere lettre de relance;2023-01-20;2023-02-02;341.58
9792385;13989122328;1ere lettre de relance;2023-01-20;2023-01-31;349.53
11136007;15908582325;1ere lettre de relance;2023-01-20;2023-01-30;305.16
247269;353242302;1ere lettre de relance;2023-01-20;2023-01-25;683.34
9643159;13775942311;Annonce du contentieux;2023-03-17;2023-03-21;856.62
9643159;13775942311;Mise en demeure;2023-02-03;2023-03-09;856.62
9643159;13775942311;1ere lettre de relance;2023-01-20;2023-02-02;841.62
9643159;13775942311;Suspension de garanties;2023-03-10;2023-03-16;856.62
11126221;15894602303;1ere lettre de relance;2023-01-20;2023-01-29;140.28
282353;403362334;Mise en demeure;2023-02-03;2023-02-05;190.81
282353;403362334;1ere lettre de relance;2023-01-20;2023-02-02;190.81
3893254;5561792362;1ere lettre de relance;2023-01-20;2023-01-31;520.44
10219147;14598782314;1ere lettre de relance;2023-01-20;2023-01-31;604.47
14886334;21266192305;1ere lettre de relance;2023-01-20;2023-02-01;355.44
4881038;6972912332;1ere lettre de relance;2023-01-20;2023-01-27;544.11
4258164;6083092348;1ere lettre de relance;2023-01-20;2023-01-23;646.53
4502394;6431992348;1ere lettre de relance;2023-01-20;2023-01-24;1090.8
106296;151852309;1ere lettre de relance;2023-01-20;2023-02-13;1287.18
13991412;19987732307;1ere lettre de relance;2023-01-20;2023-01-31;213.78
5414088;7734412335;1ere lettre de relance;2023-01-20;2023-01-24;423.9
4230549;6043642313;Mise en demeure;2023-02-03;2023-02-04;1137.96
4230549;6043642313;1ere lettre de relance;2023-01-20;2023-02-02;1122.96
12134354;17334792318;Mise en demeure;2023-02-03;2023-02-13;212.16
12134354;17334792318;1ere lettre de relance;2023-01-20;2023-02-02;197.16
5346489;7637842328;Mise en demeure;2023-02-03;2023-02-16;1103.49
5346489;7637842328;1ere lettre de relance;2023-01-20;2023-02-02;1088.49
7166370;10237672309;1ere lettre de relance;2023-01-20;2023-01-30;260.37
102278;14611238;Suspension de garanties;2023-03-03;2023-03-09;580.5
102278;14611238;Mise en demeure;2023-01-27;2023-03-02;580.5
7117475;1016782231;Mise en demeure;2023-02-24;2023-03-07;988.58
7117475;1016782231;2ème Impayé;2023-02-08;2023-02-23;973.58
3932930;5618472368;Annonce du contentieux;2023-05-26;2023-06-21;892.92
102278;14611238;1er Impayé;2023-01-10;2023-01-26;565.5
5064144;723449232;1er Impayé;2023-01-10;2023-02-02;316.59
7117475;1016782231;1er Impayé;2023-01-10;2023-02-02;973.58
10257066;1465295237;1er Impayé;2023-01-10;2023-01-26;370.43
10257066;1465295237;Mise en demeure;2023-01-27;2023-02-13;385.43
10287698;1469671231;1er Impayé;2023-01-10;2023-02-02;723.6
11008768;1572681234;1er Impayé;2023-01-10;2023-02-02;420.63
11008768;1572681234;Mise en demeure;2023-02-24;2023-03-28;1276.88
11843273;1691896234;1er Impayé;2023-01-10;2023-01-13;151.5
12723782;1817683233;1er Impayé;2023-01-10;2023-02-02;161.52
14031193;2004456231;1er Impayé;2023-01-10;2023-02-02;58.98
14031193;2004456231;2ème Impayé;2023-02-08;2023-02-14;176.94
14223644;2031949233;Suspension de garanties;2023-03-03;2023-03-09;241.71
14223644;2031949233;1er Impayé;2023-01-10;2023-01-26;226.71
14223644;2031949233;Mise en demeure;2023-01-27;2023-03-02;241.71
11008768;1572681234;2ème Impayé;2023-02-08;2023-02-23;1261.88
11846402;1692343237;1er Impayé;2023-02-08;2023-03-02;137.58
11924452;1703493232;1er Impayé;2023-02-08;2023-03-02;66.06
11995796;17136852315;Mise en demeure;2023-02-24;2023-03-07;275.54
11995796;17136852315;1er Impayé;2023-02-08;2023-02-23;260.54
12144616;1734945231;1er Impayé;2023-02-08;2023-03-02;71.01
12155242;1736463232;1er Impayé;2023-02-08;2023-03-02;77.66
10988062;15697232316;1er Impayé;2023-01-09;2023-02-07;50.98
11155803;15936862312;Mise en demeure;2023-02-17;2023-03-23;692.31
11155803;15936862312;Suspension de garanties;2023-03-24;2023-03-27;692.31
11155803;15936862312;1er Impayé;2023-01-09;2023-02-16;846.45
11184692;1597813234;1er Impayé;2023-01-09;2023-01-13;178.68
11218999;1602714231;1er Impayé;2023-01-09;2023-02-02;241.28
11243415;1606202231;1er Impayé;2023-01-09;2023-02-02;2587.68
11365313;1623616233;1er Impayé;2023-01-09;2023-02-02;163.78
11404170;1629167231;1er Impayé;2023-01-09;2023-02-07;156.49
11550715;1650102231;1er Impayé;2023-01-09;2023-01-17;97.41
11556021;1650860238;Mise en demeure;2023-02-24;2023-03-29;387.48
11556021;1650860238;1er Impayé;2023-01-09;2023-02-02;124.16
11556021;1650860238;2ème Impayé;2023-02-08;2023-02-23;372.48
11718477;1674068234;1er Impayé;2023-01-09;2023-02-02;377.76
11807727;1686818235;1er Impayé;2023-01-09;2023-02-02;60.74
11891237;1698748231;1er Impayé;2023-01-09;2023-02-02;252.62
12055072;1722153231;1er Impayé;2023-01-09;2023-02-02;128.89
12116847;1730978238;1er Impayé;2023-01-09;2023-01-20;186.93
12236813;1748116231;1er Impayé;2023-01-09;2023-02-02;808.59
12403084;1771869239;1er Impayé;2023-01-09;2023-02-02;69.29
12452413;1778916232;1er Impayé;2023-01-09;2023-02-02;105.6
12606077;1800868236;1er Impayé;2023-01-09;2023-01-18;320.94
12526333;1789476231;1er Impayé;2023-01-09;2023-02-02;1363.29
14662194;2094599231;1er Impayé;2023-02-08;2023-03-02;75.61
14683460;2097637231;1er Impayé;2023-02-08;2023-02-10;120.83
14694394;2099199231;1er Impayé;2023-02-08;2023-03-02;144.52
14711355;2101622232;1er Impayé;2023-02-08;2023-03-02;43.51
14711817;2101688231;Mise en demeure;2023-04-14;2023-05-01;323.6
14711817;2101688231;1er Impayé;2023-02-08;2023-03-02;61.72
14720063;2102866231;Mise en demeure;2023-02-24;2023-03-05;137.66
14720063;2102866231;1er Impayé;2023-02-08;2023-02-23;122.66
14722583;2103226231;1er Impayé;2023-02-08;2023-03-02;158.99
14735099;2105014232;1er Impayé;2023-02-08;2023-02-10;62.47
14754496;2107785231;1er Impayé;2023-02-08;2023-03-07;83.96
14754846;2107835231;1er Impayé;2023-02-08;2023-03-02;133.24
14758367;2108338232;1er Impayé;2023-02-08;2023-02-16;49.25
14843711;2120530231;1er Impayé;2023-02-08;2023-03-02;51.84
14881112;2125873233;2ème Impayé;2023-03-08;2023-03-15;132.66
14881112;2125873233;1er Impayé;2023-02-08;2023-02-10;132.66
14916728;2130961233;1er Impayé;2023-02-08;2023-03-02;34.98
14927102;2132443232;1er Impayé;2023-02-08;2023-03-02;45.86
14960289;2137184231;1er Impayé;2023-02-08;2023-03-02;195.9
14971139;2138734231;1er Impayé;2023-02-08;2023-03-02;48.04
14973834;2139119231;1er Impayé;2023-02-08;2023-03-02;113.24
14992699;2141814231;1er Impayé;2023-02-08;2023-03-02;368.48
14994386;2142055231;1er Impayé;2023-02-08;2023-03-02;54.35
15012775;2144682231;1er Impayé;2023-02-08;2023-03-02;55.23
15031395;2147342231;1er Impayé;2023-02-08;2023-03-02;68.93
15033138;2147591233;2ème Impayé;2023-03-22;2023-04-04;173.06
15033138;2147591233;1er Impayé;2023-02-08;2023-03-14;86.53
15037527;2148218231;1er Impayé;2023-02-08;2023-03-02;86.14
15061964;2151709231;1er Impayé;2023-02-08;2023-02-09;85.59
12660698;1808671231;1er Impayé;2023-01-09;2023-02-02;52.64
12680361;1811480236;1er Impayé;2023-01-09;2023-02-02;152.5
12700381;1814340231;1er Impayé;2023-01-09;2023-01-11;2504.96
12843720;1834817232;1er Impayé;2023-01-09;2023-02-02;76.98
14711817;2101688231;2ème Impayé;2023-03-07;2023-04-13;123.44
14973834;2139119231;2ème Impayé;2023-03-08;2023-03-16;226.48
15031395;2147342231;2ème Impayé;2023-03-08;2023-04-05;137.86
15037527;2148218231;2ème Impayé;2023-03-08;2023-03-30;172.28
13081083;1868726239;Suspension de garanties;2023-03-03;2023-03-09;179.82
13081083;1868726239;Mise en demeure;2023-01-27;2023-03-02;179.82
13081083;1868726239;1er Impayé;2023-01-09;2023-01-26;164.82
13081083;1868726239;Annonce du contentieux;2023-03-10;2023-05-31;179.82
13081174;1868739234;1er Impayé;2023-01-09;2023-01-13;252.35
13137594;1876799234;1er Impayé;2023-01-09;2023-02-02;63.44
13148255;1878322231;1er Impayé;2023-01-09;2023-02-02;103.9
13158846;1879835231;1er Impayé;2023-01-09;2023-02-07;56.45
13204304;1886329234;1er Impayé;2023-01-09;2023-02-02;49.22
13238401;1891200231;1er Impayé;2023-01-09;2023-02-02;311.99
13337045;1905292237;1er Impayé;2023-01-09;2023-02-02;48.55
13368328;1909761234;1er Impayé;2023-01-09;2023-02-02;247.35
13389860;1912837231;Mise en demeure;2023-02-24;2023-03-05;543.54
13389860;1912837231;2ème Impayé;2023-02-08;2023-02-23;528.54
13389860;1912837231;1er Impayé;2023-01-09;2023-02-02;176.18
13393556;1913365231;1er Impayé;2023-01-09;2023-02-02;144.54
13409117;1915588232;1er Impayé;2023-01-09;2023-02-02;119.61
13447400;1921057231;1er Impayé;2023-01-09;2023-02-02;41.82
13460203;1922886234;2ème Impayé;2023-02-08;2023-02-24;182.29
13460203;1922886234;1er Impayé;2023-01-09;2023-02-02;182.29
13492193;1927456232;1er Impayé;2023-01-09;2023-01-20;667.56
13532828;1933261235;1er Impayé;2023-01-09;2023-01-17;115.58
13574408;1939201231;1er Impayé;2023-01-09;2023-02-02;132.78
13586000;1940857233;1er Impayé;2023-01-09;2023-02-02;51.88
15391825;21988322302;1ere lettre de relance;2023-01-27;2023-02-14;513.54
14992874;21418392303;Mise en demeure;2023-02-10;2023-02-14;182.88
14992874;21418392303;1ere lettre de relance;2023-01-27;2023-02-09;167.88
15548065;22211522301;1ere lettre de relance;2023-01-27;2023-02-07;435.81
12398212;17711732301;1ere lettre de relance;2023-01-27;2023-03-09;1260.72
12398212;17711732301;Mise en demeure;2023-03-10;2023-03-22;1260.72
15157045;2165292232;1er Impayé;2023-01-12;2023-02-02;62.92
15166110;2166587231;1er Impayé;2023-01-12;2023-02-03;167.42
14858250;2122607231;1er Impayé;2023-02-12;2023-03-02;95.78
14929384;2132769231;1er Impayé;2023-02-12;2023-02-14;222.68
14930511;2132930231;1er Impayé;2023-02-12;2023-02-21;125.56
15082523;2154646231;1er Impayé;2023-02-12;2023-02-14;76.19
15118713;2159816231;1er Impayé;2023-02-12;2023-03-02;331.94
15118713;2159816231;Mise en demeure;2023-03-03;2023-03-13;180.97
15130361;2161480231;1er Impayé;2023-02-12;2023-03-02;64.11
15132146;2161735231;1er Impayé;2023-02-12;2023-02-28;134.38
15154364;2164909231;1er Impayé;2023-02-12;2023-03-02;235.2
15154364;2164909231;Mise en demeure;2023-03-03;2023-03-25;250.2
15204960;2172137232;1er Impayé;2023-02-12;2023-03-02;62.81
15236376;2176625232;1er Impayé;2023-02-12;2023-03-07;97.66
15236614;2176659231;1er Impayé;2023-02-12;2023-03-02;76.1
15259448;2179921231;1er Impayé;2023-02-12;2023-03-02;282.34
15259448;2179921231;Mise en demeure;2023-03-03;2023-03-30;161.91
15324051;2189150231;1er Impayé;2023-02-12;2023-02-15;123.46
15374297;2196328231;1er Impayé;2023-02-12;2023-03-02;38.61
15374304;2196329231;1er Impayé;2023-02-12;2023-03-02;135.3
15374304;2196329231;Mise en demeure;2023-03-03;2023-03-28;150.3
15389088;2198441231;1er Impayé;2023-02-12;2023-02-22;239.7
15410648;2201521231;1er Impayé;2023-02-12;2023-02-13;75.22
15236376;2176625232;2ème Impayé;2023-03-13;2023-03-22;195.32
15410648;2201521231;2ème Impayé;2023-03-12;2023-03-15;75.22
15436625;2205232231;1er Impayé;2023-02-12;2023-03-03;218.82
13653088;1950441231;1er Impayé;2023-01-09;2023-02-02;46.06
13784702;1969243236;1er Impayé;2023-01-09;2023-01-13;148.59
13852308;1978901236;1er Impayé;2023-01-09;2023-02-02;147.43
13863116;1980445231;1er Impayé;2023-01-09;2023-01-16;38.99
13905046;1986435232;1er Impayé;2023-01-09;2023-02-20;1801.68
13953171;1993310231;1er Impayé;2023-01-09;2023-01-10;74.15
13970363;1995766234;1er Impayé;2023-01-09;2023-02-02;84.13
13979575;1997082236;1er Impayé;2023-01-09;2023-02-02;71.13
14023101;2003300232;2ème Impayé;2023-02-06;2023-02-23;260.7
14023101;2003300232;Mise en demeure;2023-02-24;2023-03-09;275.7
14023101;2003300232;1er Impayé;2023-01-09;2023-02-02;86.9
14058668;2008381232;1er Impayé;2023-01-09;2023-02-02;70.28
14071317;2010188231;1er Impayé;2023-01-09;2023-02-02;82.28
14090497;2012928233;1er Impayé;2023-01-09;2023-02-02;39.06
14102474;2014639234;1er Impayé;2023-01-09;2023-02-07;165.92
14106051;2015150235;1er Impayé;2023-01-09;2023-01-17;174.93
14144600;2020657231;1er Impayé;2023-01-09;2023-01-11;283.9
14149661;2021380234;1er Impayé;2023-01-09;2023-02-02;309.98
14223497;2031928232;1er Impayé;2023-01-09;2023-02-02;53.24
14327769;2046824231;1er Impayé;2023-01-09;2023-01-12;74.94
15170709;2167244231;1er Impayé;2023-01-12;2023-02-02;62.49
15182147;2168878232;Suspension de garanties;2023-03-03;2023-03-09;291.21
15182147;2168878232;1er Impayé;2023-01-12;2023-01-26;276.21
15182147;2168878232;Mise en demeure;2023-01-27;2023-03-02;291.21
15212492;2173213231;1er Impayé;2023-01-12;2023-02-08;217.7
15212492;2173213231;2ème Impayé;2023-02-08;2023-02-13;217.7
15236250;2176607231;1er Impayé;2023-01-12;2023-01-13;145.19
15243173;2177596231;1er Impayé;2023-01-12;2023-02-02;71.58
15245784;2177969231;1er Impayé;2023-01-12;2023-02-07;336.56
15280742;2182963231;1er Impayé;2023-01-12;2023-01-25;545.78
15292236;2184605232;1er Impayé;2023-01-12;2023-02-02;63.51
15310842;2187263231;1er Impayé;2023-01-12;2023-01-15;130.68
15319802;2188543231;1er Impayé;2023-01-12;2023-02-07;82.84
15340627;2191518231;1er Impayé;2023-01-12;2023-02-24;109.95
15345968;2192281231;1er Impayé;2023-01-12;2023-02-07;75.0
15383166;2197595231;1er Impayé;2023-01-12;2023-01-15;80.18
15080493;2154356232;1er Impayé;2023-02-08;2023-03-02;81.56
15083853;2154836232;1er Impayé;2023-02-08;2023-03-07;160.99
15084406;2154915231;1er Impayé;2023-02-08;2023-03-02;69.27
15085113;2155016231;1er Impayé;2023-02-08;2023-03-02;108.71
15090776;2155825232;2ème Impayé;2023-03-08;2023-05-02;152.86
15090776;2155825232;1er Impayé;2023-02-08;2023-03-02;76.43
15101647;2157378232;1er Impayé;2023-02-08;2023-03-02;98.54
15104664;2157809232;2ème Impayé;2023-03-08;2023-03-29;153.68
15104664;2157809232;1er Impayé;2023-02-08;2023-03-02;76.84
15109270;2158467232;1er Impayé;2023-02-08;2023-03-02;26.26
15114254;2159179232;1er Impayé;2023-02-08;2023-02-10;182.14
15149086;2164155232;Mise en demeure;2023-02-24;2023-03-20;217.91
15149086;2164155232;1er Impayé;2023-02-08;2023-02-23;405.82
15149114;2164159231;1er Impayé;2023-02-08;2023-03-02;73.76
15162442;2166063232;1er Impayé;2023-02-08;2023-02-09;71.36
15164115;2166302231;2ème Impayé;2023-03-08;2023-05-02;205.22
15164115;2166302231;1er Impayé;2023-02-08;2023-03-02;102.61
15170009;2167144231;1er Impayé;2023-02-08;2023-02-26;106.32
15199437;2171348231;1er Impayé;2023-02-08;2023-03-02;89.48
15207627;2172518232;1er Impayé;2023-02-08;2023-03-02;124.5
15222803;2174686231;1er Impayé;2023-02-08;2023-03-02;163.83
15225624;2175089232;1er Impayé;2023-02-08;2023-03-02;190.32
15226282;2175183231;1er Impayé;2023-02-08;2023-03-02;94.88
15232911;2176130232;1er Impayé;2023-02-08;2023-02-24;346.48
15246897;2178128232;1er Impayé;2023-02-08;2023-03-02;170.87
15278698;2182671231;1er Impayé;2023-02-08;2023-02-10;181.15
15290997;2184428232;1er Impayé;2023-02-08;2023-03-02;75.46
15304241;2186320231;1er Impayé;2023-02-08;2023-02-10;163.54
15306586;2186655231;1er Impayé;2023-02-08;2023-03-07;195.93
15317352;2188193232;1er Impayé;2023-02-08;2023-03-02;37.95
15337092;2191013231;1er Impayé;2023-02-08;2023-03-02;52.18
15339717;2191388231;1er Impayé;2023-02-08;2023-03-02;71.54
15340718;2191531231;1er Impayé;2023-02-08;2023-02-20;95.86
15304241;2186320231;2ème Impayé;2023-03-08;2023-04-12;163.54
15384097;2197728231;1er Impayé;2023-01-12;2023-02-02;89.51
15389046;2198435231;Mise en demeure;2023-02-24;2023-03-27;493.28
15389046;2198435231;1er Impayé;2023-01-12;2023-02-02;166.76
15389046;2198435231;2ème Impayé;2023-02-08;2023-02-23;478.28
15389326;2198475232;Suspension de garanties;2023-03-31;2023-06-28;545.07
15389326;2198475232;1er Impayé;2023-01-12;2023-01-26;417.83
15389326;2198475232;Mise en demeure;2023-01-27;2023-03-30;432.83
15401457;2200208231;1er Impayé;2023-01-12;2023-02-02;110.23
15429205;2204172231;1er Impayé;2023-01-12;2023-02-07;70.04
15444906;2206415231;1er Impayé;2023-01-12;2023-01-13;245.98
15447489;2206784231;1er Impayé;2023-01-12;2023-02-03;139.27
15449036;2207005231;Mise en demeure;2023-03-03;2023-04-06;589.7
15449036;2207005231;Annonce du contentieux;2023-04-14;2023-08-02;589.7
15449036;2207005231;Suspension de garanties;2023-04-07;2023-04-13;589.7
15449036;2207005231;1er Impayé;2023-01-12;2023-02-07;198.9
15449036;2207005231;2ème Impayé;2023-02-14;2023-03-02;574.7
15456855;2208122231;1er Impayé;2023-01-12;2023-02-02;90.39
15465535;2209362231;1er Impayé;2023-01-12;2023-01-22;224.61
15477582;2211083231;1er Impayé;2023-01-12;2023-01-30;198.01
15480550;2211507231;1er Impayé;2023-01-12;2023-02-24;63.73
15484897;2212128231;1er Impayé;2023-01-12;2023-02-24;321.03
15485919;2212274231;1er Impayé;2023-01-12;2023-02-02;142.88
15505764;2215109231;1er Impayé;2023-01-12;2023-02-03;155.62
15506877;2215268231;Mise en demeure;2023-02-24;2023-03-23;123.68
15506877;2215268231;1er Impayé;2023-01-12;2023-01-18;119.56
15506877;2215268231;2ème Impayé;2023-02-08;2023-02-23;108.68
15362264;2194609231;1er Impayé;2023-02-08;2023-02-28;83.57
15366457;2195208231;1er Impayé;2023-02-08;2023-03-07;144.6
15374479;2196354231;1er Impayé;2023-02-08;2023-03-07;61.48
15379113;2197016231;1er Impayé;2023-02-08;2023-03-02;57.04
15382130;2197447231;1er Impayé;2023-02-08;2023-02-13;166.63
15384664;2197809231;1er Impayé;2023-02-08;2023-02-13;69.8
15385966;2197995231;1er Impayé;2023-02-08;2023-03-02;141.66
15393204;2199029231;Mise en demeure;2023-03-03;2023-03-15;190.42
15393204;2199029231;1er Impayé;2023-02-08;2023-03-02;244.93
15423493;2203356231;2ème Impayé;2023-03-08;2023-03-14;108.92
15423493;2203356231;1er Impayé;2023-02-08;2023-03-02;54.46
15428372;2204053231;1er Impayé;2023-02-08;2023-03-02;81.89
15434329;2204904231;1er Impayé;2023-02-08;2023-03-02;74.24
15434574;2204939231;1er Impayé;2023-02-08;2023-02-16;66.25
15445809;2206544231;1er Impayé;2023-02-08;2023-03-07;118.5
15446621;2206660231;Mise en demeure;2023-02-24;2023-03-09;212.46
15446621;2206660231;1er Impayé;2023-02-08;2023-02-23;197.46
15447307;2206758231;1er Impayé;2023-02-08;2023-02-10;82.15
15447811;2206830231;1er Impayé;2023-02-08;2023-03-02;68.29
15465787;2209398231;1er Impayé;2023-02-08;2023-03-07;109.65
15466067;2209438231;1er Impayé;2023-02-08;2023-02-10;59.53
15484876;2212125231;1er Impayé;2023-02-08;2023-03-02;75.74
15497819;2213974231;1er Impayé;2023-02-08;2023-03-02;73.12
15516642;2216663231;1er Impayé;2023-02-08;2023-03-02;138.55
15522207;2217458231;1er Impayé;2023-02-08;2023-03-02;78.92
15526057;2218008231;1er Impayé;2023-02-08;2023-03-03;208.12
15529081;2218440231;1er Impayé;2023-02-08;2023-03-02;85.76
15553280;2221897231;1er Impayé;2023-02-08;2023-03-03;95.45
15554281;2222040231;1er Impayé;2023-02-08;2023-03-02;33.46
15554967;2222138231;1er Impayé;2023-02-08;2023-02-15;69.0
15556528;2222361231;1er Impayé;2023-02-08;2023-02-23;30.91
15561197;2223028231;1er Impayé;2023-02-08;2023-03-02;57.04
15562912;2223273231;1er Impayé;2023-02-08;2023-03-02;97.68
8464226;1209175232;1er Impayé;2023-02-09;2023-03-02;137.12
8575414;1225059231;Mise en demeure;2023-02-24;2023-03-02;238.39
8575414;1225059231;1er Impayé;2023-02-09;2023-02-23;223.39
12654356;1807765234;1er Impayé;2023-02-09;2023-03-02;61.84
13094607;1870658231;1er Impayé;2023-02-09;2023-02-28;231.11
13113626;1873375232;1er Impayé;2023-02-09;2023-02-10;120.05
13328981;1904140236;1er Impayé;2023-02-09;2023-02-15;169.94
13928650;1989807231;1er Impayé;2023-02-09;2023-03-02;96.36
14081124;2011589238;1er Impayé;2023-02-09;2023-02-12;59.2
5020051;7171502302;Mise en demeure;2023-02-10;2023-02-28;1737.34
5020051;7171502302;1ere lettre de relance;2023-01-27;2023-02-09;1722.34
10532894;15046992326;Mise en demeure;2023-02-10;2023-03-16;188.78
10532894;15046992326;Suspension de garanties;2023-03-17;2023-03-22;98.78
11680628;16686612309;Mise en demeure;2023-02-10;2023-02-22;294.93
10532894;15046992326;1ere lettre de relance;2023-01-27;2023-02-09;173.78
11680628;16686612309;1ere lettre de relance;2023-01-27;2023-02-09;279.93
12989922;18557032306;1ere lettre de relance;2023-01-27;2023-01-30;61.04
13262432;18946332301;Mise en demeure;2023-02-10;2023-02-24;225.76
13262432;18946332301;1ere lettre de relance;2023-01-27;2023-02-09;210.76
15473284;22104692301;1ere lettre de relance;2023-01-27;2023-02-04;259.81
13433687;19190982305;Mise en demeure;2023-02-10;2023-02-12;295.23
13433687;19190982305;1ere lettre de relance;2023-01-27;2023-02-09;280.23
4551198;6501712318;1ere lettre de relance;2023-01-27;2023-03-07;833.04
14147855;20211222303;Mise en demeure;2023-02-10;2023-02-21;53.86
14147855;20211222303;1ere lettre de relance;2023-01-27;2023-02-09;53.86
13147786;18782552311;Mise en demeure;2023-02-10;2023-03-05;216.36
13147786;18782552311;1ere lettre de relance;2023-01-27;2023-02-09;351.36
15507801;2215400231;1er Impayé;2023-01-12;2023-02-02;78.78
15507801;2215400231;2ème Impayé;2023-02-08;2023-03-28;214.34
15510020;2215717231;1er Impayé;2023-01-12;2023-02-02;159.82
15513282;2216183231;1er Impayé;2023-01-12;2023-01-25;158.62
15518924;2216989231;1er Impayé;2023-01-12;2023-02-02;185.44
15525532;2217933231;1er Impayé;2023-01-12;2023-02-02;69.94
15547890;2221127231;1er Impayé;2023-01-12;2023-02-02;235.77
15547890;2221127231;Mise en demeure;2023-02-03;2023-02-08;172.41
15548212;2221173231;1er Impayé;2023-01-12;2023-02-14;153.56
15551971;2221710231;2ème Impayé;2023-02-12;2023-03-02;338.7
15551971;2221710231;Mise en demeure;2023-03-03;2023-03-27;353.7
15551971;2221710231;1er Impayé;2023-01-12;2023-02-02;110.42
15554981;2222140231;1er Impayé;2023-01-12;2023-02-02;58.13
15554981;2222140231;Mise en demeure;2023-02-24;2023-03-07;181.35
15554981;2222140231;2ème Impayé;2023-02-08;2023-02-23;166.35
14243853;2034836231;Annonce du contentieux;2023-04-07;2023-04-13;365.66
14243853;2034836231;Suspension de garanties;2023-03-31;2023-04-06;365.66
14243853;2034836231;Mise en demeure;2023-02-24;2023-03-30;365.66
14243853;2034836231;1er Impayé;2023-02-09;2023-02-23;350.66
14306342;2043763234;2ème Impayé;2023-03-09;2023-04-13;72.12
14306342;2043763234;1er Impayé;2023-02-09;2023-03-02;72.12
14392827;2056118231;Annonce du contentieux;2023-04-07;2023-07-05;122.3
14392827;2056118231;Suspension de garanties;2023-03-31;2023-04-06;122.3
14392827;2056118231;Mise en demeure;2023-02-24;2023-03-30;122.3
14392827;2056118231;1er Impayé;2023-02-09;2023-02-23;107.3
14412595;2058942232;1er Impayé;2023-02-09;2023-02-17;114.08
14480334;2068619231;1er Impayé;2023-02-09;2023-03-02;69.8
14882190;2126027231;1er Impayé;2023-02-09;2023-03-07;73.39
14987085;2141012231;1er Impayé;2023-02-09;2023-03-02;95.83
14989696;2141385231;1er Impayé;2023-02-09;2023-03-02;111.05
14992153;2141736232;1er Impayé;2023-02-09;2023-03-02;135.34
15065800;2152257233;1er Impayé;2023-02-09;2023-03-02;103.46
15088130;2155447231;1er Impayé;2023-02-09;2023-02-14;226.52
15090048;2155721233;1er Impayé;2023-02-09;2023-02-24;329.42
15135296;2162185231;1er Impayé;2023-02-09;2023-03-02;67.48
15166334;2166619232;1er Impayé;2023-02-09;2023-03-02;62.3
15176743;2168106231;1er Impayé;2023-02-09;2023-03-14;115.24
15273091;2181870231;1er Impayé;2023-02-09;2023-03-02;178.02
15274988;2182141231;1er Impayé;2023-02-09;2023-03-02;60.19
15433139;2204734231;1er Impayé;2023-01-09;2023-02-07;271.97
15434721;2204960231;1er Impayé;2023-01-09;2023-02-02;53.74
15446789;2206684231;1er Impayé;2023-01-09;2023-01-13;79.6
15460376;2208625231;1er Impayé;2023-01-09;2023-01-25;63.4
15473389;2210484231;Mise en demeure;2023-01-27;2023-01-30;328.28
15473389;2210484231;1er Impayé;2023-01-09;2023-01-26;313.28
15483805;2211972231;1er Impayé;2023-01-09;2023-01-19;290.78
15485485;2212212231;1er Impayé;2023-01-09;2023-01-15;223.89
15518259;2216894231;Mise en demeure;2023-02-03;2023-02-24;370.02
15518259;2216894231;1er Impayé;2023-01-09;2023-02-02;527.03
15535052;2219293231;Mise en demeure;2023-01-27;2023-03-02;396.02
15535052;2219293231;1er Impayé;2023-01-09;2023-01-26;582.53
15539700;2219957231;1er Impayé;2023-01-09;2023-01-11;178.05
14963740;2137677231;1er Impayé;2023-01-11;2023-02-02;126.11
11790437;16843482315;1ere lettre de relance;2023-01-27;2023-02-02;838.34
15566489;22237842301;1ere lettre de relance;2023-01-27;2023-02-14;145.67
15573748;22248212301;1ere lettre de relance;2023-01-27;2023-02-03;53.74
12194750;17421072303;1ere lettre de relance;2023-01-27;2023-04-07;219.56
14937854;21339792302;Mise en demeure;2023-02-10;2023-02-20;230.52
14937854;21339792302;1ere lettre de relance;2023-01-27;2023-02-09;230.52
3869202;5527432329;1ere lettre de relance;2023-01-27;2023-01-30;171.54
8025060;11464372314;Mise en demeure;2023-02-10;2023-03-06;1083.51
8025060;11464372314;1ere lettre de relance;2023-01-27;2023-02-09;1068.51
10730602;15329432301;1ere lettre de relance;2023-01-27;2023-02-15;335.34
15287973;2183996232;1er Impayé;2023-02-01;2023-02-16;707.34
15301175;2185882231;1er Impayé;2023-02-01;2023-03-02;206.15
15287973;2183996232;Mise en demeure;2023-02-17;2023-02-28;722.34
12477270;1782467231;1er Impayé;2023-02-06;2023-02-23;109.42
12477270;1782467231;Mise en demeure;2023-02-24;2023-03-05;124.42
15300881;2185840231;1er Impayé;2023-02-09;2023-03-02;69.57
15303163;2186166232;1er Impayé;2023-02-09;2023-03-02;119.0
15307699;2186814231;1er Impayé;2023-02-09;2023-03-02;73.98
15309477;2187068232;1er Impayé;2023-02-09;2023-02-21;166.32
15310394;2187199231;2ème Impayé;2023-03-09;2023-07-13;136.5
15310394;2187199231;1er Impayé;2023-02-09;2023-03-02;68.25
15369579;2195654231;1er Impayé;2023-02-09;2023-02-12;75.83
15428414;2204059232;1er Impayé;2023-02-09;2023-02-12;582.92
15444451;2206350231;1er Impayé;2023-02-09;2023-02-20;241.6
15466144;2209449231;1er Impayé;2023-02-09;2023-02-16;157.84
15477785;2211112231;Mise en demeure;2023-02-24;2023-03-16;248.86
15477785;2211112231;1er Impayé;2023-02-09;2023-02-23;233.86
15488474;2212639231;1er Impayé;2023-02-09;2023-03-02;87.16
15502705;2214672231;1er Impayé;2023-02-09;2023-02-21;176.52
15504532;2214933231;1er Impayé;2023-02-09;2023-02-19;345.81
15542577;2220368231;Mise en demeure;2023-02-24;2023-03-07;321.18
15542577;2220368231;1er Impayé;2023-02-09;2023-02-23;306.18
15310394;2187199231;Suspension de garanties;2023-08-18;2023-08-24;561.0
15310394;2187199231;Mise en demeure;2023-07-14;2023-08-17;561.0
9330812;13329732312;1er Impayé;2023-01-15;2023-02-07;169.45
14144453;2020636231;1er Impayé;2023-01-15;2023-02-07;29.86
14311256;2044465231;Mise en demeure;2023-03-03;2023-04-02;259.95
14311256;2044465231;1er Impayé;2023-01-15;2023-02-07;81.65
14311256;2044465231;2ème Impayé;2023-02-15;2023-03-02;244.95
15007553;2143936234;1er Impayé;2023-01-15;2023-02-24;216.61
15230174;2175739232;1er Impayé;2023-01-15;2023-02-07;95.12
15234759;2176394231;1er Impayé;2023-01-15;2023-02-02;229.41
15239218;2177031231;1er Impayé;2023-01-15;2023-02-02;185.58
15372449;2196064231;1er Impayé;2023-01-15;2023-02-07;51.73
15385511;2197930231;Annonce du contentieux;2023-04-07;2023-05-14;431.94
15385511;2197930231;Suspension de garanties;2023-03-31;2023-04-06;431.94
15385511;2197930231;1er Impayé;2023-01-15;2023-02-02;267.47
15385511;2197930231;Mise en demeure;2023-02-03;2023-03-30;282.47
14035365;2005052231;1er Impayé;2023-02-06;2023-03-07;186.82
14771205;2110172234;1er Impayé;2023-02-06;2023-02-21;163.32
15551698;2221671231;Mise en demeure;2023-03-03;2023-03-14;163.9
15551698;2221671231;1er Impayé;2023-02-09;2023-03-02;308.8
15556556;2222365231;1er Impayé;2023-02-09;2023-02-13;527.51
15564907;2223558231;1er Impayé;2023-02-09;2023-02-20;300.02
15616266;2230895231;1er Impayé;2023-02-09;2023-03-07;153.06
15403039;2200434231;1er Impayé;2023-02-09;2023-02-23;270.62
15403039;2200434231;Mise en demeure;2023-02-24;2023-03-06;285.62
15516075;2216582231;1er Impayé;2023-02-09;2023-02-23;204.93
15516075;2216582231;Mise en demeure;2023-02-24;2023-03-30;219.93
11400061;16285802301;1ere lettre de relance;2023-02-10;2023-02-13;262.76
15280623;21829462302;Mise en demeure;2023-03-03;2023-03-12;218.82
15280623;21829462302;1ere lettre de relance;2023-02-10;2023-03-02;566.78
13534746;19335352301;1ere lettre de relance;2023-02-10;2023-02-19;318.48
15591360;22273372301;1ere lettre de relance;2023-02-10;2023-02-19;131.27
15408912;22012732301;1ere lettre de relance;2023-02-10;2023-02-22;400.64
5753329;8219042324;1er Impayé;2023-02-12;2023-03-02;284.01
8350854;1192979231;1er Impayé;2023-02-12;2023-03-02;139.71
9789935;1398562232;1er Impayé;2023-02-12;2023-02-21;160.76
10025555;1432222232;1er Impayé;2023-02-12;2023-02-14;303.38
10418115;1488302231;1er Impayé;2023-02-12;2023-03-02;96.95
10647190;1521027234;1er Impayé;2023-02-12;2023-02-13;121.33
10660196;1522885239;1er Impayé;2023-02-12;2023-03-02;174.1
11439905;1634272233;1er Impayé;2023-02-12;2023-03-02;174.5
12314695;1759242231;1er Impayé;2023-02-12;2023-02-23;192.64
12437531;1776790231;1er Impayé;2023-02-12;2023-03-07;165.14
12583719;1797674239;1er Impayé;2023-02-12;2023-03-02;189.37
12839296;1834185233;1er Impayé;2023-02-12;2023-03-02;153.79
12839296;1834185233;Mise en demeure;2023-04-14;2023-05-18;783.95
12839296;1834185233;2ème Impayé;2023-03-12;2023-04-13;307.58
12839296;1834185233;En recouvrement;2023-07-03;2023-10-23;1706.69
12839296;1834185233;Annonce du contentieux;2023-05-26;2023-07-02;783.95
12839296;1834185233;Suspension de garanties;2023-05-19;2023-05-25;783.95
12919453;1845636238;1er Impayé;2023-02-12;2023-03-02;105.22
12919453;1845636238;Mise en demeure;2023-04-14;2023-05-18;541.1
12919453;1845636238;2ème Impayé;2023-03-09;2023-04-13;210.44
12919453;1845636238;Annonce du contentieux;2023-05-26;2023-06-12;330.66
12919453;1845636238;Suspension de garanties;2023-05-19;2023-05-25;435.88
13085493;1869356231;1er Impayé;2023-02-12;2023-03-02;104.54
13533122;1933303232;1er Impayé;2023-02-12;2023-03-02;84.55
13793753;1970536232;1er Impayé;2023-02-12;2023-03-02;117.2
13842186;1977455231;1er Impayé;2023-02-12;2023-02-27;94.17
13862101;1980300235;1er Impayé;2023-02-12;2023-02-14;144.71
14359668;2051381232;2ème Impayé;2023-02-12;2023-02-15;135.0
14359668;2051381232;1er Impayé;2023-01-09;2023-01-12;67.5
14377077;2053868236;1er Impayé;2023-01-09;2023-01-15;143.89
14377126;2053875231;1er Impayé;2023-01-09;2023-01-10;162.6
14386065;2055152232;1er Impayé;2023-01-09;2023-02-02;83.13
14401479;2057354234;1er Impayé;2023-01-09;2023-02-02;91.17
14402361;2057480231;1er Impayé;2023-01-09;2023-02-02;83.76
14403187;2057598233;1er Impayé;2023-01-09;2023-02-02;179.84
14408185;2058312232;1er Impayé;2023-01-09;2023-02-02;64.57
14414912;2059273231;1er Impayé;2023-01-09;2023-01-29;75.69
14434043;2062006232;1er Impayé;2023-01-09;2023-02-01;90.12
14445320;2063617232;1er Impayé;2023-01-09;2023-02-02;131.55
14445320;2063617232;2ème Impayé;2023-02-08;2023-02-15;394.65
14475504;2067929231;1er Impayé;2023-01-09;2023-02-02;58.15
14484492;2069213233;1er Impayé;2023-01-09;2023-01-26;249.24
14484492;2069213233;Mise en demeure;2023-01-27;2023-02-22;264.24
14504379;2072054234;1er Impayé;2023-01-09;2023-02-02;64.24
14506283;2072326231;1er Impayé;2023-01-09;2023-01-13;64.02
13862101;1980300235;2ème Impayé;2023-03-08;2023-03-09;144.71
14528970;2075567231;1er Impayé;2023-01-09;2023-02-02;168.5
14530104;2075729232;1er Impayé;2023-01-09;2023-02-02;63.74
14555976;2079425231;1er Impayé;2023-01-09;2023-02-02;21.32
14593489;2084784232;1er Impayé;2023-01-09;2023-02-02;65.56
14608042;2086863231;1er Impayé;2023-01-09;2023-01-11;35.03
14648299;2092614231;1er Impayé;2023-01-09;2023-02-02;114.91
14683369;2097624233;1er Impayé;2023-01-09;2023-02-02;64.02
14703067;2100438232;1er Impayé;2023-01-09;2023-02-02;80.85
14721911;2103130233;Mise en demeure;2023-01-27;2023-02-02;152.72
14721911;2103130233;1er Impayé;2023-01-09;2023-01-26;206.57
15459851;2208550231;Annonce du contentieux;2023-04-14;2023-04-17;141.56
15459851;2208550231;2ème Impayé;2023-02-13;2023-03-02;250.97
15459851;2208550231;Suspension de garanties;2023-04-07;2023-04-13;141.56
15459851;2208550231;Mise en demeure;2023-03-03;2023-04-06;141.56
15459851;2208550231;1er Impayé;2023-01-15;2023-02-03;124.41
15528850;2218407231;1er Impayé;2023-01-15;2023-02-01;108.35
15545013;2220716231;1er Impayé;2023-01-15;2023-01-29;740.24
15550739;2221534231;1er Impayé;2023-01-15;2023-01-16;138.14
15388801;2198400231;1er Impayé;2023-01-18;2023-01-26;359.45
15141134;2163019232;2ème Impayé;2023-02-06;2023-02-13;136.5
15141134;2163019232;1er Impayé;2023-01-19;2023-01-20;136.5
9983828;1426261239;1er Impayé;2023-01-23;2023-03-07;940.35
15212219;2173174231;1er Impayé;2023-02-06;2023-02-20;246.38
15242158;2177451232;1er Impayé;2023-02-06;2023-03-07;107.06
14831454;2118779231;1er Impayé;2023-02-08;2023-03-02;90.21
14831454;2118779231;2ème Impayé;2023-03-08;2023-03-20;180.42
14008198;2001171232;1er Impayé;2023-02-12;2023-03-02;89.74
14243370;2034767231;1er Impayé;2023-02-12;2023-03-02;53.74
14243370;2034767231;2ème Impayé;2023-03-12;2023-03-29;107.48
14248655;2035522233;1er Impayé;2023-02-12;2023-03-02;21.32
14399253;2057036232;1er Impayé;2023-02-12;2023-03-02;81.05
14402746;2057535232;1er Impayé;2023-02-12;2023-03-02;160.66
14532512;2076073232;1er Impayé;2023-02-12;2023-03-07;19.62
14736751;2105250232;1er Impayé;2023-02-12;2023-03-02;86.95
12407438;1772491232;1er Impayé;2023-02-08;2023-03-02;75.84
12455374;1779339231;Annonce du contentieux;2023-04-07;2023-04-11;472.52
12455374;1779339231;Suspension de garanties;2023-03-31;2023-04-06;472.52
12455374;1779339231;Mise en demeure;2023-02-24;2023-03-30;472.52
12455374;1779339231;1er Impayé;2023-02-08;2023-02-23;457.52
12523778;1789111231;1er Impayé;2023-02-08;2023-03-07;69.59
12541509;1791644231;1er Impayé;2023-02-08;2023-03-07;151.38
12544526;1792075232;1er Impayé;2023-02-08;2023-03-02;124.9
12588633;1798376233;1er Impayé;2023-02-08;2023-03-02;126.9
12599049;1799864231;1er Impayé;2023-02-08;2023-03-02;79.89
12601828;1800261231;2ème Impayé;2023-03-08;2023-03-22;160.98
12601828;1800261231;1er Impayé;2023-02-08;2023-02-10;160.98
12671695;1810242232;1er Impayé;2023-02-08;2023-03-02;52.93
14728953;2104136231;1er Impayé;2023-01-09;2023-02-02;65.5
14738312;2105473231;1er Impayé;2023-01-09;2023-02-02;74.7
14752837;2107548231;1er Impayé;2023-01-09;2023-02-02;58.33
14755084;2107869231;1er Impayé;2023-01-09;2023-02-02;170.83
14800542;2114363231;1er Impayé;2023-01-09;2023-02-02;21.2
14834296;2119185231;Annonce du contentieux;2023-04-07;2023-06-05;371.91
14834296;2119185231;Suspension de garanties;2023-03-31;2023-04-06;371.91
14834296;2119185231;Mise en demeure;2023-02-24;2023-03-30;371.91
14834296;2119185231;1er Impayé;2023-01-09;2023-02-02;118.97
14834296;2119185231;2ème Impayé;2023-02-08;2023-02-23;356.91
14834296;2119185231;En recouvrement;2023-06-06;2023-08-22;1442.64
14842017;2120288231;Annonce du contentieux;2023-04-07;2023-05-14;196.98
14842017;2120288231;Suspension de garanties;2023-03-31;2023-04-06;196.98
14842017;2120288231;Mise en demeure;2023-02-24;2023-03-30;196.98
14842017;2120288231;1er Impayé;2023-01-09;2023-02-02;60.66
14842017;2120288231;2ème Impayé;2023-02-08;2023-02-23;181.98
14856927;2122418234;1er Impayé;2023-01-09;2023-02-02;84.48
14860987;2122998231;1er Impayé;2023-01-09;2023-01-10;66.56
14864214;2123459231;1er Impayé;2023-01-09;2023-02-02;137.01
9983828;1426261239;2ème Impayé;2023-08-22;2023-09-14;940.35
14871662;2124523231;1er Impayé;2023-01-09;2023-01-11;73.12
14919997;2131428233;1er Impayé;2023-01-09;2023-02-02;61.74
14925772;2132253232;1er Impayé;2023-01-09;2023-02-02;131.65
14942243;2134606232;1er Impayé;2023-01-09;2023-02-02;59.59
14982010;2140287232;1er Impayé;2023-01-09;2023-02-02;85.37
14984929;2140704233;1er Impayé;2023-01-09;2023-02-02;68.76
14986588;2140941234;Mise en demeure;2023-01-27;2023-02-20;337.23
14986588;2140941234;1er Impayé;2023-01-09;2023-01-26;322.23
14986812;2140973232;Mise en demeure;2023-02-24;2023-03-23;166.38
14986812;2140973232;1er Impayé;2023-01-09;2023-01-15;75.69
14986812;2140973232;2ème Impayé;2023-02-08;2023-02-23;151.38
14996990;2142427231;1er Impayé;2023-01-09;2023-02-02;57.28
15010549;2144364231;1er Impayé;2023-01-09;2023-02-02;128.31
15033768;2147681232;1er Impayé;2023-01-09;2023-02-02;23.04
15040376;2148625231;1er Impayé;2023-01-09;2023-01-10;86.31
15050617;2150088231;1er Impayé;2023-01-09;2023-02-02;75.81
15050617;2150088231;2ème Impayé;2023-02-08;2023-02-15;227.43
14037430;2005347233;2ème Impayé;2023-02-22;2023-03-09;146.42
14037430;2005347233;Mise en demeure;2023-03-10;2023-03-28;161.42
14037430;2005347233;1er Impayé;2023-01-23;2023-01-25;73.21
14090490;2012927234;2ème Impayé;2023-02-21;2023-02-27;314.94
14090490;2012927234;1er Impayé;2023-01-23;2023-02-14;104.98
14415087;2059298237;1er Impayé;2023-01-23;2023-01-25;126.66
14565860;2080837231;1er Impayé;2023-01-23;2023-02-03;126.27
14807087;2115298231;Mise en demeure;2023-02-10;2023-02-24;163.89
14807087;2115298231;1er Impayé;2023-01-23;2023-02-09;404.7
15151480;2164497232;Mise en demeure;2023-02-10;2023-03-16;179.34
15151480;2164497232;Suspension de garanties;2023-03-17;2023-03-21;179.34
15151480;2164497232;1er Impayé;2023-01-23;2023-02-09;132.43
15306733;2186676231;1er Impayé;2023-01-23;2023-03-17;292.76
15576611;2225230231;1er Impayé;2023-01-23;2023-01-27;254.83
15576898;2225271231;Mise en demeure;2023-02-10;2023-03-16;396.92
15576898;2225271231;Suspension de garanties;2023-03-17;2023-03-23;396.92
15576898;2225271231;Annonce du contentieux;2023-03-24;2023-04-14;396.92
15576898;2225271231;1er Impayé;2023-01-23;2023-02-09;381.92
7243678;1034811233;Mise en demeure;2023-02-10;2023-02-13;956.76
7243678;1034811233;1er Impayé;2023-01-25;2023-02-09;941.76
11470565;1638652235;1er Impayé;2023-01-25;2023-01-29;121.28
13476562;1925223237;Mise en demeure;2023-02-10;2023-03-16;476.94
13476562;1925223237;Suspension de garanties;2023-03-17;2023-03-23;476.94
13476562;1925223237;Annonce du contentieux;2023-03-24;2023-03-29;476.94
13476562;1925223237;1er Impayé;2023-01-25;2023-02-09;461.94
15591437;22273482301;1ere lettre de relance;2023-02-03;2023-02-06;1482.83
15562093;22231562301;1ere lettre de relance;2023-02-03;2023-02-08;885.89
15305711;21865302302;1ere lettre de relance;2023-02-03;2023-03-07;528.28
15593509;22276442301;1ere lettre de relance;2023-02-03;2023-02-16;243.4
15593509;22276442301;Mise en demeure;2023-02-17;2023-02-21;258.4
15605150;22293072301;1ere lettre de relance;2023-02-03;2023-02-06;150.11
457577;653682367;Mise en demeure;2023-02-17;2023-02-22;941.01
457577;653682367;1ere lettre de relance;2023-02-03;2023-02-16;926.01
4863517;6947882302;Mise en demeure;2023-02-17;2023-03-07;227.09
4863517;6947882302;1ere lettre de relance;2023-02-03;2023-02-16;621.82
10581516;15116452301;1ere lettre de relance;2023-02-03;2023-02-13;1457.69
11935673;17050962301;1ere lettre de relance;2023-02-03;2023-02-14;157.3
15288113;2184016231;1er Impayé;2023-02-06;2023-02-17;286.48
15298557;2185508231;1er Impayé;2023-02-06;2023-02-23;344.32
15298557;2185508231;Mise en demeure;2023-02-24;2023-03-05;359.32
15349545;2192792231;1er Impayé;2023-02-06;2023-02-23;118.9
15349545;2192792231;Mise en demeure;2023-02-24;2023-03-21;74.57
15367724;2195389231;1er Impayé;2023-02-06;2023-02-10;202.24
15386477;2198068231;1er Impayé;2023-02-06;2023-02-14;337.1
15428407;2204058232;1er Impayé;2023-02-06;2023-02-19;230.44
12983524;1854789234;1er Impayé;2023-02-08;2023-03-02;40.77
13119499;1874214231;1er Impayé;2023-02-08;2023-03-02;119.31
13332096;1904585232;2ème Impayé;2023-03-06;2023-04-03;318.96
13332096;1904585232;1er Impayé;2023-02-08;2023-03-02;159.48
13347517;1906788231;1er Impayé;2023-02-08;2023-03-02;217.98
13355987;1907998231;1er Impayé;2023-02-08;2023-03-02;71.67
13364247;1909178233;1er Impayé;2023-02-08;2023-03-02;105.46
13471438;1924491231;1er Impayé;2023-02-08;2023-03-02;145.9
13504996;1929285231;1er Impayé;2023-02-08;2023-03-02;90.87
13598481;1942640239;Mise en demeure;2023-04-14;2023-05-18;266.65
13598481;1942640239;1er Impayé;2023-02-08;2023-03-02;50.33
13598481;1942640239;2ème Impayé;2023-03-08;2023-04-13;100.66
13598481;1942640239;Annonce du contentieux;2023-05-26;2023-06-15;266.65
13598481;1942640239;Suspension de garanties;2023-05-19;2023-05-25;266.65
13604270;1943467232;1er Impayé;2023-02-08;2023-03-02;78.65
13615841;1945120232;1er Impayé;2023-02-08;2023-02-27;62.68
13623772;1946253234;1er Impayé;2023-02-08;2023-03-02;82.4
13909169;1987024231;1er Impayé;2023-02-08;2023-02-13;281.12
13909218;1987031231;1er Impayé;2023-02-08;2023-02-13;305.46
13926781;1989540232;1er Impayé;2023-02-08;2023-03-02;49.49
13978840;1996977232;1er Impayé;2023-02-08;2023-03-02;44.36
13984160;1997737232;1er Impayé;2023-02-08;2023-03-02;113.98
14007064;2001009231;1er Impayé;2023-02-08;2023-03-02;121.74
5842726;8346752310;1ere lettre de relance;2023-02-03;2023-02-16;825.94
13472509;19246442305;1ere lettre de relance;2023-02-03;2023-02-16;143.19
15280070;21828672301;1ere lettre de relance;2023-02-03;2023-02-21;236.78
7188203;10268862313;1ere lettre de relance;2023-02-03;2023-03-07;1043.12
15549857;22214082301;1ere lettre de relance;2023-02-03;2023-02-06;627.16
12355827;17651182304;Mise en demeure;2023-02-17;2023-03-07;529.28
12355827;17651182304;1ere lettre de relance;2023-02-03;2023-02-16;514.28
12030180;17185972301;1ere lettre de relance;2023-02-03;2023-02-13;50.93
14917407;21310582301;1ere lettre de relance;2023-02-03;2023-02-16;337.34
14917407;21310582301;Mise en demeure;2023-02-17;2023-03-12;352.34
13472509;19246442305;Mise en demeure;2023-02-17;2023-02-27;158.19
10300200;14714572301;1ere lettre de relance;2023-02-03;2023-02-21;204.48
11536582;16480832328;Mise en demeure;2023-02-17;2023-03-21;184.44
11536582;16480832328;1ere lettre de relance;2023-02-03;2023-02-16;169.44
10412956;14875652301;Mise en demeure;2023-02-17;2023-02-22;106.46
10412956;14875652301;1ere lettre de relance;2023-02-03;2023-02-16;91.46
14929034;21327192301;1ere lettre de relance;2023-02-03;2023-02-27;85.08
15531307;22187582301;1ere lettre de relance;2023-02-03;2023-02-14;506.84
14982255;21403222301;1ere lettre de relance;2023-02-03;2023-02-16;186.08
14982255;21403222301;Mise en demeure;2023-02-17;2023-02-22;201.08
15379029;21970042301;1ere lettre de relance;2023-02-03;2023-02-14;137.8
10677633;15253762301;1ere lettre de relance;2023-02-03;2023-02-07;245.42
15495894;2213699231;1er Impayé;2023-02-06;2023-02-23;281.38
15495894;2213699231;Mise en demeure;2023-02-24;2023-03-01;155.69
7870857;11244082312;1er Impayé;2023-02-07;2023-03-02;194.57
9442105;1348872231;Mise en demeure;2023-02-24;2023-03-14;291.74
9442105;1348872231;1er Impayé;2023-02-07;2023-02-23;276.74
12781287;1825898232;Mise en demeure;2023-02-24;2023-03-30;114.56
12781287;1825898232;1er Impayé;2023-02-07;2023-02-23;99.56
13488658;1926951232;Mise en demeure;2023-02-24;2023-02-26;141.88
13488658;1926951232;1er Impayé;2023-02-07;2023-02-23;126.88
13798002;1971143232;Mise en demeure;2023-02-24;2023-03-10;145.66
13798002;1971143232;1er Impayé;2023-02-07;2023-02-23;261.32
14713882;2101983232;2ème Impayé;2023-03-07;2023-07-13;299.04
14713882;2101983232;1er Impayé;2023-02-07;2023-03-02;149.52
15095116;2156445232;1er Impayé;2023-02-07;2023-03-07;128.01
15284690;2183527231;Mise en demeure;2023-02-24;2023-03-09;154.82
15284690;2183527231;1er Impayé;2023-02-07;2023-02-23;139.82
15312354;2187479231;1er Impayé;2023-02-07;2023-02-14;334.08
15380303;2197186231;2ème Impayé;2023-03-12;2023-03-30;211.08
15380303;2197186231;1er Impayé;2023-02-07;2023-03-02;105.54
15385938;2197991231;1er Impayé;2023-02-07;2023-03-07;125.81
4300913;614416238;1er Impayé;2023-02-08;2023-03-02;145.92
14189687;2027098232;1er Impayé;2023-02-08;2023-03-02;89.8
14199571;2028510231;1er Impayé;2023-02-08;2023-03-02;140.5
14210358;2030051231;1er Impayé;2023-02-08;2023-03-02;111.03
14217169;2031024231;1er Impayé;2023-02-08;2023-02-10;248.56
14241907;2034558233;2ème Impayé;2023-03-08;2023-04-03;121.88
14241907;2034558233;1er Impayé;2023-02-08;2023-03-02;60.94
14354243;2050606232;1er Impayé;2023-02-08;2023-03-02;170.85
14427883;2061126231;1er Impayé;2023-02-08;2023-02-20;92.3
14439209;2062744232;1er Impayé;2023-02-08;2023-03-02;113.66
14501327;2071618233;2ème Impayé;2023-03-08;2023-03-09;175.78
14501327;2071618233;1er Impayé;2023-02-08;2023-03-02;87.89
14560540;2080077233;1er Impayé;2023-02-08;2023-03-02;85.79
14561247;2080178231;1er Impayé;2023-02-08;2023-02-14;226.75
14567302;2081043232;1er Impayé;2023-02-08;2023-02-24;79.0
14574918;2082131231;Mise en demeure;2023-04-14;2023-05-14;417.75
14574918;2082131231;2ème Impayé;2023-03-08;2023-04-13;161.1
14574918;2082131231;1er Impayé;2023-02-08;2023-03-02;80.55
14588365;2084052232;1er Impayé;2023-02-08;2023-03-02;56.46
14597556;2085365231;1er Impayé;2023-02-08;2023-02-14;75.65
14613187;2087598233;1er Impayé;2023-02-08;2023-03-02;57.67
14623820;2089117231;1er Impayé;2023-02-08;2023-03-02;55.4
13476576;1925225237;1er Impayé;2023-01-25;2023-03-14;141.87
14339893;2048556233;1er Impayé;2023-01-25;2023-02-14;46.53
15210322;2172903231;Mise en demeure;2023-02-10;2023-03-12;766.58
15210322;2172903231;1er Impayé;2023-01-25;2023-02-09;751.58
5661111;8087302317;Mise en demeure;2023-02-10;2023-02-28;348.15
5661111;8087302317;1er Impayé;2023-01-26;2023-02-09;333.15
11042893;1577556234;1er Impayé;2023-01-26;2023-02-14;134.06
14394962;2056423232;1er Impayé;2023-01-26;2023-02-14;69.01
14434288;2062041231;1er Impayé;2023-01-26;2023-02-14;113.89
15605584;22293692301;1ere lettre de relance;2023-02-03;2023-03-07;146.96
15493549;22133642301;1ere lettre de relance;2023-02-03;2023-03-02;105.4
11089583;15842262301;1ere lettre de relance;2023-02-03;2023-02-22;160.02
14988821;21412602301;1ere lettre de relance;2023-02-03;2023-03-07;197.73
15076356;21537652301;1ere lettre de relance;2023-02-03;2023-02-10;24.06
11198853;15998362314;Mise en demeure;2023-02-17;2023-03-06;133.24
11198853;15998362314;1ere lettre de relance;2023-02-03;2023-02-16;133.24
8706384;1243769231;1er Impayé;2023-02-06;2023-02-23;244.4
8706384;1243769231;Mise en demeure;2023-02-24;2023-03-08;259.4
11402840;1628977232;Annonce du contentieux;2023-04-07;2023-07-18;140.34
11402840;1628977232;Suspension de garanties;2023-03-31;2023-04-06;140.34
11402840;1628977232;1er Impayé;2023-02-06;2023-02-23;250.68
11402840;1628977232;Mise en demeure;2023-02-24;2023-03-30;265.68
11411716;1630245231;1er Impayé;2023-02-06;2023-02-20;324.42
5723985;817712233;1er Impayé;2023-02-08;2023-03-02;238.55
7842234;11203192318;2ème Impayé;2023-03-08;2023-04-13;136.55
7842234;11203192318;1er Impayé;2023-02-08;2023-02-10;136.55
7993602;1141943236;1er Impayé;2023-02-08;2023-03-02;172.18
8424522;12035032311;Mise en demeure;2023-04-14;2023-05-18;907.5
8424522;12035032311;2ème Impayé;2023-03-12;2023-04-13;357.0
8424522;12035032311;1er Impayé;2023-02-08;2023-03-02;178.5
8424522;12035032311;Annonce du contentieux;2023-05-26;2023-07-03;550.5
8424522;12035032311;Suspension de garanties;2023-05-19;2023-05-25;550.5
8698411;1242630237;Mise en demeure;2023-04-14;2023-05-18;892.6
8698411;1242630237;2ème Impayé;2023-03-08;2023-04-13;351.04
8698411;1242630237;1er Impayé;2023-02-08;2023-03-08;175.52
8698411;1242630237;Annonce du contentieux;2023-05-26;2023-06-07;892.6
8698411;1242630237;Suspension de garanties;2023-05-19;2023-05-25;892.6
8746333;1249476232;1er Impayé;2023-02-08;2023-03-02;191.14
9209040;1315577238;1er Impayé;2023-02-08;2023-03-02;164.38
9763167;1394738231;1er Impayé;2023-02-08;2023-03-02;93.17
9906247;1415178231;1er Impayé;2023-02-08;2023-02-09;82.96
10049600;1435657233;1er Impayé;2023-02-08;2023-03-02;50.11
10118802;1445543236;Mise en demeure;2023-02-24;2023-03-15;149.98
10118802;1445543236;1er Impayé;2023-02-08;2023-02-23;134.98
10161978;1451711239;1er Impayé;2023-02-08;2023-03-02;234.74
10267146;1466735234;1er Impayé;2023-02-08;2023-03-02;81.42
10404381;1486340236;1er Impayé;2023-02-08;2023-02-09;71.05
10709959;1529994231;1er Impayé;2023-02-08;2023-03-02;348.23
15429835;2204262231;1er Impayé;2023-01-26;2023-02-03;98.79
15448287;2206898231;1er Impayé;2023-01-26;2023-02-02;82.28
14713882;2101983232;Annonce du contentieux;2023-09-15;;335.16
14713882;2101983232;Mise en demeure;2023-07-14;2023-09-07;813.16
14713882;2101983232;Suspension de garanties;2023-09-08;2023-09-14;574.16
10525572;1503653236;1er Impayé;2023-01-12;2023-02-02;59.29
10894024;1556289234;1er Impayé;2023-01-12;2023-02-02;79.63
11362765;16232522317;1er Impayé;2023-01-12;2023-02-02;131.98
11409749;1629964231;1er Impayé;2023-01-12;2023-02-07;88.54
11666040;1666577237;1er Impayé;2023-01-12;2023-01-13;260.21
11779727;1682818239;Suspension de garanties;2023-03-03;2023-03-09;962.88
11779727;1682818239;Mise en demeure;2023-01-27;2023-03-02;962.88
11779727;1682818239;1er Impayé;2023-01-12;2023-01-26;947.88
11894170;1699167232;2ème Impayé;2023-02-13;2023-04-05;495.27
11894170;1699167232;1er Impayé;2023-01-12;2023-02-02;165.09
12034394;1719199232;1er Impayé;2023-01-12;2023-02-07;110.2
12099074;1728439235;1er Impayé;2023-01-12;2023-02-07;114.61
12190606;1741515232;1er Impayé;2023-01-12;2023-02-07;67.39
12686444;18123492310;Suspension de garanties;2023-03-03;2023-03-09;308.94
12686444;18123492310;1er Impayé;2023-01-12;2023-01-26;293.94
12686444;18123492310;Mise en demeure;2023-01-27;2023-03-02;308.94
12686444;18123492310;Annonce du contentieux;2023-03-10;2023-03-14;308.94
15075838;2153691232;1er Impayé;2023-01-09;2023-02-02;90.29
15078645;2154092232;1er Impayé;2023-01-09;2023-02-02;102.16
15081739;2154534232;1er Impayé;2023-01-09;2023-01-25;62.78
15089257;2155608231;1er Impayé;2023-01-09;2023-02-02;93.96
15097846;2156835231;1er Impayé;2023-01-09;2023-02-02;118.9
15121534;2160219232;1er Impayé;2023-01-09;2023-02-02;68.55
15149737;2164248232;Annonce du contentieux;2023-04-07;2023-06-05;247.74
15149737;2164248232;Suspension de garanties;2023-03-31;2023-04-06;247.74
15149737;2164248232;Mise en demeure;2023-02-24;2023-03-30;247.74
15149737;2164248232;1er Impayé;2023-01-09;2023-02-02;77.58
15137837;2162548231;1er Impayé;2023-01-09;2023-01-19;114.03
15149254;2164179231;1er Impayé;2023-01-09;2023-02-02;71.24
15149737;2164248232;2ème Impayé;2023-02-08;2023-02-23;232.74
15149737;2164248232;En recouvrement;2023-06-06;2023-06-14;945.96
15165655;2166522231;2ème Impayé;2023-03-09;2023-03-20;30.02
15165655;2166522231;1er Impayé;2023-01-09;2023-02-08;366.44
15177177;2168168231;Mise en demeure;2023-02-03;2023-02-22;335.84
15177177;2168168231;1er Impayé;2023-01-09;2023-02-02;492.26
15194677;2170668231;1er Impayé;2023-01-09;2023-02-02;84.65
15197659;2171094231;1er Impayé;2023-01-09;2023-02-02;99.5
15204134;2172019232;1er Impayé;2023-01-09;2023-01-13;77.96
15210728;2172961232;1er Impayé;2023-01-09;2023-02-02;213.04
15218379;2174054231;1er Impayé;2023-01-09;2023-02-02;69.47
15234710;2176387231;1er Impayé;2023-01-09;2023-01-23;67.71
15238518;2176931232;Mise en demeure;2023-02-10;2023-03-08;711.64
15238518;2176931232;1er Impayé;2023-01-09;2023-02-09;696.64
15240814;2177259233;Annonce du contentieux;2023-04-07;2023-04-19;83.76
15240814;2177259233;Suspension de garanties;2023-03-31;2023-04-06;83.76
15240814;2177259233;Mise en demeure;2023-02-24;2023-03-30;233.76
15240814;2177259233;1er Impayé;2023-01-09;2023-02-02;72.92
15240814;2177259233;2ème Impayé;2023-02-07;2023-02-23;218.76
15244384;2177769231;1er Impayé;2023-01-09;2023-02-02;309.11
15251090;2178727231;1er Impayé;2023-01-09;2023-03-14;639.53
15273658;2181951231;1er Impayé;2023-01-09;2023-01-20;609.77
15288099;2184014232;Mise en demeure;2023-02-03;2023-01-09;512.88
15288099;2184014232;1er Impayé;2023-01-09;2023-02-02;497.88
15288281;2184040231;1er Impayé;2023-01-09;2023-02-02;39.4
13221811;1888830231;1er Impayé;2023-01-12;2023-02-07;91.3
13233494;1890499232;2ème Impayé;2023-02-12;2023-03-02;476.66
13233494;1890499232;Mise en demeure;2023-03-03;2023-03-28;491.66
13233494;1890499232;1er Impayé;2023-01-12;2023-01-29;238.33
13345557;1906508236;1er Impayé;2023-01-12;2023-01-22;108.16
13345557;1906508236;2ème Impayé;2023-02-15;2023-02-17;216.32
13368524;1909789234;1er Impayé;2023-01-12;2023-02-07;113.06
13432637;1918948231;Mise en demeure;2023-03-03;2023-03-10;289.35
13432637;1918948231;1er Impayé;2023-01-12;2023-02-07;91.45
13432637;1918948231;2ème Impayé;2023-02-14;2023-03-02;274.35
13534536;1933505233;1er Impayé;2023-01-12;2023-02-07;63.99
13677553;1953936231;1er Impayé;2023-01-12;2023-02-07;59.49
13869255;1981322231;Mise en demeure;2023-03-03;2023-04-04;436.83
13869255;1981322231;1er Impayé;2023-01-12;2023-02-07;140.61
13869255;1981322231;2ème Impayé;2023-02-14;2023-03-02;421.83
13889044;1984149235;Suspension de garanties;2023-04-07;2023-04-13;303.33
13889044;1984149235;Mise en demeure;2023-03-03;2023-04-06;303.33
13889044;1984149235;Annonce du contentieux;2023-04-14;2023-06-05;303.33
13889044;1984149235;2ème Impayé;2023-02-14;2023-03-02;288.33
13889044;1984149235;En recouvrement;2023-06-06;;1168.32
13889044;1984149235;1er Impayé;2023-01-12;2023-02-07;96.11
13910681;1987240231;1er Impayé;2023-01-12;2023-02-07;44.48
13939101;1991300236;1er Impayé;2023-01-12;2023-02-07;44.85
3881760;5545372310;1er Impayé;2023-01-09;2023-02-02;181.51
3941176;563025236;1er Impayé;2023-01-09;2023-01-30;95.04
4413151;630450231;1er Impayé;2023-01-09;2023-02-02;621.93
4536701;6481002320;1er Impayé;2023-01-09;2023-01-19;604.41
5335030;762147231;1er Impayé;2023-01-09;2023-01-12;589.53
5377989;7682842343;1er Impayé;2023-01-09;2023-02-02;439.51
5942021;848860232;1er Impayé;2023-01-09;2023-02-02;217.56
5967921;852560232;1er Impayé;2023-01-09;2023-01-11;2005.56
15301441;2185920231;1er Impayé;2023-01-09;2023-02-02;29.07
7377182;10538832315;1er Impayé;2023-01-09;2023-02-02;166.84
7670230;1095747234;1er Impayé;2023-01-09;2023-02-02;108.8
15300447;2185778231;1er Impayé;2023-01-09;2023-02-07;508.25
15301665;2185952231;1er Impayé;2023-01-09;2023-02-02;55.92
15302708;2186101231;2ème Impayé;2023-03-09;2023-03-20;72.42
15302708;2186101231;1er Impayé;2023-01-09;2023-01-19;273.35
15308168;2186881231;Mise en demeure;2023-02-24;2023-03-08;159.92
15308168;2186881231;1er Impayé;2023-01-09;2023-01-11;72.46
15308168;2186881231;2ème Impayé;2023-02-08;2023-02-23;144.92
15309477;2187068231;Mise en demeure;2023-01-27;2023-02-02;252.98
15309477;2187068231;1er Impayé;2023-01-09;2023-01-26;237.98
15323239;2189034231;1er Impayé;2023-01-09;2023-01-16;410.21
15339283;2191326232;2ème Impayé;2023-02-09;2023-02-14;105.04
15339283;2191326232;1er Impayé;2023-01-09;2023-01-10;52.52
15339374;2191339232;Annonce du contentieux;2023-04-07;2023-06-05;118.38
15339374;2191339232;Suspension de garanties;2023-03-31;2023-04-06;118.38
15339374;2191339232;Mise en demeure;2023-02-24;2023-03-30;118.38
15339374;2191339232;2ème Impayé;2023-02-09;2023-02-23;103.38
15339374;2191339232;1er Impayé;2023-01-09;2023-01-10;51.69
15339374;2191339232;En recouvrement;2023-06-06;;465.21
15348705;2192672231;1er Impayé;2023-01-09;2023-01-10;48.63
15353759;2193394231;Mise en demeure;2023-01-27;2023-02-06;411.26
15353759;2193394231;1er Impayé;2023-01-09;2023-01-26;605.39
15367710;2195387231;1er Impayé;2023-01-09;2023-01-16;81.07
15369754;2195679231;1er Impayé;2023-01-09;2023-02-02;210.86
15369754;2195679231;2ème Impayé;2023-02-08;2023-03-07;632.58
15371028;2195861231;Mise en demeure;2023-01-27;2023-02-13;202.07
15371028;2195861231;1er Impayé;2023-01-09;2023-01-26;187.07
15372337;2196048231;1er Impayé;2023-01-09;2023-02-07;59.15
15381927;2197418231;1er Impayé;2023-01-09;2023-02-02;28.98
15386757;2198108231;1er Impayé;2023-01-09;2023-01-19;455.78
15391825;2198832231;1er Impayé;2023-01-09;2023-01-13;171.18
15419678;2202811231;1er Impayé;2023-01-09;2023-01-15;95.39
15426447;2203778231;1er Impayé;2023-01-09;2023-01-17;548.09
15428330;2204047231;1er Impayé;2023-01-09;2023-02-06;494.06
15428414;2204059231;Mise en demeure;2023-01-27;2023-02-01;582.92
15428414;2204059231;1er Impayé;2023-01-09;2023-01-26;862.88
15430367;2204338231;1er Impayé;2023-01-09;2023-02-07;145.78
14077365;2011052237;Suspension de garanties;2023-03-03;2023-03-09;355.76
14077365;2011052237;1er Impayé;2023-01-12;2023-01-26;340.76
14077365;2011052237;Annonce du contentieux;2023-03-10;2023-04-27;355.76
14077365;2011052237;Mise en demeure;2023-01-27;2023-03-02;355.76
14077869;2011124232;1er Impayé;2023-01-12;2023-02-07;91.2
14107808;2015401234;1er Impayé;2023-01-12;2023-02-02;119.15
14274338;2039191231;1er Impayé;2023-01-12;2023-01-15;82.55
14309345;2044192232;1er Impayé;2023-01-12;2023-02-02;57.37
14311984;2044569232;1er Impayé;2023-01-12;2023-02-07;61.85
14383650;2054807232;1er Impayé;2023-01-12;2023-01-30;284.82
14451305;2064472232;1er Impayé;2023-01-12;2023-02-07;55.7
14555164;2079309233;1er Impayé;2023-01-12;2023-02-07;109.15
14563109;2080444236;1er Impayé;2023-01-12;2023-02-07;161.97
14731088;2104441233;1er Impayé;2023-01-12;2023-02-02;143.03
15000070;2142867233;1er Impayé;2023-01-12;2023-02-07;137.57
15011179;2144454232;1er Impayé;2023-01-12;2023-01-22;111.8
15074088;2153441231;1er Impayé;2023-01-12;2023-02-02;97.13
15079660;2154237233;1er Impayé;2023-01-12;2023-01-13;135.39
15079660;2154237233;Mise en demeure;2023-02-24;2023-03-30;109.18
15079660;2154237233;2ème Impayé;2023-02-08;2023-02-23;94.18
8148995;1164142231;1er Impayé;2023-01-09;2023-02-02;1798.44
8558488;1222641231;1er Impayé;2023-01-09;2023-02-02;147.45
8576107;1225158232;1er Impayé;2023-01-09;2023-01-31;123.02
8718886;1245555233;1er Impayé;2023-01-09;2023-02-02;213.86
8883281;1269040238;1er Impayé;2023-01-09;2023-02-02;245.77
8937391;1276770237;1er Impayé;2023-01-09;2023-02-02;154.24
9191099;1313014237;1er Impayé;2023-01-09;2023-02-02;88.1
9474480;1353497232;1er Impayé;2023-01-09;2023-02-02;55.33
9545026;1363575236;Mise en demeure;2023-02-24;2023-03-13;583.47
9545026;1363575236;1er Impayé;2023-01-09;2023-02-02;636.96
9545026;1363575236;2ème Impayé;2023-02-08;2023-02-23;636.96
9669759;1381394233;1er Impayé;2023-01-09;2023-02-02;668.28
9765596;13950852311;Mise en demeure;2023-02-10;2023-02-26;270.63
9765596;13950852311;1er Impayé;2023-01-09;2023-02-09;255.63
9836485;1405212236;1er Impayé;2023-01-09;2023-02-02;179.0
9854797;1407828233;1er Impayé;2023-01-09;2023-02-02;114.94
9855000;14078572312;Mise en demeure;2023-02-24;2023-03-12;250.65
9855000;14078572312;1er Impayé;2023-01-09;2023-02-02;78.55
9855000;14078572312;2ème Impayé;2023-02-08;2023-02-23;235.65
10094183;1442026233;1er Impayé;2023-01-09;2023-02-02;65.46
10222360;1460337236;1er Impayé;2023-01-09;2023-02-02;89.68
10274279;1467754231;1er Impayé;2023-01-09;2023-02-02;118.01
10287404;1469629234;1er Impayé;2023-01-09;2023-01-12;223.34
10287404;1469629234;2ème Impayé;2023-02-08;2023-02-24;446.68
10335130;1476447234;1er Impayé;2023-01-09;2023-01-12;90.12
10553894;15076992310;1er Impayé;2023-01-09;2023-01-16;316.49
10675344;1525049232;Mise en demeure;2023-02-24;2023-03-16;480.24
10675344;1525049232;1er Impayé;2023-01-09;2023-02-02;155.08
10675344;1525049232;2ème Impayé;2023-02-08;2023-02-23;465.24
10702378;1528911232;1er Impayé;2023-01-09;2023-02-02;65.73
10703820;1529117232;2ème Impayé;2023-02-06;2023-02-23;215.76
10703820;1529117232;Mise en demeure;2023-02-24;2023-02-26;230.76
10703820;1529117232;1er Impayé;2023-01-09;2023-02-02;71.92
10828917;1546988238;1er Impayé;2023-01-09;2023-02-02;58.26
10930578;1561511232;1er Impayé;2023-01-09;2023-01-22;123.1
11886463;1698066231;1er Impayé;2023-01-19;2023-02-14;196.38
15454909;2207844231;Mise en demeure;2023-02-03;2023-02-22;248.4
15454909;2207844231;1er Impayé;2023-01-19;2023-02-02;233.4
15561155;2223022231;1er Impayé;2023-01-19;2023-02-02;356.36
11050999;1578714235;1er Impayé;2023-02-08;2023-03-02;98.22
11051006;1578715233;1er Impayé;2023-02-08;2023-03-02;108.59
11091767;1584538231;1er Impayé;2023-02-08;2023-03-02;64.55
11599344;1657049231;1er Impayé;2023-02-08;2023-03-02;133.29
11609809;1658544237;1er Impayé;2023-02-08;2023-03-02;198.27
14931477;21330682304;1ere lettre de relance;2023-10-20;2023-11-02;164.31
10280285;14686122302;1ere lettre de relance;2023-10-20;2023-11-02;319.71
14679428;20970612304;1ere lettre de relance;2023-10-20;2023-10-30;134.85
14931477;21330682304;Mise en demeure;2023-11-03;2023-11-05;179.31
10280285;14686122302;Mise en demeure;2023-11-03;2023-11-05;334.71
15138054;2162579234;1er Impayé;2023-09-27;2023-09-29;252.69
13209106;18870152303;1ere lettre de relance;2023-10-20;2023-11-02;443.46
14349931;20499902309;Mise en demeure;2023-11-03;;160.95
13209106;18870152303;Mise en demeure;2023-11-03;;458.46
14349931;20499902309;1ere lettre de relance;2023-10-20;2023-11-02;145.95
13353866;19076952301;1ere lettre de relance;2023-10-27;2023-11-09;281.04
13353866;19076952301;Mise en demeure;2023-11-10;2023-11-22;296.04
13642371;19489102302;1ere lettre de relance;2023-10-27;2023-11-09;244.23
13642371;19489102302;Mise en demeure;2023-11-10;2023-11-16;259.23
15209790;21728272301;1ere lettre de relance;2023-10-27;;283.44
12927307;18467582301;1ere lettre de relance;2023-10-27;2023-11-09;179.46
12927307;18467582301;Mise en demeure;2023-11-10;;194.46
15502852;22146932306;1ere lettre de relance;2023-10-27;2023-11-13;467.1
15785568;22550812301;1ere lettre de relance;2023-10-27;2023-11-09;293.4
15606704;22295292302;1ere lettre de relance;2023-10-27;2023-11-09;256.9
15378609;21969442302;1ere lettre de relance;2023-10-27;2023-11-05;178.86
14930539;21329342304;Mise en demeure;2023-11-10;;658.74
15345408;21922012301;Mise en demeure;2023-11-10;;423.78
12548208;17926012301;1ere lettre de relance;2023-11-10;;395.22
15785568;22550812301;Mise en demeure;2023-11-10;2023-11-19;308.4
15606704;22295292302;Mise en demeure;2023-11-10;;271.9
14930539;21329342304;1ere lettre de relance;2023-10-27;2023-11-09;643.74
15345408;21922012301;1ere lettre de relance;2023-10-27;2023-11-09;408.78
8727013;12467162312;1ere lettre de relance;2023-11-10;;247.28
12219705;17456722301;1ere lettre de relance;2023-11-10;;235.95
15568785;22241122302;1ere lettre de relance;2023-11-10;2023-11-23;96.0
12637052;18052932302;1ere lettre de relance;2023-11-10;;359.26
12911333;18444762301;1ere lettre de relance;2023-11-10;2023-11-13;184.45
13572686;19389552306;1ere lettre de relance;2023-11-10;;688.25
13383476;19119252301;1ere lettre de relance;2023-11-10;;270.68
13962278;19946112301;1ere lettre de relance;2023-11-10;;389.82
15146132;21637332304;1ere lettre de relance;2023-11-10;;490.56
15127190;21610272302;1ere lettre de relance;2023-11-10;2023-11-14;631.32
15756903;22509862302;1ere lettre de relance;2023-11-10;;221.67
15717094;22452992302;1ere lettre de relance;2023-11-10;;632.28
15567588;22239412304;1ere lettre de relance;2023-11-10;;353.76
15608594;2229799231;1er Impayé;2023-03-14;2023-03-31;57.23
15619752;2231393231;1er Impayé;2023-03-14;2023-03-15;148.49
15630147;2232878231;1er Impayé;2023-03-14;2023-05-02;88.16
15648179;2235454231;1er Impayé;2023-03-14;2023-03-17;80.73
15652358;2236051231;1er Impayé;2023-03-14;2023-03-23;114.07
15652512;2236073231;1er Impayé;2023-03-14;2023-03-31;118.73
15660611;2237230231;1er Impayé;2023-03-14;2023-03-31;88.33
15667968;2238281231;1er Impayé;2023-03-14;2023-03-15;87.89
15671790;2238827231;1er Impayé;2023-03-14;2023-03-16;114.88
15679630;2239947231;1er Impayé;2023-03-14;2023-03-31;233.53
15689689;2241384231;1er Impayé;2023-03-14;2023-03-31;262.66
5073461;724780238;1er Impayé;2023-08-10;2023-09-03;138.6
10354744;1479249233;1er Impayé;2023-08-10;2023-09-03;543.38
10572864;1510409235;1er Impayé;2023-08-10;2023-08-15;184.66
10967881;1566840234;1er Impayé;2023-08-10;2023-09-03;153.47
11099824;1585689232;Suspension de garanties;2023-11-17;;554.6
11099824;1585689232;Mise en demeure;2023-10-13;2023-11-16;554.6
11099824;1585689232;2ème Impayé;2023-09-07;2023-10-12;215.84
11099824;1585689232;1er Impayé;2023-08-10;2023-09-03;107.92
11523716;1646245231;1er Impayé;2023-08-10;2023-09-03;123.02
11761499;1680214236;1er Impayé;2023-08-10;2023-09-03;121.23
12702775;1814682232;1er Impayé;2023-08-10;2023-09-03;52.05
13808355;1972622234;1er Impayé;2023-08-10;2023-09-03;128.61
13851279;1978754231;1er Impayé;2023-08-10;2023-08-13;60.31
13911115;1987302232;1er Impayé;2023-08-10;2023-09-03;81.08
13922217;1988888231;Suspension de garanties;2023-11-24;2023-11-30;204.84
13922217;1988888231;Mise en demeure;2023-10-13;2023-11-23;252.3
13922217;1988888231;1er Impayé;2023-08-10;2023-09-03;47.46
14081124;2011589239;1er Impayé;2023-08-10;2023-08-14;59.2
14468413;2066916233;1er Impayé;2023-08-10;2023-09-03;50.61
14516860;2073837233;1er Impayé;2023-08-10;2023-09-03;58.96
14533905;2076272233;2ème Impayé;2023-09-10;2023-10-09;146.36
14533905;2076272233;1er Impayé;2023-08-10;2023-09-03;73.18
14678616;2096945234;1er Impayé;2023-08-10;2023-09-03;146.8
14819211;2117030231;1er Impayé;2023-08-10;2023-09-03;69.44
14946632;2135233231;1er Impayé;2023-08-10;2023-09-03;69.22
14992153;2141736233;1er Impayé;2023-08-10;2023-09-03;135.34
14996990;2142427232;1er Impayé;2023-08-10;2023-09-03;57.28
14493214;2070459231;1er Impayé;2023-03-22;2023-04-12;32.24
13922217;1988888231;2ème Impayé;2023-09-06;2023-10-12;94.92
14996990;2142427232;2ème Impayé;2023-09-10;2023-10-02;114.56
9359841;1337120235;1er Impayé;2023-03-22;2023-04-12;303.87
9359841;1337120235;Mise en demeure;2023-05-12;2023-06-02;1230.48
12004014;17148592311;1er Impayé;2023-03-22;2023-04-12;57.28
12840850;1834407231;1er Impayé;2023-03-22;2023-04-12;117.07
13582227;1940318233;1er Impayé;2023-03-22;2023-04-12;142.45
14120107;2017158233;1er Impayé;2023-03-22;2023-04-12;91.58
14339893;2048556234;1er Impayé;2023-03-22;2023-04-12;46.53
14736464;2105209231;1er Impayé;2023-03-22;2023-03-27;192.96
14995933;2142276231;1er Impayé;2023-03-22;2023-03-31;130.37
14995933;2142276231;Annonce du contentieux;2023-06-23;2023-06-25;145.37
14995933;2142276231;Mise en demeure;2023-05-12;2023-06-15;275.74
9359841;1337120235;2ème Impayé;2023-04-24;2023-05-11;1215.48
14995933;2142276231;Suspension de garanties;2023-06-16;2023-06-22;145.37
14995933;2142276231;2ème Impayé;2023-04-24;2023-05-11;391.11
15708092;2244013231;1er Impayé;2023-03-22;2023-05-10;84.26
15733320;2247617231;1er Impayé;2023-03-22;2023-03-31;48.03
15734146;2247735231;1er Impayé;2023-03-22;2023-03-31;45.16
7117475;1016782232;1er Impayé;2023-07-16;2023-08-03;973.57
7145678;10208112311;1er Impayé;2023-08-09;2023-09-03;166.65
7769217;1109888235;1er Impayé;2023-08-09;2023-09-03;81.81
7117475;1016782232;Mise en demeure;2023-08-04;2023-08-21;988.57
15052227;2150318231;1er Impayé;2023-06-15;2023-07-05;86.5
15052409;2150344231;1er Impayé;2023-06-15;2023-07-05;60.6
15068495;2152642231;1er Impayé;2023-06-15;2023-07-05;160.91
15090048;2155721234;1er Impayé;2023-06-15;2023-07-03;164.71
15129927;2161418232;1er Impayé;2023-06-15;2023-07-05;194.06
15134694;2162099231;1er Impayé;2023-06-15;2023-07-11;85.53
15134792;2162113231;1er Impayé;2023-06-15;2023-07-05;96.46
15135233;2162176232;1er Impayé;2023-06-15;2023-07-05;65.32
15152908;2164701231;1er Impayé;2023-06-15;2023-07-05;122.81
15249242;2178463231;2ème Impayé;2023-07-12;2023-08-17;241.32
15234241;2176320231;1er Impayé;2023-06-15;2023-07-05;50.86
15238686;2176955232;1er Impayé;2023-06-15;2023-07-05;79.23
15245497;2177928234;1er Impayé;2023-06-15;2023-07-05;52.7
15249242;2178463231;1er Impayé;2023-06-15;2023-07-05;60.33
15249984;2178569232;1er Impayé;2023-06-15;2023-07-05;61.53
15249242;2178463231;Mise en demeure;2023-08-18;2023-08-30;256.32
15272692;2181813231;1er Impayé;2023-06-15;2023-06-30;112.35
15284123;2183446232;1er Impayé;2023-06-15;2023-07-05;56.1
15300006;2185715233;1er Impayé;2023-06-15;2023-07-05;163.7
15315252;2187893232;1er Impayé;2023-06-15;2023-07-05;120.42
15319802;2188543232;1er Impayé;2023-06-15;2023-07-05;82.84
15345828;2192261231;1er Impayé;2023-06-15;2023-07-05;96.99
15366828;2195261231;1er Impayé;2023-06-15;2023-07-05;115.93
15382228;2197461231;1er Impayé;2023-06-15;2023-06-16;60.66
15387583;2198226231;1er Impayé;2023-06-15;2023-07-05;77.54
15395318;2199331231;1er Impayé;2023-06-15;2023-07-05;84.32
15395325;2199332231;1er Impayé;2023-06-15;2023-07-05;75.62
14764079;2109154231;1er Impayé;2023-05-10;2023-05-11;106.82
14716017;2102288231;1er Impayé;2023-05-10;2023-06-01;224.59
14722583;2103226232;1er Impayé;2023-05-10;2023-06-01;158.99
14660577;2094368235;1er Impayé;2023-05-10;2023-06-06;201.4
14722583;2103226232;2ème Impayé;2023-06-07;2023-06-27;317.98
14764079;2109154231;2ème Impayé;2023-06-07;2023-07-13;106.82
14764079;2109154231;Mise en demeure;2023-07-14;2023-07-30;442.28
14774950;2110707231;1er Impayé;2023-05-10;2023-06-01;130.7
14827401;2118200231;1er Impayé;2023-05-10;2023-05-12;174.05
14858250;2122607232;1er Impayé;2023-05-10;2023-06-01;95.78
14861743;2123106231;1er Impayé;2023-05-10;;132.66
14909028;2129861233;2ème Impayé;2023-06-07;2023-11-09;347.7
14909028;2129861233;1er Impayé;2023-05-10;2023-06-01;173.85
14927102;2132443233;1er Impayé;2023-05-10;2023-06-01;45.86
14931330;2133047231;1er Impayé;2023-05-10;2023-05-14;55.06
15019502;2145643231;1er Impayé;2023-05-10;2023-05-11;185.2
15031269;2147324231;1er Impayé;2023-05-10;2023-05-21;69.73
15065632;2152233231;1er Impayé;2023-05-10;2023-06-01;62.13
15134512;2162073232;1er Impayé;2023-05-10;2023-06-01;80.68
15149058;2164151232;1er Impayé;2023-05-10;2023-06-01;151.21
15152446;2164635231;1er Impayé;2023-05-10;2023-06-01;154.57
15162442;2166063233;1er Impayé;2023-05-10;2023-05-11;71.36
15134512;2162073232;2ème Impayé;2023-06-07;2023-06-19;161.36
15162442;2166063233;2ème Impayé;2023-06-07;2023-06-08;71.36
15169771;2167110231;Suspension de garanties;2023-09-01;2023-09-07;474.0
15169771;2167110231;2ème Impayé;2023-06-07;2023-07-13;183.6
15169771;2167110231;1er Impayé;2023-05-10;2023-06-01;91.8
15169771;2167110231;Mise en demeure;2023-07-14;2023-08-31;474.0
15169771;2167110231;Annonce du contentieux;2023-09-08;2023-09-17;474.0
15197155;2171022231;1er Impayé;2023-05-10;2023-05-12;47.5
15197799;2171114231;1er Impayé;2023-05-10;2023-06-01;61.53
15207494;2172499231;1er Impayé;2023-05-10;2023-06-01;65.34
15369775;2195682231;2ème Impayé;2023-03-13;2023-03-27;103.94
15369775;2195682231;1er Impayé;2023-02-13;2023-02-22;103.94
15381185;2197312232;Mise en demeure;2023-03-03;2023-03-20;253.72
15381185;2197312232;1er Impayé;2023-02-13;2023-03-02;238.72
15403186;2200455231;1er Impayé;2023-02-13;2023-03-02;108.88
15439971;2205710231;1er Impayé;2023-02-13;2023-02-27;210.6
15452599;2207514231;2ème Impayé;2023-03-13;2023-04-02;111.7
15452599;2207514231;1er Impayé;2023-02-13;2023-03-07;55.85
15491582;2213083231;1er Impayé;2023-02-13;2023-02-13;244.34
15523852;2217693231;1er Impayé;2023-02-13;2023-02-27;34.42
15534863;2219266231;2ème Impayé;2023-03-13;2023-03-28;198.7
15534863;2219266231;1er Impayé;2023-02-13;2023-03-03;104.85
15542507;2220358232;1er Impayé;2023-02-13;2023-02-14;177.68
15572516;2224645231;1er Impayé;2023-02-13;2023-03-02;269.64
15584906;2226415231;1er Impayé;2023-02-13;2023-03-03;112.82
15584906;2226415231;2ème Impayé;2023-03-12;2023-04-13;179.98
15584906;2226415231;Annonce du contentieux;2023-05-26;2023-06-01;396.46
15584906;2226415231;En recouvrement;2023-06-02;;799.42
15584906;2226415231;Suspension de garanties;2023-05-19;2023-05-25;396.46
15584906;2226415231;Mise en demeure;2023-04-14;2023-05-18;396.46
11273249;16104642308;Suspension de garanties;2023-06-02;2023-06-06;152.76
286357;409082322;Mise en demeure;2023-05-02;2023-05-15;140.6
11273249;16104642308;1ere lettre de relance;2023-04-21;2023-05-01;137.76
286357;409082322;1ere lettre de relance;2023-04-21;2023-05-01;125.6
11273249;16104642308;Mise en demeure;2023-05-02;2023-06-01;152.76
5620707;8029582313;1ere lettre de relance;2023-04-21;2023-05-01;477.45
15602014;22288592302;1ere lettre de relance;2023-04-21;2023-05-01;195.33
15602014;22288592302;Suspension de garanties;2023-06-02;2023-06-02;210.33
15602014;22288592302;Mise en demeure;2023-05-02;2023-06-01;210.33
7955459;11364942308;1ere lettre de relance;2023-04-21;2023-05-01;395.55
7955459;11364942308;Annonce du contentieux;2023-06-09;2023-06-13;410.55
6101754;8716792354;1ere lettre de relance;2023-04-21;2023-05-01;810.99
11801917;16859882308;1ere lettre de relance;2023-04-21;2023-04-25;321.36
15250397;21786282303;1ere lettre de relance;2023-04-21;2023-05-01;203.9
15250397;21786282303;Mise en demeure;2023-05-02;2023-05-09;218.9
13495532;19279332302;1ere lettre de relance;2023-04-21;2023-04-23;454.83
5620707;8029582313;Mise en demeure;2023-05-02;2023-05-11;492.45
7955459;11364942308;Mise en demeure;2023-05-02;2023-06-01;410.55
7955459;11364942308;Suspension de garanties;2023-06-02;2023-06-08;410.55
12375399;17679142302;Mise en demeure;2023-05-02;2023-06-07;264.65
12375399;17679142302;1ere lettre de relance;2023-04-21;2023-05-01;249.65
15709310;22441872301;1ere lettre de relance;2023-04-21;2023-05-01;612.47
15709310;22441872301;Mise en demeure;2023-05-02;2023-05-23;627.47
8973035;12818622314;1ere lettre de relance;2023-04-21;2023-05-01;161.34
8973035;12818622314;Mise en demeure;2023-05-02;2023-05-09;176.34
15134701;21621002304;1ere lettre de relance;2023-04-21;2023-05-01;465.09
15134701;21621002304;Mise en demeure;2023-05-02;2023-05-10;480.09
8181706;11688152331;1ere lettre de relance;2023-04-21;2023-05-01;684.84
8181706;11688152331;En recouvrement;2023-06-16;2023-06-23;1740.52
8181706;11688152331;Annonce du contentieux;2023-06-09;2023-06-15;699.84
8181706;11688152331;Mise en demeure;2023-05-02;2023-06-01;699.84
8181706;11688152331;Suspension de garanties;2023-06-02;2023-06-08;699.84
5209030;7441472337;1ere lettre de relance;2023-04-21;2023-05-01;1609.23
5209030;7441472337;Mise en demeure;2023-05-02;2023-05-03;1624.23
15304710;21863872303;1ere lettre de relance;2023-04-21;2023-05-01;168.09
15304710;21863872303;Mise en demeure;2023-05-02;2023-06-01;183.09
15304710;21863872303;Annonce du contentieux;2023-06-09;2023-06-14;183.09
8816326;12594752317;1ere lettre de relance;2023-04-21;2023-05-01;269.2
8816326;12594752317;Mise en demeure;2023-05-02;2023-05-08;284.2
4781610;6830872347;1ere lettre de relance;2023-04-21;2023-05-01;543.84
4781610;6830872347;Mise en demeure;2023-05-02;2023-05-09;558.84
10842294;15488992311;1ere lettre de relance;2023-04-21;2023-05-01;324.93
15473193;22104562302;1ere lettre de relance;2023-04-21;2023-05-01;293.51
15473193;22104562302;Mise en demeure;2023-05-02;2023-06-01;308.51
15473193;22104562302;Annonce du contentieux;2023-06-09;2023-07-06;105.17
15473193;22104562302;Suspension de garanties;2023-06-02;2023-06-08;308.51
13453252;19218932307;1ere lettre de relance;2023-04-21;2023-05-01;152.46
5788770;8269672334;1ere lettre de relance;2023-04-21;2023-05-01;731.37
11967348;17096212311;1ere lettre de relance;2023-04-21;2023-05-01;579.43
11967348;17096212311;Mise en demeure;2023-05-02;2023-06-01;594.43
11967348;17096212311;Suspension de garanties;2023-06-02;2023-06-08;594.43
5966339;8523342306;1ere lettre de relance;2023-04-21;2023-05-18;618.6
5966339;8523342306;Mise en demeure;2023-05-19;2023-05-29;633.6
10842294;15488992311;Mise en demeure;2023-05-02;2023-05-15;339.93
15304710;21863872303;Suspension de garanties;2023-06-02;2023-06-08;183.09
13453252;19218932307;Mise en demeure;2023-05-02;2023-05-10;167.46
14028981;20041402304;Mise en demeure;2023-11-03;2023-11-28;118.65
15699545;22427922302;1ere lettre de relance;2023-10-20;2023-11-02;306.45
11791970;16845672302;1ere lettre de relance;2023-10-20;2023-10-26;803.76
14028981;20041402304;1ere lettre de relance;2023-10-20;2023-11-02;103.65
15699545;22427922302;Mise en demeure;2023-11-03;;321.45
13048652;18640932304;1ere lettre de relance;2023-10-20;2023-11-02;223.51
13048652;18640932304;Mise en demeure;2023-11-03;2023-11-30;238.51
7940381;11343402321;1ere lettre de relance;2023-10-20;2023-11-02;226.71
15442099;22060142304;1ere lettre de relance;2023-10-20;2023-11-02;153.88
3952124;5645892333;1ere lettre de relance;2023-10-20;2023-10-22;500.67
15632142;22331632301;1ere lettre de relance;2023-10-20;2023-11-08;163.02
15622384;22317692304;1ere lettre de relance;2023-10-20;2023-11-02;464.46
15622384;22317692304;Mise en demeure;2023-11-03;2023-11-16;479.46
15590219;22271742302;1ere lettre de relance;2023-10-20;2023-11-02;242.94
11801868;16859812308;1ere lettre de relance;2023-10-20;2023-11-02;359.97
11801868;16859812308;Mise en demeure;2023-11-03;2023-11-10;374.97
7981086;11401552317;1ere lettre de relance;2023-10-20;2023-10-27;677.94
15542507;22203582303;1ere lettre de relance;2023-10-20;2023-10-30;266.52
11551324;16501892306;1ere lettre de relance;2023-10-20;2023-10-27;101.13
11259494;16084992313;1ere lettre de relance;2023-10-20;2023-10-25;504.57
15973917;22819882302;1ere lettre de relance;2023-10-20;2023-11-02;662.34
5020051;7171502304;1ere lettre de relance;2023-10-20;2023-11-02;1062.58
15763903;22519862302;1ere lettre de relance;2023-10-20;2023-11-02;328.86
15377846;21968352305;1ere lettre de relance;2023-10-20;2023-11-02;189.6
15442099;22060142304;Mise en demeure;2023-11-03;;168.88
15973917;22819882302;Mise en demeure;2023-11-03;;677.34
15377846;21968352305;Mise en demeure;2023-11-03;2023-11-11;204.6
14980127;21400182317;1ere lettre de relance;2023-10-20;2023-10-24;72.41
5097947;7282782350;1ere lettre de relance;2023-10-20;2023-11-02;1143.36
15672847;22389782302;1ere lettre de relance;2023-10-20;2023-11-02;272.16
15672847;22389782302;Mise en demeure;2023-11-03;;287.16
12030887;17186982318;1ere lettre de relance;2023-10-20;2023-10-30;148.56
8721105;12458722332;1ere lettre de relance;2023-10-20;2023-11-02;221.94
8721105;12458722332;Mise en demeure;2023-11-03;2023-11-09;236.94
9855000;14078572314;1ere lettre de relance;2023-10-20;2023-10-25;235.65
14678882;20969832305;1ere lettre de relance;2023-10-20;2023-11-02;132.3
14678882;20969832305;Mise en demeure;2023-11-03;;147.3
15121198;21601712305;1ere lettre de relance;2023-10-20;2023-11-02;200.67
15121198;21601712305;Mise en demeure;2023-11-03;2023-11-08;215.67
12431266;17758952308;1ere lettre de relance;2023-10-20;2023-11-02;362.46
12431266;17758952308;Mise en demeure;2023-11-03;;377.46
11136007;15908582328;1ere lettre de relance;2023-10-20;2023-11-02;305.16
11136007;15908582328;Mise en demeure;2023-11-03;2023-11-09;320.16
15692552;22417932303;1ere lettre de relance;2023-10-20;2023-11-02;184.47
15692552;22417932303;Mise en demeure;2023-11-03;;199.47
13476562;19252232309;1ere lettre de relance;2023-10-20;2023-11-02;154.98
15369635;21956622302;1ere lettre de relance;2023-10-20;2023-10-26;112.3
13530980;19329972305;1ere lettre de relance;2023-10-20;2023-11-02;275.04
13530980;19329972305;Mise en demeure;2023-11-03;;290.04
15882910;22689872302;1ere lettre de relance;2023-10-20;2023-11-02;237.87
15882910;22689872302;Mise en demeure;2023-11-03;;252.87
5097947;7282782350;Mise en demeure;2023-11-03;2023-11-28;1158.36
13071857;1867408231;1er Impayé;2023-08-17;2023-09-06;255.76
13055309;1865044235;1er Impayé;2023-08-17;2023-08-18;56.42
14098743;2014106232;1er Impayé;2023-08-17;2023-08-31;198.58
14098743;2014106232;Mise en demeure;2023-09-01;2023-09-20;213.58
14102474;2014639235;1er Impayé;2023-08-17;2023-09-06;165.92
14771716;2110245231;1er Impayé;2023-08-17;2023-08-31;128.96
14905402;2129343231;1er Impayé;2023-08-17;2023-09-06;127.52
15191821;2170260232;1er Impayé;2023-08-17;2023-09-29;134.84
15196497;2170928231;1er Impayé;2023-08-17;2023-09-06;65.02
15667919;2238274231;1er Impayé;2023-08-17;2023-09-01;67.08
15667919;2238274231;Mise en demeure;2023-10-13;2023-10-17;350.4
15878010;2268287231;1er Impayé;2023-08-17;2023-09-01;87.64
14771716;2110245231;Mise en demeure;2023-09-01;2023-10-03;208.44
15667919;2238274231;2ème Impayé;2023-09-17;2023-10-12;134.16
15780192;2254313231;1er Impayé;2023-08-17;2023-08-18;135.71
15828947;2261278231;1er Impayé;2023-08-17;2023-09-01;132.71
15858004;2265429231;1er Impayé;2023-08-17;2023-09-01;32.12
15886249;2269464231;1er Impayé;2023-08-17;2023-08-27;190.99
15930853;2275836231;1er Impayé;2023-08-17;2023-09-01;96.6
15970739;2281534231;1er Impayé;2023-08-17;2023-09-01;66.43
15982422;2283203231;1er Impayé;2023-08-17;2023-09-01;124.67
15694491;2242070231;1er Impayé;2023-03-14;2023-03-31;136.54
15695835;2242262231;1er Impayé;2023-03-14;2023-03-30;239.33
15701351;2243050231;1er Impayé;2023-03-14;2023-03-31;131.31
15706601;2243800231;2ème Impayé;2023-04-05;2023-06-06;188.52
15706601;2243800231;1er Impayé;2023-03-14;2023-03-21;73.84
15706685;2243812231;1er Impayé;2023-03-14;2023-03-31;74.57
15706685;2243812231;Mise en demeure;2023-05-02;2023-06-01;280.28
15706685;2243812231;Suspension de garanties;2023-06-02;2023-07-12;142.14
15710486;2244355231;1er Impayé;2023-03-14;2023-03-31;107.42
15712285;2244612231;1er Impayé;2023-03-14;2023-03-31;83.5
15717234;2245319231;1er Impayé;2023-03-14;2023-03-15;91.61
15717703;2245386231;1er Impayé;2023-03-14;2023-03-17;73.6
15721917;2245988231;1er Impayé;2023-03-14;2023-03-31;87.75
15728938;2246991231;1er Impayé;2023-03-14;2023-03-31;119.79
15706685;2243812231;2ème Impayé;2023-04-13;2023-05-01;265.28
15296114;2185159232;1er Impayé;2023-09-07;2023-10-03;44.18
15264586;2180655232;2ème Impayé;2023-10-09;2023-10-26;348.28
15284179;2183454232;2ème Impayé;2023-10-09;2023-10-26;528.48
15264586;2180655232;Mise en demeure;2023-10-27;2023-11-30;363.28
15264586;2180655232;1er Impayé;2023-09-07;2023-10-03;87.07
15248801;2178400232;1er Impayé;2023-09-07;2023-10-05;219.06
15264187;2180598232;1er Impayé;2023-09-07;2023-10-03;49.97
15274715;2182102231;1er Impayé;2023-09-07;2023-10-03;46.74
15284179;2183454232;1er Impayé;2023-09-07;2023-10-03;132.12
15284179;2183454232;Mise en demeure;2023-10-27;2023-11-30;543.48
15299110;2185587231;1er Impayé;2023-09-07;2023-10-03;124.99
15301000;2185857232;1er Impayé;2023-09-07;2023-09-15;139.12
15307321;2186760233;1er Impayé;2023-09-07;2023-10-03;58.4
15345485;2192212231;2ème Impayé;2023-10-09;2023-10-26;227.8
15345485;2192212231;Mise en demeure;2023-10-27;2023-11-30;242.8
15345485;2192212231;1er Impayé;2023-09-07;2023-10-03;56.95
15368704;2195529231;Mise en demeure;2023-10-27;2023-11-17;369.56
15368704;2195529231;1er Impayé;2023-09-07;2023-10-03;88.64
15369201;2195600232;1er Impayé;2023-09-07;2023-10-05;103.68
15371364;2195909232;1er Impayé;2023-09-07;2023-10-03;154.68
15371896;2195985231;1er Impayé;2023-09-07;2023-10-03;40.58
15372771;2196110231;1er Impayé;2023-09-07;2023-10-03;128.32
15375389;2196484231;1er Impayé;2023-09-07;2023-10-03;113.84
15383740;2197677232;1er Impayé;2023-09-07;2023-10-15;97.45
15385399;2197914231;1er Impayé;2023-09-07;2023-09-22;92.06
15393260;2199037231;2ème Impayé;2023-10-09;2023-10-26;673.4
15393260;2199037231;Mise en demeure;2023-10-27;2023-11-30;688.4
15393260;2199037231;1er Impayé;2023-09-07;2023-10-03;168.35
15402360;2200337232;1er Impayé;2023-09-07;2023-10-03;160.35
15419734;2202819231;1er Impayé;2023-09-07;2023-10-03;123.82
15439817;2205688232;1er Impayé;2023-09-07;2023-10-03;76.08
15453334;2207619231;1er Impayé;2023-09-07;2023-10-03;38.67
15457786;2208255231;1er Impayé;2023-09-07;2023-10-05;73.49
15463211;2209030232;1er Impayé;2023-09-07;2023-10-03;50.33
15465493;2209356232;1er Impayé;2023-09-07;2023-09-08;117.4
15477386;2211055232;1er Impayé;2023-09-07;2023-10-03;80.92
15058583;2151226231;Mise en demeure;2023-10-13;2023-10-17;232.7
15058583;2151226231;1er Impayé;2023-08-10;2023-09-03;43.54
15135296;2162185234;1er Impayé;2023-08-10;2023-09-03;67.48
15368704;2195529231;2ème Impayé;2023-10-10;2023-10-26;354.56
15369201;2195600232;2ème Impayé;2023-10-12;2023-10-27;414.72
15465493;2209356232;2ème Impayé;2023-10-09;2023-10-13;469.66
15058583;2151226231;2ème Impayé;2023-09-07;2023-10-12;87.08
15272020;2181717232;1er Impayé;2023-08-10;2023-09-03;39.7
15369194;2195599231;Mise en demeure;2023-08-25;2023-09-11;444.08
15369194;2195599231;1er Impayé;2023-08-10;2023-08-24;429.08
15400323;2200046231;2ème Impayé;2023-09-10;2023-09-12;161.88
15400323;2200046231;1er Impayé;2023-08-10;2023-09-03;80.94
15439803;2205686231;Mise en demeure;2023-08-25;2023-09-11;196.36
15439803;2205686231;1er Impayé;2023-08-10;2023-08-24;181.36
15440538;2205791231;1er Impayé;2023-08-10;2023-09-03;54.88
15485408;2212201232;1er Impayé;2023-08-10;2023-09-05;178.74
15601608;2228801231;1er Impayé;2023-08-10;2023-09-03;46.51
15627557;2232508231;1er Impayé;2023-08-10;2023-08-31;278.79
15647458;2235351231;1er Impayé;2023-08-10;2023-09-01;76.17
15627557;2232508231;Mise en demeure;2023-09-01;2023-09-13;293.79
15697431;2242490231;Mise en demeure;2023-08-25;2023-09-06;165.38
15697431;2242490231;1er Impayé;2023-08-10;2023-08-24;150.38
15701239;2243034231;1er Impayé;2023-08-10;2023-09-06;149.68
15765975;2252282231;1er Impayé;2023-08-10;2023-09-03;34.02
15801724;2257389231;Mise en demeure;2023-08-25;2023-08-27;226.7
15801724;2257389231;1er Impayé;2023-08-10;2023-08-24;211.7
15807492;2258213231;1er Impayé;2023-08-10;2023-08-31;130.84
15807793;2258256231;1er Impayé;2023-08-10;2023-08-23;161.92
3881760;5545372311;1er Impayé;2023-06-07;2023-07-03;181.51
5535146;790735233;1er Impayé;2023-06-07;2023-07-03;291.9
7210211;1030030237;1er Impayé;2023-06-07;2023-07-03;137.29
5535146;790735233;Mise en demeure;2023-07-28;2023-08-06;1182.6
7210211;1030030237;Mise en demeure;2023-07-28;2023-08-21;564.16
5535146;790735233;2ème Impayé;2023-07-09;2023-07-27;1167.6
7210211;1030030237;2ème Impayé;2023-07-09;2023-07-27;549.16
8565964;1223709237;1er Impayé;2023-06-07;2023-07-03;173.11
8835989;12622842327;1er Impayé;2023-06-07;2023-07-03;239.88
8936404;1276629235;1er Impayé;2023-06-07;2023-07-03;197.7
9215816;1316545238;1er Impayé;2023-06-07;2023-07-03;131.89
9331841;1333120231;1er Impayé;2023-06-07;2023-07-05;74.32
9618771;13741102315;1er Impayé;2023-06-07;2023-06-09;309.97
9844815;1406402233;1er Impayé;2023-06-07;2023-07-03;103.68
9848707;1406958233;1er Impayé;2023-06-07;2023-07-03;59.9
9881887;1411698234;1er Impayé;2023-06-07;2023-06-13;72.72
9929410;1418487231;1er Impayé;2023-06-07;2023-07-03;114.82
10066792;1438113234;1er Impayé;2023-06-07;2023-07-03;349.18
10267146;1466735235;1er Impayé;2023-06-07;2023-07-03;81.42
10297582;14710832314;1er Impayé;2023-06-07;2023-07-03;120.22
10297582;14710832314;Mise en demeure;2023-07-28;2023-08-21;495.88
10297582;14710832314;2ème Impayé;2023-07-09;2023-07-27;480.88
10416554;1488079231;1er Impayé;2023-06-07;2023-07-03;99.31
10454165;1493452237;1er Impayé;2023-06-07;2023-06-11;77.54
10485175;1497882231;1er Impayé;2023-06-07;2023-07-03;53.61
10485175;1497882231;Suspension de garanties;2023-09-01;2023-09-05;229.44
10485175;1497882231;Mise en demeure;2023-07-28;2023-08-31;229.44
10679719;1525674237;1er Impayé;2023-06-07;2023-07-03;114.54
10724330;15320472313;1er Impayé;2023-06-07;2023-07-03;238.75
10894829;1556404232;1er Impayé;2023-06-07;2023-06-08;105.89
10922108;1560301237;1er Impayé;2023-06-07;2023-07-03;198.99
10936304;1562329233;1er Impayé;2023-06-07;2023-07-03;84.88
11085222;15836032313;1er Impayé;2023-06-07;2023-07-03;205.88
11184692;1597813235;1er Impayé;2023-06-07;2023-06-11;178.68
11187485;1598212231;1er Impayé;2023-06-07;2023-06-21;93.41
10485175;1497882231;2ème Impayé;2023-07-11;2023-07-27;214.44
15407645;2201092231;1er Impayé;2023-06-15;2023-07-05;60.49
15411222;2201603231;1er Impayé;2023-06-15;2023-07-05;55.85
15434665;2204952231;1er Impayé;2023-06-15;2023-07-05;86.18
15463225;2209032231;1er Impayé;2023-06-15;2023-07-05;116.47
15472528;2210361232;1er Impayé;2023-06-15;2023-07-05;89.86
15472528;2210361232;Suspension de garanties;2023-09-01;2023-09-14;374.44
15472528;2210361232;Mise en demeure;2023-07-28;2023-08-31;374.44
15492149;2213164231;Mise en demeure;2023-07-14;2023-07-27;409.95
15472528;2210361232;2ème Impayé;2023-07-09;2023-07-27;359.44
15492149;2213164231;1er Impayé;2023-06-15;2023-07-13;157.98
15493248;2213321231;1er Impayé;2023-06-15;2023-07-05;100.23
15504518;2214931231;1er Impayé;2023-06-15;2023-06-30;89.76
15513359;2216194231;1er Impayé;2023-06-15;2023-07-03;371.17
15515823;2216546231;1er Impayé;2023-06-15;2023-06-30;99.93
15525952;2217993231;1er Impayé;2023-06-15;2023-06-30;47.05
15536739;2219534231;1er Impayé;2023-06-15;2023-06-30;160.89
15559951;2222850232;1er Impayé;2023-06-15;2023-06-30;58.87
15567413;2223916231;1er Impayé;2023-06-15;2023-06-30;72.32
15567539;2223934231;1er Impayé;2023-06-15;2023-06-16;128.47
15579810;2225687232;1er Impayé;2023-06-15;2023-06-30;121.25
15595476;2227925231;1er Impayé;2023-06-15;2023-06-30;117.0
15612157;2230308231;1er Impayé;2023-06-15;2023-06-30;70.57
15617750;2231107231;1er Impayé;2023-06-15;2023-06-30;46.11
15622874;2231839231;1er Impayé;2023-06-15;2023-06-30;80.04
15623301;2231900231;1er Impayé;2023-06-15;2023-07-05;70.32
15525252;2217893231;1er Impayé;2023-08-20;2023-09-13;335.86
13057304;18653292301;1ere lettre de relance;2023-09-01;2023-09-14;157.87
15385966;21979952304;1ere lettre de relance;2023-09-01;2023-09-14;433.98
4497669;6425242353;1ere lettre de relance;2023-09-01;2023-09-14;30.0
11402840;16289772304;1ere lettre de relance;2023-09-01;2023-09-04;125.34
15207648;2172521231;1er Impayé;2023-05-10;2023-06-01;102.12
15212079;2173154231;2ème Impayé;2023-06-07;2023-06-28;248.46
15212079;2173154231;1er Impayé;2023-05-10;2023-06-01;124.23
15215362;2173623231;1er Impayé;2023-05-10;2023-06-06;98.42
15218155;2174022234;1er Impayé;2023-05-10;2023-05-12;51.03
15239218;2177031232;1er Impayé;2023-05-10;2023-06-01;185.58
15249508;2178501231;1er Impayé;2023-05-10;2023-06-06;99.65
15250579;2178654231;1er Impayé;2023-05-10;2023-06-01;99.74
15250579;2178654231;Annonce du contentieux;2023-09-22;2023-10-17;513.7
15250579;2178654231;Suspension de garanties;2023-08-18;2023-09-21;513.7
15250579;2178654231;Mise en demeure;2023-07-14;2023-08-17;513.7
15254765;2179252231;1er Impayé;2023-05-10;2023-06-06;207.84
15259448;2179921232;1er Impayé;2023-05-10;2023-05-15;407.01
15262199;2180314231;1er Impayé;2023-05-10;2023-06-01;59.57
15290717;2184388231;1er Impayé;2023-05-10;2023-06-01;98.87
15296114;2185159231;1er Impayé;2023-05-10;2023-06-01;44.18
15301000;2185857231;1er Impayé;2023-05-10;2023-05-14;139.12
15315518;2187931231;1er Impayé;2023-05-10;2023-06-01;33.18
15315518;2187931231;Suspension de garanties;2023-08-18;2023-08-23;180.9
15315518;2187931231;Mise en demeure;2023-07-14;2023-08-17;180.9
15317352;2188193233;1er Impayé;2023-05-10;2023-06-01;37.95
15339437;2191348231;1er Impayé;2023-05-10;2023-06-01;98.03
15340501;2191500231;1er Impayé;2023-05-10;2023-06-01;80.43
15340627;2191518232;1er Impayé;2023-05-10;2023-06-01;97.47
15369579;2195654232;1er Impayé;2023-05-10;2023-05-31;75.83
15374745;2196392231;1er Impayé;2023-05-10;2023-06-01;118.6
15399399;2199914231;1er Impayé;2023-05-10;2023-06-01;104.36
15399938;2199991231;1er Impayé;2023-05-10;2023-05-24;417.45
13057304;18653292301;Mise en demeure;2023-09-15;2023-09-20;172.87
15385966;21979952304;Mise en demeure;2023-09-15;2023-09-22;448.98
4497669;6425242353;Mise en demeure;2023-09-15;2023-10-12;45.0
15218155;2174022234;2ème Impayé;2023-06-11;2023-07-06;51.03
15250579;2178654231;2ème Impayé;2023-06-08;2023-07-13;199.48
15315518;2187931231;2ème Impayé;2023-06-07;2023-07-13;66.36
15340627;2191518232;2ème Impayé;2023-06-07;2023-06-17;194.94
15369579;2195654232;2ème Impayé;2023-06-07;2023-06-15;75.83
15422919;2203274231;1er Impayé;2023-05-10;2023-05-11;87.32
15439558;2205651231;1er Impayé;2023-05-10;2023-05-25;152.14
15439558;2205651231;Mise en demeure;2023-05-26;2023-06-13;85.63
15439642;2205663231;1er Impayé;2023-05-10;2023-06-06;97.91
15485184;2212169231;1er Impayé;2023-05-10;2023-06-01;106.1
15605738;2229391231;1er Impayé;2023-02-13;2023-03-02;53.54
15605738;2229391231;2ème Impayé;2023-03-09;2023-03-10;90.42
15632653;2233236231;1er Impayé;2023-02-13;2023-03-02;134.61
9054956;12935652334;Mise en demeure;2023-05-02;2023-05-22;274.45
15714350;22449072302;Mise en demeure;2023-05-02;2023-05-09;303.18
9054956;12935652334;1ere lettre de relance;2023-04-21;2023-05-01;259.45
15714350;22449072302;1ere lettre de relance;2023-04-21;2023-05-01;288.18
4461304;6373292340;1ere lettre de relance;2023-04-21;2023-05-02;1039.23
5749927;8214182309;1ere lettre de relance;2023-04-21;2023-04-24;974.07
13989830;19985472304;1ere lettre de relance;2023-04-21;2023-05-01;105.99
13989830;19985472304;Mise en demeure;2023-05-02;2023-05-18;120.99
15088130;21554472302;1ere lettre de relance;2023-04-21;2023-05-01;339.78
15088130;21554472302;Mise en demeure;2023-05-02;2023-05-03;354.78
10173136;14533052333;1ere lettre de relance;2023-04-21;2023-04-26;427.71
126498;180712371;1ere lettre de relance;2023-04-21;2023-05-01;1004.04
9792385;13989122329;1ere lettre de relance;2023-04-21;2023-05-01;349.53
9792385;13989122329;Mise en demeure;2023-05-02;2023-05-09;364.53
15605150;22293072302;1ere lettre de relance;2023-04-21;2023-05-01;72.5
15605150;22293072302;Mise en demeure;2023-05-02;2023-05-03;87.5
4729285;6756122359;1ere lettre de relance;2023-04-21;2023-05-01;715.08
4729285;6756122359;Mise en demeure;2023-05-02;2023-06-01;730.08
4729285;6756122359;Annonce du contentieux;2023-06-09;2023-06-14;730.08
4729285;6756122359;Suspension de garanties;2023-06-02;2023-06-08;730.08
5343752;7633932358;1ere lettre de relance;2023-04-21;2023-04-24;1415.19
9749608;13928012333;1ere lettre de relance;2023-04-21;2023-05-01;240.43
9749608;13928012333;Mise en demeure;2023-05-02;2023-05-12;255.43
15696759;22423942302;1ere lettre de relance;2023-04-21;2023-05-01;125.74
15696759;22423942302;Mise en demeure;2023-05-02;2023-06-01;140.74
15696759;22423942302;Annonce du contentieux;2023-06-09;2023-06-22;140.74
15696759;22423942302;Suspension de garanties;2023-06-02;2023-06-08;140.74
12477270;17824672302;1ere lettre de relance;2023-04-21;2023-05-01;164.13
12477270;17824672302;Mise en demeure;2023-05-02;2023-05-15;179.13
7028421;10040602340;1ere lettre de relance;2023-04-21;2023-04-27;330.27
11746673;16780962317;1ere lettre de relance;2023-04-21;2023-05-01;254.19
11746673;16780962317;Mise en demeure;2023-05-02;2023-05-04;269.19
4220469;6029242361;1ere lettre de relance;2023-04-21;2023-04-23;305.58
15255850;21794072302;Mise en demeure;2023-05-02;2023-06-01;175.86
14310514;20443592303;1ere lettre de relance;2023-04-21;2023-05-02;187.06
12971477;18530682311;Mise en demeure;2023-05-02;2023-05-03;289.71
10117556;14453652305;1ere lettre de relance;2023-04-21;2023-05-01;916.95
12971477;18530682311;1ere lettre de relance;2023-04-21;2023-05-01;274.71
15255850;21794072302;1ere lettre de relance;2023-04-21;2023-05-01;160.86
5903731;8433902323;1ere lettre de relance;2023-04-21;2023-04-29;816.39
6068924;8669892373;1ere lettre de relance;2023-04-21;2023-04-26;1511.04
15255850;21794072302;Suspension de garanties;2023-06-02;2023-06-02;75.43
13570733;19386762304;1ere lettre de relance;2023-04-21;2023-05-01;216.78
13570733;19386762304;Annonce du contentieux;2023-06-09;2023-06-13;231.78
13570733;19386762304;Suspension de garanties;2023-06-02;2023-06-08;231.78
13570733;19386762304;Mise en demeure;2023-05-02;2023-06-01;231.78
10395792;14851132326;1ere lettre de relance;2023-04-21;2023-04-24;172.7
14224456;20320652309;1ere lettre de relance;2023-04-21;2023-05-01;515.19
14224456;20320652309;Mise en demeure;2023-05-02;2023-05-09;530.19
14182379;20260542301;1ere lettre de relance;2023-04-21;2023-05-01;336.57
14182379;20260542301;Mise en demeure;2023-05-02;2023-05-09;351.57
5192874;7418392370;1ere lettre de relance;2023-04-21;2023-05-01;533.34
5192874;7418392370;Mise en demeure;2023-05-02;2023-05-05;548.34
6017579;8596542321;1ere lettre de relance;2023-04-21;2023-05-01;1338.96
6017579;8596542321;Mise en demeure;2023-05-02;2023-05-03;1353.96
11175557;15965082317;1ere lettre de relance;2023-04-21;2023-04-27;134.2
15068607;21526582302;1ere lettre de relance;2023-04-21;2023-04-23;194.9
14930868;21329812303;1ere lettre de relance;2023-04-21;2023-05-01;689.52
14930868;21329812303;Mise en demeure;2023-05-02;2023-05-10;704.52
15308385;21869122303;1ere lettre de relance;2023-10-20;2023-11-02;236.28
15308385;21869122303;Mise en demeure;2023-11-03;;251.28
12526249;17894642303;1ere lettre de relance;2023-10-20;2023-11-02;322.23
12526249;17894642303;Mise en demeure;2023-11-03;2023-11-15;337.23
15769356;22527652303;1ere lettre de relance;2023-10-20;2023-10-29;251.82
14664392;20949132307;1ere lettre de relance;2023-10-20;2023-11-02;211.83
14664392;20949132307;Mise en demeure;2023-11-03;;226.83
15876540;22680772303;Mise en demeure;2023-11-03;;498.91
4258164;6083092349;1ere lettre de relance;2023-10-20;2023-10-25;646.53
15826707;22609582306;1ere lettre de relance;2023-10-20;2023-11-03;329.12
15876540;22680772303;1ere lettre de relance;2023-10-20;2023-11-02;767.88
5299729;7571042329;1ere lettre de relance;2023-10-20;2023-11-01;277.5
7846294;11208992351;1ere lettre de relance;2023-10-20;2023-11-02;721.29
7846294;11208992351;Mise en demeure;2023-11-03;2023-11-08;736.29
13991412;19987732310;1ere lettre de relance;2023-10-20;2023-11-02;228.78
5414088;7734412337;1ere lettre de relance;2023-10-20;2023-11-02;423.9
5414088;7734412337;Mise en demeure;2023-11-03;2023-11-08;438.9
15782978;22547112303;1ere lettre de relance;2023-10-20;2023-11-02;179.94
15782978;22547112303;Mise en demeure;2023-11-03;;194.94
7166370;10237672310;1ere lettre de relance;2023-10-20;2023-11-02;260.37
7166370;10237672310;Mise en demeure;2023-11-03;2023-11-15;275.37
11341478;16202112309;1ere lettre de relance;2023-10-20;2023-11-02;159.51
11341478;16202112309;Mise en demeure;2023-11-03;;174.51
7651169;10930242315;1ere lettre de relance;2023-10-20;2023-11-02;566.67
7651169;10930242315;Mise en demeure;2023-11-03;;581.67
12989922;18557032313;1ere lettre de relance;2023-10-20;2023-11-02;90.19
12989922;18557032313;Mise en demeure;2023-11-03;2023-11-10;195.38
14980204;21400292304;1ere lettre de relance;2023-10-20;2023-11-02;402.51
14980204;21400292304;Mise en demeure;2023-11-03;;417.51
4286332;6123332309;1ere lettre de relance;2023-10-20;2023-10-30;737.43
4483410;6404872334;1ere lettre de relance;2023-10-20;2023-11-02;225.69
4483410;6404872334;Mise en demeure;2023-11-03;2023-11-09;240.69
15581252;22258932302;1ere lettre de relance;2023-10-20;2023-11-02;295.53
15506877;22152682303;1ere lettre de relance;2023-10-20;2023-11-02;163.02
15506877;22152682303;Mise en demeure;2023-11-03;2023-11-09;178.02
4494309;6420442313;1ere lettre de relance;2023-10-20;2023-11-02;659.88
4494309;6420442313;Mise en demeure;2023-11-03;2023-11-15;674.88
3867102;5524432345;1ere lettre de relance;2023-10-20;2023-10-31;912.78
13849879;19785542306;1ere lettre de relance;2023-10-20;2023-11-02;335.09
13849879;19785542306;Mise en demeure;2023-11-03;2023-11-24;350.09
14069609;20099442306;1ere lettre de relance;2023-10-20;2023-11-02;378.66
14069609;20099442306;Mise en demeure;2023-11-03;2023-11-19;393.66
14403271;20576102304;1ere lettre de relance;2023-10-20;2023-11-02;234.18
14403271;20576102304;Mise en demeure;2023-11-03;;249.18
14656482;20937832301;1ere lettre de relance;2023-10-20;2023-11-02;324.69
14656482;20937832301;Mise en demeure;2023-11-03;;339.69
13196877;18852682302;1ere lettre de relance;2023-10-20;2023-11-02;194.4
13196877;18852682302;Mise en demeure;2023-11-03;;209.4
15888272;22697532302;1ere lettre de relance;2023-10-20;2023-11-02;304.14
15979489;22827842302;1ere lettre de relance;2023-10-20;2023-11-02;376.2
15979489;22827842302;Mise en demeure;2023-11-03;;391.2
12203913;17434162314;1ere lettre de relance;2023-10-20;2023-10-30;203.58
5120431;7314902332;1ere lettre de relance;2023-10-20;2023-10-28;549.06
4723174;6747392369;1ere lettre de relance;2023-10-20;2023-10-23;583.29
12331628;17616612326;1ere lettre de relance;2023-10-20;2023-11-02;460.68
12331628;17616612326;Mise en demeure;2023-11-03;2023-11-09;475.68
15888272;22697532302;Mise en demeure;2023-11-03;2023-11-06;319.14
15491771;2213110231;1er Impayé;2023-09-07;2023-09-29;85.34
15497819;2213974233;1er Impayé;2023-09-07;2023-09-29;73.12
15500990;2214427233;2ème Impayé;2023-10-09;2023-10-26;390.68
15500990;2214427233;Mise en demeure;2023-10-27;2023-11-30;405.68
15500990;2214427233;1er Impayé;2023-09-07;2023-09-29;97.67
15511350;2215907231;1er Impayé;2023-09-07;2023-09-29;83.64
15518924;2216989233;1er Impayé;2023-09-07;2023-09-29;174.44
15520212;2217173232;2ème Impayé;2023-10-09;2023-10-26;477.6
15520212;2217173232;Mise en demeure;2023-10-27;2023-11-30;492.6
15520212;2217173232;1er Impayé;2023-09-07;2023-09-29;119.4
15526057;2218008233;2ème Impayé;2023-10-09;2023-10-26;416.24
15526057;2218008233;Mise en demeure;2023-10-27;2023-11-30;431.24
15526057;2218008233;1er Impayé;2023-09-07;2023-10-03;104.06
15584311;2226330232;2ème Impayé;2023-10-09;2023-10-26;443.84
15584311;2226330232;Mise en demeure;2023-10-27;2023-11-30;458.84
15594937;2227848231;2ème Impayé;2023-10-09;2023-10-26;378.92
15594937;2227848231;Mise en demeure;2023-10-27;2023-11-06;393.92
15622790;2231827231;2ème Impayé;2023-10-09;2023-10-26;607.28
15622790;2231827231;Mise en demeure;2023-10-27;;622.28
15626367;2232338231;1er Impayé;2023-09-07;2023-09-10;88.25
15539693;2219956231;1er Impayé;2023-09-07;2023-09-10;145.14
15548212;2221173232;1er Impayé;2023-09-07;2023-09-08;52.89
15564802;2223543231;1er Impayé;2023-09-07;2023-09-29;71.26
15568239;2224034233;1er Impayé;2023-09-07;2023-09-08;46.26
15568792;2224113232;1er Impayé;2023-09-07;2023-09-29;108.75
15578221;2225460232;1er Impayé;2023-09-07;2023-09-08;339.67
15584311;2226330232;1er Impayé;2023-09-07;2023-09-29;110.96
15594937;2227848231;1er Impayé;2023-09-07;2023-09-29;94.73
15600894;2228699231;1er Impayé;2023-09-07;2023-09-11;80.29
15602441;2228920231;1er Impayé;2023-09-07;2023-09-29;118.06
15606487;2229498231;1er Impayé;2023-09-07;2023-09-16;41.35
15612276;2230325231;1er Impayé;2023-09-07;2023-09-24;76.96
15622790;2231827231;1er Impayé;2023-09-07;2023-09-29;151.82
15625730;2232247231;1er Impayé;2023-09-07;2023-10-03;115.79
15647640;2235377231;1er Impayé;2023-09-07;2023-09-29;41.97
15654920;2236417231;1er Impayé;2023-09-07;2023-09-29;92.87
15659001;2237000231;2ème Impayé;2023-10-09;2023-10-26;300.52
15659001;2237000231;Mise en demeure;2023-10-27;2023-11-06;165.26
15659001;2237000231;1er Impayé;2023-09-07;2023-10-03;75.13
15682234;2240319232;2ème Impayé;2023-10-09;2023-10-26;138.6
15682234;2240319232;Mise en demeure;2023-10-27;2023-11-01;153.6
15682234;2240319232;1er Impayé;2023-09-07;2023-09-29;34.65
15683606;2240515231;2ème Impayé;2023-10-09;2023-10-26;654.88
15683606;2240515231;Mise en demeure;2023-10-27;2023-11-30;669.88
15683606;2240515231;1er Impayé;2023-09-07;2023-09-29;163.72
15692601;2241800231;1er Impayé;2023-09-07;2023-09-29;78.27
15716982;2245283232;Mise en demeure;2023-11-03;;568.2
15733803;2247686231;1er Impayé;2023-09-07;2023-09-29;85.93
15704606;2243515231;1er Impayé;2023-09-07;2023-09-29;161.7
15713608;2244801232;1er Impayé;2023-09-07;2023-09-29;84.87
15716982;2245283232;1er Impayé;2023-09-07;2023-09-29;138.3
15719628;2245661231;1er Impayé;2023-09-07;2023-10-03;94.59
15716982;2245283232;2ème Impayé;2023-10-19;2023-11-02;553.2
15738493;2248356232;1er Impayé;2023-09-07;2023-10-03;45.22
15754551;2250650231;Mise en demeure;2023-10-27;2023-11-30;326.12
15754551;2250650231;1er Impayé;2023-09-07;2023-09-29;77.78
15765436;2252205231;1er Impayé;2023-09-07;2023-09-29;83.52
15769776;2252825231;Mise en demeure;2023-10-27;2023-11-30;508.88
15769776;2252825231;1er Impayé;2023-09-07;2023-10-03;123.47
15777056;2253865231;1er Impayé;2023-09-07;2023-09-29;66.65
15778442;2254063232;1er Impayé;2023-09-07;2023-09-08;111.0
15790076;2255725232;2ème Impayé;2023-10-09;2023-10-27;441.58
15754551;2250650231;2ème Impayé;2023-10-09;2023-10-26;311.12
15769776;2252825231;2ème Impayé;2023-10-09;2023-10-26;493.88
15790076;2255725232;1er Impayé;2023-09-07;2023-09-24;147.2
15800674;2257239231;1er Impayé;2023-09-07;2023-09-29;68.05
15820939;2260134232;2ème Impayé;2023-10-08;2023-10-26;713.44
15820939;2260134232;1er Impayé;2023-09-07;2023-09-29;178.36
15832860;2261837231;1er Impayé;2023-09-07;2023-09-29;90.31
15820939;2260134232;Mise en demeure;2023-10-27;2023-11-30;728.44
15822941;2260420232;2ème Impayé;2023-10-09;2023-10-17;459.09
15822941;2260420232;1er Impayé;2023-09-07;2023-09-08;153.03
15826483;2260926231;1er Impayé;2023-09-07;2023-09-10;135.58
15834904;2262129232;2ème Impayé;2023-10-09;2023-10-26;101.8
15834904;2262129232;Mise en demeure;2023-10-27;2023-11-30;116.8
15834904;2262129232;1er Impayé;2023-09-07;2023-09-29;25.45
15838768;2262681232;1er Impayé;2023-09-07;2023-10-03;92.03
15843871;2263410231;1er Impayé;2023-09-07;2023-09-29;89.66
15846902;2263843231;1er Impayé;2023-09-07;2023-09-29;154.13
15857906;2265415231;1er Impayé;2023-09-07;2023-10-03;177.11
15825258;2260751231;Mise en demeure;2023-08-25;2023-09-01;226.94
15825258;2260751231;1er Impayé;2023-08-10;2023-08-24;211.94
15830865;2261552231;1er Impayé;2023-08-10;2023-09-01;33.1
15874755;2267822231;Annonce du contentieux;2023-11-24;2023-11-28;346.98
15874755;2267822231;Suspension de garanties;2023-11-17;2023-11-23;346.98
15874755;2267822231;Mise en demeure;2023-10-13;2023-11-16;596.95
15874755;2267822231;1er Impayé;2023-08-10;2023-10-12;331.98
15891520;2270217231;1er Impayé;2023-08-10;2023-08-24;169.75
15888272;2269753231;Mise en demeure;2023-08-25;2023-09-07;228.76
15891520;2270217231;Mise en demeure;2023-08-25;2023-09-28;184.75
15888272;2269753231;1er Impayé;2023-08-10;2023-08-24;213.76
15918813;2274116231;1er Impayé;2023-08-10;2023-08-11;88.88
15919023;2274146231;2ème Impayé;2023-09-10;2023-09-24;90.61
15919023;2274146231;1er Impayé;2023-08-10;2023-08-28;90.61
15930328;2275761231;Mise en demeure;2023-09-01;2023-09-06;160.86
15930328;2275761231;1er Impayé;2023-08-10;2023-08-31;302.72
15936103;2276586231;1er Impayé;2023-08-10;2023-09-01;77.08
15940100;2277157231;1er Impayé;2023-08-10;2023-09-01;77.39
15941115;2277302231;1er Impayé;2023-08-10;2023-09-06;370.27
15968219;2281174231;1er Impayé;2023-08-10;2023-09-01;572.8
15977865;2282552231;1er Impayé;2023-08-10;2023-08-16;450.86
15918813;2274116231;2ème Impayé;2023-09-05;2023-09-08;77.88
15983150;2283307231;1er Impayé;2023-08-10;2023-09-06;430.45
15987266;2283895231;Mise en demeure;2023-08-25;2023-09-14;152.0
15987266;2283895231;1er Impayé;2023-08-10;2023-08-24;299.87
13371548;1910221231;1er Impayé;2023-03-15;2023-04-05;183.71
6112499;873214234;1er Impayé;2023-03-15;2023-03-29;366.16
14674801;2096400234;1er Impayé;2023-03-15;2023-04-05;43.26
15244027;2177718232;1er Impayé;2023-03-15;2023-04-05;146.97
15484414;2212059231;Mise en demeure;2023-04-14;2023-04-18;481.32
15484414;2212059231;1er Impayé;2023-03-15;2023-04-13;124.83
15673043;2239006231;1er Impayé;2023-03-15;2023-04-03;59.74
15673043;2239006231;2ème Impayé;2023-04-12;2023-04-30;149.2
15682234;2240319231;1er Impayé;2023-03-15;2023-03-31;61.74
15714245;2244892231;1er Impayé;2023-03-15;2023-03-16;86.38
11291512;1613073236;1er Impayé;2023-05-22;2023-06-08;165.18
11291512;1613073236;Mise en demeure;2023-06-09;2023-06-21;180.18
14403271;2057610233;1er Impayé;2023-05-22;2023-06-08;147.06
14403271;2057610233;Mise en demeure;2023-06-09;2023-07-02;88.53
15627606;2232515232;1er Impayé;2023-06-15;2023-06-30;72.49
15640808;2234401231;1er Impayé;2023-06-15;2023-07-05;63.75
15643447;2234778232;1er Impayé;2023-06-15;2023-07-28;248.54
15663747;2237678231;Suspension de garanties;2023-09-01;2023-09-07;488.44
15663747;2237678231;2ème Impayé;2023-07-12;2023-07-27;473.44
15663747;2237678231;Mise en demeure;2023-07-28;2023-08-31;488.44
15663747;2237678231;Annonce du contentieux;2023-09-08;2023-09-11;488.44
15663747;2237678231;1er Impayé;2023-06-15;2023-06-30;118.36
15671993;2238856231;1er Impayé;2023-06-15;2023-06-30;97.07
15671993;2238856231;Mise en demeure;2023-07-28;2023-08-03;403.28
15693588;2241941232;1er Impayé;2023-06-15;2023-06-30;89.45
15693588;2241941232;2ème Impayé;2023-07-12;2023-07-27;357.8
15693588;2241941232;Mise en demeure;2023-07-28;2023-10-04;372.8
15694372;2242053231;1er Impayé;2023-06-15;2023-06-30;67.21
15695506;2242215231;1er Impayé;2023-06-15;2023-06-26;154.34
15695506;2242215231;2ème Impayé;2023-07-12;2023-07-27;463.02
15695506;2242215231;Mise en demeure;2023-07-28;2023-08-04;323.68
15704956;2243565231;1er Impayé;2023-06-15;2023-06-30;68.47
15707525;2243932231;1er Impayé;2023-06-15;2023-06-30;132.09
15709086;2244155231;1er Impayé;2023-06-15;2023-06-30;116.32
15715330;2245047231;1er Impayé;2023-06-15;2023-06-30;112.89
15717059;2245294231;1er Impayé;2023-06-15;2023-06-26;112.91
15733215;2247602231;1er Impayé;2023-06-15;2023-06-30;63.95
15744968;2249281231;1er Impayé;2023-06-15;2023-06-30;100.29
15753585;2250512231;1er Impayé;2023-06-15;2023-06-30;56.37
15754327;2250618231;1er Impayé;2023-06-15;2023-06-30;103.17
15757309;2251044231;1er Impayé;2023-06-15;2023-06-23;141.29
15757309;2251044231;2ème Impayé;2023-07-12;2023-08-07;263.65
15671993;2238856231;2ème Impayé;2023-07-11;2023-07-27;388.28
15763854;2251979231;1er Impayé;2023-06-15;2023-06-30;70.7
15763903;2251986231;Suspension de garanties;2023-09-01;2023-09-07;433.48
15763903;2251986231;1er Impayé;2023-06-15;2023-06-30;104.62
15763903;2251986231;2ème Impayé;2023-07-12;2023-07-27;418.48
15763903;2251986231;Mise en demeure;2023-07-28;2023-08-31;433.48
15763903;2251986231;Annonce du contentieux;2023-09-08;2023-09-10;433.48
15764974;2252139231;1er Impayé;2023-06-15;2023-06-30;54.17
15765450;2252207231;1er Impayé;2023-06-15;2023-06-30;75.57
15771631;2253090231;1er Impayé;2023-06-15;2023-06-16;49.92
15778869;2254124231;1er Impayé;2023-06-15;2023-06-21;163.57
15778869;2254124231;2ème Impayé;2023-07-12;2023-07-18;490.71
15511021;2215860231;1er Impayé;2023-05-10;2023-06-01;146.09
15518924;2216989232;1er Impayé;2023-05-10;2023-06-01;174.44
15554281;2222040232;1er Impayé;2023-05-10;2023-06-01;33.46
15555135;2222162231;1er Impayé;2023-05-10;2023-06-01;71.48
15555135;2222162231;2ème Impayé;2023-06-07;2023-07-03;142.96
15606802;2229543231;1er Impayé;2023-05-10;2023-06-01;125.5
15610351;2230050231;1er Impayé;2023-05-10;2023-05-21;89.1
15620312;2231473231;1er Impayé;2023-05-10;2023-06-06;80.95
15624302;2232043231;1er Impayé;2023-05-10;2023-06-02;82.28
15629881;2232840231;1er Impayé;2023-05-10;2023-05-11;68.79
15631036;2233005232;1er Impayé;2023-05-10;2023-06-02;175.04
15656936;2236705231;1er Impayé;2023-05-10;2023-06-02;93.51
15660541;2237220231;1er Impayé;2023-05-10;2023-06-01;71.13
15672525;2238932231;1er Impayé;2023-05-10;2023-06-01;164.99
15673050;2239007231;1er Impayé;2023-05-10;2023-05-31;72.9
15686805;2240972231;1er Impayé;2023-05-10;2023-06-01;157.54
15698663;2242666231;1er Impayé;2023-05-10;2023-05-25;177.04
15698663;2242666231;Mise en demeure;2023-05-26;2023-06-04;192.04
15699531;2242790231;1er Impayé;2023-05-10;2023-06-01;126.28
15702821;2243260231;2ème Impayé;2023-06-07;2023-07-02;126.88
15702821;2243260231;1er Impayé;2023-05-10;2023-05-15;126.88
9325184;13321692340;1ere lettre de relance;2023-04-21;2023-04-27;96.33
5330438;7614912309;1ere lettre de relance;2023-04-21;2023-04-25;1517.76
3915486;5593552346;1ere lettre de relance;2023-04-21;2023-04-23;889.56
4232502;6046432319;1ere lettre de relance;2023-04-21;2023-04-24;283.44
4574109;6534442358;1ere lettre de relance;2023-04-21;2023-04-27;577.17
15720405;22457722301;En recouvrement;2023-06-16;2023-06-19;500.37
15720405;22457722301;Suspension de garanties;2023-06-02;2023-06-08;199.23
15720405;22457722301;Mise en demeure;2023-05-02;2023-06-01;199.23
15720405;22457722301;Annonce du contentieux;2023-06-09;2023-06-15;199.23
13482799;19261142310;Mise en demeure;2023-05-02;2023-05-05;523.35
226829;324042338;1ere lettre de relance;2023-04-21;2023-05-01;1013.88
15720405;22457722301;1ere lettre de relance;2023-04-21;2023-05-01;184.23
9256654;13223792317;1ere lettre de relance;2023-04-21;2023-04-24;224.88
13482799;19261142310;1ere lettre de relance;2023-04-21;2023-05-01;508.35
226829;324042338;Mise en demeure;2023-05-02;2023-05-05;1028.88
14533128;20761612306;1ere lettre de relance;2023-04-21;2023-05-01;194.43
14533128;20761612306;En recouvrement;2023-06-16;2023-07-10;598.29
14533128;20761612306;Annonce du contentieux;2023-06-09;2023-06-15;209.43
14533128;20761612306;Suspension de garanties;2023-06-02;2023-06-08;209.43
14533128;20761612306;Mise en demeure;2023-05-02;2023-06-01;209.43
11772307;16817582308;1ere lettre de relance;2023-04-21;2023-05-01;392.52
11772307;16817582308;Mise en demeure;2023-05-02;2023-05-22;407.52
13574163;19391662309;1ere lettre de relance;2023-04-21;2023-05-01;293.49
13574163;19391662309;Mise en demeure;2023-05-02;2023-05-26;308.49
5329864;7614092361;1ere lettre de relance;2023-04-21;2023-05-02;338.28
13114494;18734992311;1ere lettre de relance;2023-04-21;2023-05-01;303.72
13114494;18734992311;Mise en demeure;2023-05-02;2023-05-15;318.72
4253026;6075752344;1ere lettre de relance;2023-04-21;2023-05-01;283.44
15283136;21833052303;1ere lettre de relance;2023-04-21;2023-05-01;222.75
15283136;21833052303;Mise en demeure;2023-05-02;2023-05-05;237.75
13890423;19843462309;1ere lettre de relance;2023-04-21;2023-05-02;125.23
15081137;21544482301;1ere lettre de relance;2023-04-21;2023-05-10;252.78
15788844;22555492301;1ere lettre de relance;2023-04-21;2023-05-01;111.61
15788844;22555492301;Mise en demeure;2023-05-02;2023-05-12;126.61
15142051;21631502303;1ere lettre de relance;2023-04-21;2023-05-16;214.04
12580464;17972092302;1ere lettre de relance;2023-04-21;2023-05-01;166.32
12580464;17972092302;Mise en demeure;2023-05-02;2023-05-24;181.32
10969393;15670562306;1ere lettre de relance;2023-04-21;2023-05-01;447.51
10969393;15670562306;Mise en demeure;2023-05-02;2023-05-15;462.51
13609772;19442532308;1ere lettre de relance;2023-04-21;2023-04-22;990.09
12006597;17152282305;1ere lettre de relance;2023-04-21;2023-05-02;474.51
15348999;21927142303;1ere lettre de relance;2023-04-21;2023-05-01;161.22
15348999;21927142303;Mise en demeure;2023-05-02;2023-05-16;161.22
13549075;19355822304;1ere lettre de relance;2023-04-21;2023-05-01;161.22
13549075;19355822304;Mise en demeure;2023-05-02;2023-05-10;161.22
5128838;7326912313;Mise en demeure;2023-05-02;2023-05-29;502.77
4319169;6170242346;Mise en demeure;2023-05-02;2023-05-04;984.45
5128838;7326912313;1ere lettre de relance;2023-04-21;2023-05-01;487.77
4319169;6170242346;1ere lettre de relance;2023-04-21;2023-05-01;969.45
15444451;22063502302;1ere lettre de relance;2023-04-21;2023-05-01;345.9
15444451;22063502302;Mise en demeure;2023-05-02;2023-05-15;360.9
3961567;5659382317;1ere lettre de relance;2023-04-21;2023-05-01;565.5
3961567;5659382317;Mise en demeure;2023-05-02;2023-05-04;580.5
5383960;7691372339;1ere lettre de relance;2023-04-21;2023-04-30;375.24
14245323;20350462308;1ere lettre de relance;2023-04-21;2023-05-01;198.57
14245323;20350462308;Mise en demeure;2023-05-02;2023-05-25;213.57
7670440;10957772311;1ere lettre de relance;2023-04-21;2023-05-01;604.5
7670440;10957772311;Mise en demeure;2023-05-02;2023-05-15;619.5
15782467;22546382301;1ere lettre de relance;2023-04-21;2023-05-01;384.76
15782467;22546382301;Mise en demeure;2023-05-02;2023-05-11;399.76
12698127;18140182311;1ere lettre de relance;2023-04-21;2023-05-01;250.35
12698127;18140182311;Mise en demeure;2023-05-02;2023-05-10;265.35
13090428;18700612302;1ere lettre de relance;2023-04-21;2023-05-01;579.64
13090428;18700612302;Mise en demeure;2023-05-02;2023-05-15;594.64
15443849;22062642302;1ere lettre de relance;2023-04-21;2023-05-01;163.02
15443849;22062642302;Mise en demeure;2023-05-02;2023-05-09;178.02
4505852;6436932326;1ere lettre de relance;2023-10-20;2023-11-02;301.86
4505852;6436932326;Mise en demeure;2023-11-03;2023-11-19;316.86
15693588;22419412303;1ere lettre de relance;2023-10-20;;641.15
4956547;7080782342;1ere lettre de relance;2023-10-20;2023-10-29;597.63
5504962;7864232329;1ere lettre de relance;2023-10-20;2023-10-30;674.43
15695982;22422832303;1ere lettre de relance;2023-10-20;2023-10-24;274.92
8449603;12070862303;1ere lettre de relance;2023-10-20;2023-11-07;1023.87
15579656;22256652302;1ere lettre de relance;2023-10-20;2023-11-02;102.48
15579656;22256652302;Mise en demeure;2023-11-03;2023-11-05;117.48
16087863;22982662301;1ere lettre de relance;2023-10-20;2023-10-27;64.76
10480576;14972252307;1ere lettre de relance;2023-10-20;2023-11-02;230.64
10480576;14972252307;Mise en demeure;2023-11-03;;245.64
6087775;8696822322;1ere lettre de relance;2023-10-20;2023-11-02;181.95
6087775;8696822322;Mise en demeure;2023-11-03;2023-11-09;196.95
15715008;22450012303;1ere lettre de relance;2023-10-20;2023-11-02;398.73
15715008;22450012303;Mise en demeure;2023-11-03;;413.73
14692238;20988912306;1ere lettre de relance;2023-10-20;2023-11-02;264.57
14692238;20988912306;Mise en demeure;2023-11-03;;279.57
13586182;19408832302;1ere lettre de relance;2023-10-20;2023-10-27;661.84
15561932;22231332303;1ere lettre de relance;2023-10-20;2023-10-25;243.39
11426332;16323332307;1ere lettre de relance;2023-10-20;2023-10-30;438.33
14895644;21279492302;1ere lettre de relance;2023-10-20;2023-11-02;722.55
14895644;21279492302;Mise en demeure;2023-11-03;;737.55
6107690;8725272361;1ere lettre de relance;2023-10-20;2023-11-02;332.04
8735980;12479972337;1ere lettre de relance;2023-10-20;2023-11-02;296.25
8735980;12479972337;Mise en demeure;2023-11-03;2023-11-12;311.25
15158935;21655622304;1ere lettre de relance;2023-10-20;2023-11-02;425.64
15158935;21655622304;Mise en demeure;2023-11-03;2023-11-28;440.64
15050582;21500832308;1ere lettre de relance;2023-10-20;2023-11-02;71.53
15050582;21500832308;Mise en demeure;2023-11-03;;86.53
14497785;20711122303;1ere lettre de relance;2023-10-20;2023-11-02;183.87
14497785;20711122303;Mise en demeure;2023-11-03;;198.87
311963;445662302;1ere lettre de relance;2023-10-20;2023-10-30;289.68
10883692;15548132321;1ere lettre de relance;2023-10-20;2023-11-02;167.91
10883692;15548132321;Mise en demeure;2023-11-03;2023-11-19;182.91
11564120;16520172304;1ere lettre de relance;2023-10-20;2023-11-02;363.54
11564120;16520172304;Mise en demeure;2023-11-03;2023-11-12;378.54
4250506;6072152313;1ere lettre de relance;2023-10-20;2023-10-25;459.6
14960205;21371722303;1ere lettre de relance;2023-10-20;2023-11-01;497.34
5074896;7249852326;1ere lettre de relance;2023-10-20;2023-11-02;1385.61
5074896;7249852326;Mise en demeure;2023-11-03;2023-11-20;1400.61
15936243;22766062302;1ere lettre de relance;2023-10-20;2023-11-07;363.69
13259317;18941882301;1ere lettre de relance;2023-10-20;2023-10-23;230.52
15510699;22158142305;1ere lettre de relance;2023-10-20;2023-10-30;124.6
13494853;19278362303;1ere lettre de relance;2023-10-20;2023-11-02;202.59
13494853;19278362303;Mise en demeure;2023-11-03;2023-11-20;217.59
5498200;7854572309;1ere lettre de relance;2023-10-20;2023-11-02;920.31
5498200;7854572309;Mise en demeure;2023-11-03;;935.31
3935030;5621472379;1ere lettre de relance;2023-10-20;2023-11-02;477.03
3935030;5621472379;Mise en demeure;2023-11-03;2023-11-08;492.03
12303166;17575952307;1ere lettre de relance;2023-10-20;2023-11-02;193.02
12303166;17575952307;Mise en demeure;2023-11-03;2023-11-05;208.02
15459851;22085502303;1ere lettre de relance;2023-10-20;2023-11-02;189.84
15459851;22085502303;Mise en demeure;2023-11-03;;204.84
3984478;5692112321;1ere lettre de relance;2023-10-20;2023-10-24;498.27
11575999;16537142314;1ere lettre de relance;2023-10-20;2023-11-02;283.02
11575999;16537142314;Mise en demeure;2023-11-03;2023-11-12;298.02
13422858;19175512307;1ere lettre de relance;2023-10-20;2023-10-27;540.99
15859565;2265652231;2ème Impayé;2023-10-09;2023-10-26;281.92
15859565;2265652231;Mise en demeure;2023-10-27;2023-11-30;296.92
15859565;2265652231;1er Impayé;2023-09-07;2023-10-03;70.48
15866509;2266644231;1er Impayé;2023-09-07;2023-09-29;85.64
15869925;2267132231;1er Impayé;2023-09-07;2023-10-15;98.42
15873810;2267687231;1er Impayé;2023-09-07;2023-09-29;82.28
15878934;2268419231;1er Impayé;2023-09-07;2023-09-29;116.52
15879144;2268449232;1er Impayé;2023-09-07;2023-09-29;84.33
15880180;2268597231;1er Impayé;2023-09-07;2023-09-11;59.85
15881034;2268719231;1er Impayé;2023-09-07;2023-09-20;183.22
15881531;2268790231;1er Impayé;2023-09-07;2023-09-29;179.82
15885367;2269338232;2ème Impayé;2023-10-09;2023-10-26;204.52
15885367;2269338232;Mise en demeure;2023-10-27;2023-11-30;219.52
15885367;2269338232;1er Impayé;2023-09-07;2023-09-29;51.13
15890288;2270041231;1er Impayé;2023-09-07;2023-09-20;48.55
15898674;2271239231;Mise en demeure;2023-10-27;2023-11-30;612.56
15898674;2271239231;1er Impayé;2023-09-07;2023-10-03;149.39
15899045;2271292231;2ème Impayé;2023-10-09;2023-10-27;457.44
15899045;2271292231;1er Impayé;2023-09-07;2023-09-29;114.36
15920990;2274427231;2ème Impayé;2023-10-09;2023-10-26;571.8
15920990;2274427231;Mise en demeure;2023-10-27;2023-11-30;586.8
15920990;2274427231;1er Impayé;2023-09-07;2023-09-29;142.95
15921011;2274430231;Mise en demeure;2023-10-27;2023-11-30;488.55
15921011;2274430231;1er Impayé;2023-09-07;2023-09-28;157.85
15922971;2274710231;2ème Impayé;2023-10-09;;556.2
15922971;2274710231;1er Impayé;2023-09-07;2023-09-13;185.4
15924602;2274943231;1er Impayé;2023-09-07;2023-09-29;32.49
15924616;2274945232;1er Impayé;2023-09-07;2023-09-26;154.91
15926051;2275150231;2ème Impayé;2023-10-08;2023-10-26;187.4
15926051;2275150231;Mise en demeure;2023-10-27;2023-11-30;202.4
15898674;2271239231;2ème Impayé;2023-10-10;2023-10-26;597.56
15921011;2274430231;2ème Impayé;2023-10-10;2023-10-26;473.55
15926051;2275150231;1er Impayé;2023-09-07;2023-09-29;46.85
15927997;2275428231;1er Impayé;2023-09-07;2023-09-25;49.98
15928319;2275474231;1er Impayé;2023-09-07;2023-09-13;103.2
15928648;2275521231;1er Impayé;2023-09-07;2023-09-29;90.95
15927997;2275428231;2ème Impayé;2023-10-09;2023-10-11;149.94
15935144;2276449232;2ème Impayé;2023-10-09;2023-10-26;468.8
15935144;2276449232;Mise en demeure;2023-10-27;2023-11-30;483.8
15935144;2276449232;1er Impayé;2023-09-07;2023-09-29;117.2
15936768;2276681231;1er Impayé;2023-09-07;2023-09-19;185.65
15937076;2276725231;1er Impayé;2023-09-07;2023-09-29;159.42
15937076;2276725231;2ème Impayé;2023-10-24;2023-10-30;478.68
15942543;2277506231;2ème Impayé;2023-10-09;2023-10-10;273.66
15942543;2277506231;1er Impayé;2023-09-07;2023-09-08;91.22
15949683;2278526231;1er Impayé;2023-09-07;2023-09-29;77.9
15952560;2278937231;1er Impayé;2023-09-07;2023-09-29;53.74
15957698;2279671232;1er Impayé;2023-09-07;2023-10-03;52.74
15961800;2280257231;1er Impayé;2023-09-07;2023-09-29;70.42
15965510;2280787231;2ème Impayé;2023-10-09;2023-10-22;237.8
15965510;2280787231;1er Impayé;2023-09-07;2023-09-29;59.45
15966980;2280997231;2ème Impayé;2023-10-09;2023-11-02;828.28
15966980;2280997231;1er Impayé;2023-09-07;2023-09-29;207.07
15972230;2281747231;1er Impayé;2023-09-07;2023-09-29;59.54
15976178;2282311231;1er Impayé;2023-09-07;2023-09-29;90.4
15977578;2282511231;1er Impayé;2023-09-07;2023-09-29;118.95
15983255;2283322231;2ème Impayé;2023-10-05;;691.8
15983255;2283322231;1er Impayé;2023-09-07;2023-09-29;172.95
15987602;2283943231;2ème Impayé;2023-10-09;2023-10-26;299.72
15987602;2283943231;Mise en demeure;2023-10-27;2023-11-30;164.86
15987602;2283943231;1er Impayé;2023-09-07;2023-09-29;74.93
15987833;2283976231;1er Impayé;2023-09-07;2023-09-29;47.36
15834960;2262137231;1er Impayé;2023-05-22;2023-05-31;263.24
15838474;2262639231;1er Impayé;2023-05-22;2023-06-08;146.98
15838474;2262639231;Mise en demeure;2023-06-09;2023-10-19;161.98
15848848;2264121231;1er Impayé;2023-05-22;2023-06-08;107.48
15848848;2264121231;Mise en demeure;2023-06-09;2023-06-14;107.48
15856751;2265250231;1er Impayé;2023-05-22;2023-06-08;300.91
11315858;1616551233;1er Impayé;2023-06-07;2023-07-03;80.09
11416980;1630997231;1er Impayé;2023-06-07;2023-07-03;76.84
11503836;1643405231;1er Impayé;2023-06-07;2023-07-03;120.13
11538493;1648356233;1er Impayé;2023-06-07;2023-07-03;239.55
11718477;1674068235;1er Impayé;2023-06-07;2023-07-03;377.76
11812627;1687518233;1er Impayé;2023-06-07;2023-07-03;76.84
12233523;1747646232;1er Impayé;2023-06-07;2023-07-03;112.27
12414249;1773464235;1er Impayé;2023-06-07;2023-07-03;61.0
12756311;1822330232;1er Impayé;2023-06-07;2023-07-03;48.62
12799732;1828533232;1er Impayé;2023-06-07;2023-07-05;97.02
12813347;18304782312;1er Impayé;2023-06-07;2023-06-20;189.69
12813347;18304782312;2ème Impayé;2023-07-09;2023-07-25;569.07
12828404;1832629232;1er Impayé;2023-06-07;2023-07-03;137.2
12919341;1845620233;1er Impayé;2023-06-07;2023-07-13;64.8
12919341;1845620233;Mise en demeure;2023-07-14;2023-07-18;274.2
15783643;2254806231;1er Impayé;2023-06-15;2023-06-30;65.7
15784847;2254978231;1er Impayé;2023-06-15;2023-06-26;168.18
15789460;2255637231;1er Impayé;2023-06-15;2023-06-30;158.78
15798784;2256969231;1er Impayé;2023-06-15;2023-06-30;150.34
15801206;2257315231;1er Impayé;2023-06-15;2023-06-30;90.48
15801822;2257403231;1er Impayé;2023-06-15;2023-06-30;116.32
15808066;2258295231;1er Impayé;2023-06-15;2023-06-30;133.1
15810880;2258697231;1er Impayé;2023-06-15;2023-06-30;82.39
15811727;2258818231;1er Impayé;2023-06-15;2023-06-30;202.85
15822521;2260360231;1er Impayé;2023-06-15;2023-06-30;133.31
15823011;2260430231;1er Impayé;2023-06-15;2023-06-30;101.46
15825811;2260830231;1er Impayé;2023-06-15;2023-06-30;64.24
15827687;2261098231;1er Impayé;2023-06-15;2023-06-30;105.94
15836367;2262338231;1er Impayé;2023-06-15;2023-07-05;35.78
15836367;2262338231;2ème Impayé;2023-07-12;2023-07-27;143.12
15836367;2262338231;Mise en demeure;2023-07-28;2023-07-30;158.12
15847231;2263890231;1er Impayé;2023-06-15;2023-06-30;163.19
15854084;2264869231;1er Impayé;2023-06-15;2023-06-30;64.0
15854084;2264869231;2ème Impayé;2023-07-12;2023-07-28;256.0
15855575;2265082231;1er Impayé;2023-06-15;2023-06-16;146.77
15857871;2265410231;1er Impayé;2023-06-15;2023-07-02;65.83
15865578;2266511231;1er Impayé;2023-06-15;2023-06-18;255.11
15870632;2267233231;1er Impayé;2023-06-15;2023-06-28;107.92
15870632;2267233231;2ème Impayé;2023-07-09;2023-07-28;273.12
15874251;2267750231;1er Impayé;2023-06-15;2023-07-13;426.72
15874251;2267750231;Suspension de garanties;2023-08-18;2023-08-24;1408.26
15874251;2267750231;Annonce du contentieux;2023-08-25;2023-09-11;1408.26
15874251;2267750231;Mise en demeure;2023-07-14;2023-08-17;1408.26
15875630;2267947231;1er Impayé;2023-06-15;2023-06-30;157.33
15875630;2267947231;Mise en demeure;2023-07-28;2023-08-09;508.48
15875630;2267947231;2ème Impayé;2023-07-09;2023-07-27;493.48
13028730;1861247231;1er Impayé;2023-07-17;2023-08-07;136.51
13028730;1861247231;Mise en demeure;2023-09-01;2023-09-25;424.53
12851455;1835922237;1er Impayé;2023-07-17;2023-07-21;130.76
13948187;1992598232;1er Impayé;2023-07-17;2023-08-07;135.31
15133133;2161876232;1er Impayé;2023-07-17;2023-08-02;73.3
15284039;2183434233;1er Impayé;2023-07-17;2023-08-03;340.65
15423472;2203353231;1er Impayé;2023-07-17;2023-08-07;45.4
15879977;2268568231;1er Impayé;2023-07-17;2023-08-13;98.61
15907445;2272492231;1er Impayé;2023-07-17;2023-08-02;127.48
15916314;2273759231;1er Impayé;2023-07-17;2023-08-02;219.28
15921179;2274454231;1er Impayé;2023-07-17;2023-08-02;80.65
15705628;2243661231;1er Impayé;2023-05-10;2023-05-25;188.8
15705628;2243661231;Mise en demeure;2023-05-26;2023-06-05;203.8
15706433;2243776231;1er Impayé;2023-05-10;2023-06-01;55.65
15707476;2243925231;2ème Impayé;2023-06-07;2023-06-22;167.82
15707476;2243925231;1er Impayé;2023-05-10;2023-06-01;83.91
15710486;2244355232;1er Impayé;2023-05-10;2023-06-01;87.42
15713608;2244801231;1er Impayé;2023-05-10;2023-06-01;84.87
15713993;2244856231;1er Impayé;2023-05-10;2023-05-25;203.72
15713993;2244856231;Mise en demeure;2023-05-26;2023-06-08;111.36
15714245;2244892232;1er Impayé;2023-05-10;2023-05-21;77.9
15716793;2245256231;1er Impayé;2023-05-10;2023-06-01;57.9
15728028;2246861231;1er Impayé;2023-05-10;2023-06-01;177.81
15728602;2246943231;1er Impayé;2023-05-10;2023-05-11;325.54
15745143;2249306231;1er Impayé;2023-05-10;2023-06-01;98.28
15768852;2252693232;Mise en demeure;2023-05-26;2023-06-26;403.55
15769321;2252760231;Suspension de garanties;2023-06-30;2023-07-06;287.07
15769321;2252760231;Mise en demeure;2023-05-26;2023-06-29;287.07
15769321;2252760231;Annonce du contentieux;2023-07-07;2023-07-10;287.07
13028730;1861247231;2ème Impayé;2023-08-14;2023-08-31;409.53
15284039;2183434233;Mise en demeure;2023-08-04;2023-08-13;242.1
15879977;2268568231;2ème Impayé;2023-08-13;2023-08-25;394.41
15716793;2245256231;2ème Impayé;2023-06-07;2023-07-10;115.8
15768852;2252693232;1er Impayé;2023-05-10;2023-05-25;388.55
15769321;2252760231;1er Impayé;2023-05-10;2023-05-25;272.07
15779079;2254154231;1er Impayé;2023-05-10;2023-06-01;112.16
7891381;1127340237;1er Impayé;2023-05-15;2023-05-16;301.44
10678032;15254332317;1er Impayé;2023-05-15;2023-06-06;296.88
13442444;1920349231;2ème Impayé;2023-06-08;2023-06-27;101.3
13442444;1920349231;1er Impayé;2023-05-15;2023-06-01;50.65
13914517;1987788234;1er Impayé;2023-05-15;2023-06-06;59.41
13914517;1987788234;2ème Impayé;2023-06-18;2023-07-13;118.82
13914517;1987788234;Mise en demeure;2023-07-14;2023-08-02;312.05
14195343;2027906231;1er Impayé;2023-05-15;2023-05-17;62.71
14274814;2039259234;1er Impayé;2023-05-15;2023-06-06;177.97
14771058;2110151231;1er Impayé;2023-05-15;2023-06-05;110.01
14994666;2142095232;1er Impayé;2023-05-15;2023-06-06;50.78
11661798;16659712314;1ere lettre de relance;2023-04-21;2023-05-01;400.11
11661798;16659712314;Mise en demeure;2023-05-02;2023-05-22;415.11
5838967;8341382306;1ere lettre de relance;2023-04-21;2023-05-01;993.66
5838967;8341382306;Mise en demeure;2023-05-02;2023-05-04;1008.66
13521579;19316542305;1ere lettre de relance;2023-04-21;2023-05-01;484.38
13521579;19316542305;En recouvrement;2023-06-16;2023-07-03;1168.14
13521579;19316542305;Annonce du contentieux;2023-06-09;2023-06-15;199.38
13521579;19316542305;Suspension de garanties;2023-06-02;2023-06-08;199.38
13521579;19316542305;Mise en demeure;2023-05-02;2023-06-01;499.38
7692777;10989682341;1ere lettre de relance;2023-04-21;2023-05-01;575.64
7692777;10989682341;Mise en demeure;2023-05-02;2023-05-14;590.64
14674360;20963372307;1ere lettre de relance;2023-04-21;2023-05-01;108.88
14674360;20963372307;Mise en demeure;2023-05-02;2023-05-03;123.88
7923840;11319772346;1ere lettre de relance;2023-04-21;2023-05-01;442.92
7923840;11319772346;Mise en demeure;2023-05-02;2023-05-03;457.92
5070878;7244112333;1ere lettre de relance;2023-04-21;2023-05-01;480.69
5070878;7244112333;Mise en demeure;2023-05-02;2023-05-03;495.69
13110784;18729692302;1ere lettre de relance;2023-04-21;2023-04-29;534.69
5520649;7886642347;1ere lettre de relance;2023-04-21;2023-04-25;429.96
13420100;19171572302;1ere lettre de relance;2023-04-21;2023-05-01;286.15
13420100;19171572302;Mise en demeure;2023-05-02;2023-06-06;301.15
15782145;22545922301;1ere lettre de relance;2023-04-21;2023-05-01;140.94
15782145;22545922301;Mise en demeure;2023-05-02;2023-06-01;155.94
15782145;22545922301;Suspension de garanties;2023-06-02;2023-06-09;155.94
10307067;14724382315;1ere lettre de relance;2023-04-21;2023-05-01;150.33
10307067;14724382315;Mise en demeure;2023-05-02;2023-05-31;165.33
11931501;17045002302;Mise en demeure;2023-05-02;2023-05-16;514.32
15082019;21545742302;Mise en demeure;2023-05-02;2023-05-10;265.56
11931501;17045002302;1ere lettre de relance;2023-04-21;2023-05-01;499.32
7086416;10123452311;1ere lettre de relance;2023-04-21;2023-05-01;1935.78
648523;926462343;1ere lettre de relance;2023-04-21;2023-04-24;456.03
15082019;21545742302;1ere lettre de relance;2023-04-21;2023-05-01;250.56
3867193;5524562354;1ere lettre de relance;2023-04-21;2023-05-01;820.92
15427224;22038892302;1ere lettre de relance;2023-04-21;2023-05-01;182.74
15427224;22038892302;Mise en demeure;2023-05-02;2023-05-25;197.74
15567812;22239732302;1ere lettre de relance;2023-04-21;2023-05-01;181.14
15567812;22239732302;Mise en demeure;2023-05-02;2023-05-10;196.14
107087;152982365;1ere lettre de relance;2023-04-21;2023-05-01;668.14
107087;152982365;Mise en demeure;2023-05-02;2023-05-04;683.14
15323568;21890812303;1ere lettre de relance;2023-04-21;2023-05-01;433.68
15323568;21890812303;Mise en demeure;2023-05-02;2023-05-08;448.68
14766466;21094952304;1ere lettre de relance;2023-04-21;2023-05-01;225.18
14766466;21094952304;Mise en demeure;2023-05-02;2023-06-01;240.18
14766466;21094952304;Suspension de garanties;2023-06-02;2023-06-04;240.18
12837658;18339512302;1ere lettre de relance;2023-04-21;2023-04-27;148.98
437242;624632304;1ere lettre de relance;2023-04-21;2023-05-01;1209.6
437242;624632304;Mise en demeure;2023-05-02;2023-05-04;1224.6
3914142;5591632326;1ere lettre de relance;2023-04-21;2023-04-24;584.49
4591441;6559202307;1ere lettre de relance;2023-04-21;2023-05-01;589.53
4591441;6559202307;Mise en demeure;2023-05-02;2023-05-04;604.53
5791066;8272952323;1ere lettre de relance;2023-04-21;2023-04-24;494.97
13215861;18879802306;1ere lettre de relance;2023-04-21;2023-05-02;171.75
12601828;18002612302;1ere lettre de relance;2023-04-21;2023-05-01;482.94
12601828;18002612302;Mise en demeure;2023-05-02;2023-05-24;497.94
15548065;22211522302;1ere lettre de relance;2023-04-21;2023-06-06;464.81
13609758;19442512308;1ere lettre de relance;2023-04-21;2023-04-22;990.09
13105359;18721942315;1ere lettre de relance;2023-04-21;2023-05-01;283.5
13105359;18721942315;Mise en demeure;2023-05-02;2023-05-21;298.5
5621274;8030392320;1ere lettre de relance;2023-04-21;2023-05-01;273.63
5621274;8030392320;Mise en demeure;2023-05-02;2023-05-15;288.63
4313331;6161902346;1ere lettre de relance;2023-04-21;2023-04-27;534.3
5503436;7862052344;1ere lettre de relance;2023-04-21;2023-05-01;191.52
5503436;7862052344;Mise en demeure;2023-05-02;2023-06-01;206.52
5503436;7862052344;Suspension de garanties;2023-06-02;2023-06-08;206.52
5386641;7695202348;1ere lettre de relance;2023-04-21;2023-04-28;726.87
5691540;8130772321;1ere lettre de relance;2023-04-21;2023-05-02;2751.3
15366520;21952172302;1ere lettre de relance;2023-04-21;2023-05-01;174.54
15366520;21952172302;Mise en demeure;2023-05-02;2023-05-31;189.54
5259472;7513532301;1ere lettre de relance;2023-04-21;2023-05-03;209.88
13484437;19263482310;1ere lettre de relance;2023-04-21;2023-05-01;291.66
13484437;19263482310;En recouvrement;2023-06-16;2023-06-26;889.98
13484437;19263482310;Annonce du contentieux;2023-06-09;2023-06-15;306.66
13484437;19263482310;Suspension de garanties;2023-06-02;2023-06-08;306.66
13484437;19263482310;Mise en demeure;2023-05-02;2023-06-01;306.66
14366038;20522912304;1ere lettre de relance;2023-04-21;2023-05-01;130.32
14366038;20522912304;Mise en demeure;2023-05-02;2023-05-04;145.32
4386138;6265912378;1ere lettre de relance;2023-04-21;2023-04-26;506.37
8739900;12485572316;1ere lettre de relance;2023-04-21;2023-05-01;1218.84
8739900;12485572316;En recouvrement;2023-06-16;2023-10-30;2452.68
8739900;12485572316;Annonce du contentieux;2023-06-09;2023-06-15;1233.84
8739900;12485572316;Mise en demeure;2023-05-02;2023-06-01;1233.84
8739900;12485572316;Suspension de garanties;2023-06-02;2023-06-08;1233.84
7197436;10282052345;1ere lettre de relance;2023-04-21;2023-04-26;268.53
11937087;17052982305;1ere lettre de relance;2023-04-21;2023-04-24;124.89
14553085;20790122304;1ere lettre de relance;2023-04-21;2023-05-01;204.7
14553085;20790122304;Mise en demeure;2023-05-02;2023-05-31;105.7
328329;469042332;1ere lettre de relance;2023-04-21;2023-04-24;530.46
15223615;21748022304;1ere lettre de relance;2023-04-21;2023-05-02;739.11
285503;407862304;1ere lettre de relance;2023-04-21;2023-04-27;565.5
15660331;22371902302;1ere lettre de relance;2023-04-21;2023-05-01;323.04
15660331;22371902302;Mise en demeure;2023-05-02;2023-05-16;338.04
12050382;17214832303;1ere lettre de relance;2023-04-21;2023-04-26;338.61
7735092;11050132350;1ere lettre de relance;2023-04-21;2023-05-01;1018.08
7735092;11050132350;Mise en demeure;2023-05-02;2023-05-11;1033.08
12573800;17962572309;1ere lettre de relance;2023-04-21;2023-05-01;203.64
12573800;17962572309;Mise en demeure;2023-05-02;2023-05-09;218.64
10461228;14944612313;1ere lettre de relance;2023-04-21;2023-05-01;208.29
10461228;14944612313;Mise en demeure;2023-05-02;2023-05-11;223.29
10395428;14850612312;1ere lettre de relance;2023-04-21;2023-05-01;165.99
10395428;14850612312;Mise en demeure;2023-05-02;2023-05-18;180.99
13901112;19858732311;1ere lettre de relance;2023-04-21;2023-05-01;186.36
13901112;19858732311;Mise en demeure;2023-05-02;2023-05-05;201.36
13856928;19795612305;1ere lettre de relance;2023-04-21;2023-04-27;164.7
10869944;15528492311;1ere lettre de relance;2023-04-21;2023-05-01;555.96
10869944;15528492311;Mise en demeure;2023-05-02;2023-05-11;570.96
218331;311902307;1ere lettre de relance;2023-04-21;2023-05-01;309.72
218331;311902307;Mise en demeure;2023-05-02;2023-05-11;324.72
13922413;19889162307;1ere lettre de relance;2023-04-21;2023-05-01;208.02
13922413;19889162307;Mise en demeure;2023-05-02;2023-05-11;223.02
15807793;22582562302;1ere lettre de relance;2023-10-20;2023-11-02;226.38
15807793;22582562302;Mise en demeure;2023-11-03;;241.38
15776986;22538552302;1ere lettre de relance;2023-10-20;2023-11-02;336.99
15776986;22538552302;Mise en demeure;2023-11-03;2023-11-19;351.99
7633767;10905382340;1ere lettre de relance;2023-10-20;2023-10-23;1277.02
3869657;5528082330;1ere lettre de relance;2023-10-20;2023-10-24;889.56
15510615;22158022304;1ere lettre de relance;2023-10-20;2023-10-25;420.87
9485778;13551112322;1ere lettre de relance;2023-10-20;2023-10-29;259.47
13163921;18805602312;1ere lettre de relance;2023-10-20;2023-10-26;466.83
12351732;17645332309;1ere lettre de relance;2023-10-20;2023-11-02;314.55
12351732;17645332309;Mise en demeure;2023-11-03;;329.55
15284039;21834342304;1ere lettre de relance;2023-10-20;2023-11-02;340.65
15284039;21834342304;Mise en demeure;2023-11-03;2023-11-10;355.65
15382249;21974642301;1ere lettre de relance;2023-10-20;2023-11-14;104.9
4305834;6151192318;1ere lettre de relance;2023-10-20;2023-10-26;857.94
15712285;22446122303;1ere lettre de relance;2023-10-20;2023-11-02;217.5
15712285;22446122303;Mise en demeure;2023-11-03;2023-11-26;232.5
15483770;22119672302;1ere lettre de relance;2023-10-20;2023-11-02;152.6
15483770;22119672302;Mise en demeure;2023-11-03;2023-11-10;308.72
13519269;19313242303;1ere lettre de relance;2023-10-20;2023-11-02;171.96
13519269;19313242303;Mise en demeure;2023-11-03;;186.96
13119884;18742692315;1ere lettre de relance;2023-10-20;2023-10-23;173.46
14987008;21410012305;1ere lettre de relance;2023-10-20;2023-11-02;222.33
14987008;21410012305;Mise en demeure;2023-11-03;2023-11-07;237.33
5473924;7819892334;1ere lettre de relance;2023-10-20;2023-10-25;533.4
9164380;13091972343;1ere lettre de relance;2023-10-20;2023-10-22;274.35
15544523;22206462302;1ere lettre de relance;2023-10-20;2023-11-07;389.79
15569219;22241742302;1ere lettre de relance;2023-10-20;2023-11-02;112.02
15569219;22241742302;Mise en demeure;2023-11-03;2023-11-09;127.02
15439803;22056862302;1ere lettre de relance;2023-10-20;2023-11-02;272.04
15439803;22056862302;Mise en demeure;2023-11-03;;287.04
15939869;22771242302;1ere lettre de relance;2023-10-20;2023-11-02;212.19
15939869;22771242302;Mise en demeure;2023-11-03;2023-11-06;227.19
10251438;14644912329;1ere lettre de relance;2023-10-20;2023-10-24;377.25
7288163;10411662334;1ere lettre de relance;2023-10-20;2023-10-23;401.31
15821660;22602372302;1ere lettre de relance;2023-10-20;2023-11-02;392.43
15821660;22602372302;Mise en demeure;2023-11-03;2023-11-30;407.43
15511210;22158872302;1ere lettre de relance;2023-10-20;2023-11-02;261.18
15511210;22158872302;Mise en demeure;2023-11-03;;276.18
5892587;8417982309;1ere lettre de relance;2023-10-20;2023-10-26;202.32
4257674;6082392340;1ere lettre de relance;2023-10-20;2023-11-02;1214.82
4257674;6082392340;Mise en demeure;2023-11-03;2023-11-05;1229.82
15457681;22082402304;1ere lettre de relance;2023-10-20;2023-11-02;156.7
15457681;22082402304;Mise en demeure;2023-11-03;;171.7
8020699;11458142371;1ere lettre de relance;2023-10-20;2023-11-02;824.1
8020699;11458142371;Mise en demeure;2023-11-03;;839.1
11777417;16824882309;1ere lettre de relance;2023-10-20;2023-11-02;283.62
11777417;16824882309;Mise en demeure;2023-11-03;2023-11-30;298.62
14091694;20130992303;Mise en demeure;2023-03-03;2023-03-29;153.68
8725403;12464862342;1ere lettre de relance;2023-02-17;2023-02-21;274.31
15108969;21584242303;1ere lettre de relance;2023-02-17;2023-02-28;53.74
14091694;20130992303;1ere lettre de relance;2023-02-17;2023-03-02;76.84
12654062;18077232309;1ere lettre de relance;2023-02-17;2023-02-20;114.43
15317240;21881772301;Mise en demeure;2023-03-03;2023-04-02;107.16
15317240;21881772301;1ere lettre de relance;2023-02-17;2023-03-02;46.08
11127215;15896022376;1ere lettre de relance;2023-02-17;2023-02-26;124.75
15041916;21488452301;1ere lettre de relance;2023-02-17;2023-03-07;89.94
13363617;19090882306;1ere lettre de relance;2023-02-17;2023-02-28;102.95
13517764;19311092301;1ere lettre de relance;2023-02-17;2023-02-23;94.58
13424650;19178072306;1ere lettre de relance;2023-02-17;2023-02-26;128.85
14980127;21400182309;1ere lettre de relance;2023-02-17;2023-03-02;48.53
14985769;21408242303;1ere lettre de relance;2023-02-17;2023-02-22;144.17
12989922;18557032307;1ere lettre de relance;2023-02-17;2023-02-27;90.19
15166110;21665872302;Mise en demeure;2023-03-03;2023-03-27;266.12
15166110;21665872302;1ere lettre de relance;2023-02-17;2023-03-02;502.26
14620803;20886862301;Mise en demeure;2023-03-03;2023-03-19;143.08
14620803;20886862301;1ere lettre de relance;2023-02-17;2023-03-02;128.08
12591188;17987412301;1ere lettre de relance;2023-02-17;2023-03-07;77.37
5550616;7929452301;Mise en demeure;2023-03-03;2023-03-08;304.9
5550616;7929452301;1ere lettre de relance;2023-02-17;2023-03-02;144.95
8794108;12563012342;1ere lettre de relance;2023-02-17;2023-02-20;239.56
11079209;15827442313;1ere lettre de relance;2023-02-17;2023-02-26;189.61
14246688;20352412303;1ere lettre de relance;2023-02-17;2023-03-02;43.65
14222258;20317512311;Mise en demeure;2023-03-03;2023-03-07;293.1
14222258;20317512311;1ere lettre de relance;2023-02-17;2023-03-02;138.75
12620756;18029652306;1ere lettre de relance;2023-02-17;2023-02-28;105.06
13363680;19090972305;1ere lettre de relance;2023-02-17;2023-02-28;78.53
4463572;6376532316;1er Impayé;2023-07-18;2023-08-03;891.96
4463572;6376532316;Mise en demeure;2023-08-04;2023-08-21;906.96
7891381;1127340239;1er Impayé;2023-09-14;2023-10-05;301.44
13103028;1871861231;1er Impayé;2023-09-14;2023-10-05;76.32
13145588;1877941237;1er Impayé;2023-09-14;2023-10-05;156.26
13145588;1877941237;Mise en demeure;2023-11-03;;640.04
12942455;1848922235;1er Impayé;2023-06-07;2023-06-29;80.97
13017306;1859615233;1er Impayé;2023-06-07;2023-06-09;55.62
13065368;1866481232;1er Impayé;2023-06-07;2023-07-03;111.1
13068539;1866934231;1er Impayé;2023-06-07;2023-07-03;70.05
13104575;1872082231;1er Impayé;2023-06-07;2023-06-08;101.3
13109629;1872804232;1er Impayé;2023-06-07;2023-07-03;118.89
13128354;1875479233;1er Impayé;2023-06-07;2023-06-19;144.77
13128354;1875479233;Suspension de garanties;2023-09-01;2023-09-07;249.31
13128354;1875479233;Mise en demeure;2023-07-28;2023-08-31;249.31
13128354;1875479233;2ème Impayé;2023-07-09;2023-07-27;434.31
13128354;1875479233;Annonce du contentieux;2023-09-08;2023-09-14;249.31
13239101;1891300231;1er Impayé;2023-06-07;2023-07-03;105.06
13239101;1891300231;Mise en demeure;2023-07-28;2023-08-17;420.24
13239101;1891300231;2ème Impayé;2023-07-09;2023-07-27;420.24
7891381;1127340239;Mise en demeure;2023-10-27;2023-11-03;1220.76
7891381;1127340239;2ème Impayé;2023-10-12;2023-10-26;1205.76
13103028;1871861231;2ème Impayé;2023-10-15;2023-10-27;228.96
13145588;1877941237;2ème Impayé;2023-10-15;2023-11-02;625.04
13371317;1910188236;1er Impayé;2023-06-07;2023-06-30;144.57
13446448;1920921232;1er Impayé;2023-06-07;2023-07-03;107.98
13463864;1923409231;1er Impayé;2023-06-07;2023-07-03;130.04
13479754;1925679231;1er Impayé;2023-06-07;2023-07-03;113.83
13484262;1926323233;1er Impayé;2023-06-07;2023-07-03;105.61
13541263;1934466231;1er Impayé;2023-06-07;2023-07-03;82.28
13543167;1934738234;1er Impayé;2023-06-07;2023-07-03;258.29
13584327;1940618231;1er Impayé;2023-06-07;2023-07-03;168.5
13667284;1952469233;1er Impayé;2023-06-07;2023-07-03;204.11
13669223;1952746231;1er Impayé;2023-06-07;2023-07-03;52.76
13808663;1972666231;1er Impayé;2023-06-07;2023-06-30;133.27
13841493;1977356235;1er Impayé;2023-06-07;2023-07-03;36.85
13932038;1990291231;1er Impayé;2023-06-07;2023-07-03;94.22
13884144;1983449231;1er Impayé;2023-06-07;2023-07-03;104.76
13947179;1992454231;1er Impayé;2023-06-07;2023-07-03;27.4
13966065;1995152234;1er Impayé;2023-06-07;2023-07-03;61.74
13966065;1995152234;Mise en demeure;2023-07-28;2023-07-31;261.96
13966065;1995152234;2ème Impayé;2023-07-09;2023-07-27;246.96
14175029;2025004231;1er Impayé;2023-06-07;2023-07-03;101.79
15878157;2268308231;1er Impayé;2023-06-15;2023-06-30;225.83
15878157;2268308231;2ème Impayé;2023-07-09;2023-08-02;729.62
15879144;2268449231;1er Impayé;2023-06-15;2023-06-17;95.33
15880110;2268587231;1er Impayé;2023-06-15;2023-06-30;96.7
15881972;2268853231;1er Impayé;2023-06-15;2023-06-30;74.94
15882910;2268987231;1er Impayé;2023-06-15;2023-06-30;92.85
15882910;2268987231;Suspension de garanties;2023-09-01;2023-09-04;345.72
15882910;2268987231;2ème Impayé;2023-07-12;2023-07-27;330.72
15882910;2268987231;Mise en demeure;2023-07-28;2023-08-31;345.72
15883652;2269093231;1er Impayé;2023-06-15;2023-06-27;120.41
15883652;2269093231;Suspension de garanties;2023-09-01;2023-09-07;181.95
15883652;2269093231;Mise en demeure;2023-07-28;2023-08-31;364.95
15883652;2269093231;2ème Impayé;2023-07-09;2023-07-27;349.95
15883652;2269093231;Annonce du contentieux;2023-09-08;2023-10-19;181.95
15884443;2269206231;1er Impayé;2023-06-15;2023-06-30;95.12
15885696;2269385231;1er Impayé;2023-06-15;2023-07-02;91.3
15887047;2269578231;1er Impayé;2023-06-15;2023-06-30;158.0
15887047;2269578231;Suspension de garanties;2023-09-01;2023-09-07;120.0
15887047;2269578231;2ème Impayé;2023-07-12;2023-07-27;305.0
15887047;2269578231;Mise en demeure;2023-07-28;2023-08-31;320.0
15887047;2269578231;Annonce du contentieux;2023-09-08;2023-09-24;120.0
15889980;2269997231;1er Impayé;2023-06-15;2023-06-30;94.58
15889980;2269997231;Suspension de garanties;2023-09-01;2023-09-07;341.03
15889980;2269997231;En recouvrement;2023-09-24;2023-11-05;572.48
15889980;2269997231;Mise en demeure;2023-07-28;2023-08-31;341.03
15889980;2269997231;2ème Impayé;2023-07-09;2023-07-27;326.03
15889980;2269997231;Annonce du contentieux;2023-09-08;2023-09-23;341.03
12093243;1727606233;1er Impayé;2023-07-26;2023-08-02;54.61
12609052;1801293232;1er Impayé;2023-07-26;2023-08-10;76.67
13582227;1940318235;1er Impayé;2023-07-26;2023-08-10;142.45
14245232;2035033231;1er Impayé;2023-07-26;2023-08-10;53.74
14565860;2080837232;1er Impayé;2023-07-26;2023-08-04;126.27
15378280;2196897233;1er Impayé;2023-07-26;2023-09-15;243.9
15134743;2162106233;1er Impayé;2023-05-15;2023-05-19;100.39
15372449;2196064232;1er Impayé;2023-05-15;2023-06-06;51.73
15487102;2212443231;1er Impayé;2023-05-15;2023-05-22;58.87
12093243;1727606233;2ème Impayé;2023-08-27;2023-09-05;109.22
15550739;2221534232;1er Impayé;2023-05-15;2023-06-02;140.72
15576520;2225217231;1er Impayé;2023-05-15;2023-06-02;60.82
15699986;2242855231;1er Impayé;2023-05-15;2023-06-02;46.68
15709450;2244207231;1er Impayé;2023-05-15;2023-06-02;175.46
15756700;2250957231;1er Impayé;2023-05-15;2023-06-06;105.18
15772576;2253225231;1er Impayé;2023-05-15;2023-05-19;57.11
15806127;2258018231;1er Impayé;2023-05-15;2023-05-18;97.33
15812574;2258939231;1er Impayé;2023-05-15;2023-06-01;200.0
15815458;2259351231;1er Impayé;2023-05-15;2023-06-02;160.18
15820890;2260127231;1er Impayé;2023-05-15;2023-06-02;98.23
15842632;2263233231;1er Impayé;2023-05-15;2023-05-17;122.44
15842632;2263233231;Annonce du contentieux;2023-09-01;2023-09-17;246.64
15842632;2263233231;2ème Impayé;2023-06-08;2023-07-13;119.13
15842632;2263233231;Suspension de garanties;2023-08-18;2023-08-31;491.52
15842632;2263233231;Mise en demeure;2023-07-14;2023-08-17;491.52
7350666;10500952313;1er Impayé;2023-05-24;2023-06-13;116.18
9903384;1414769235;1er Impayé;2023-05-24;2023-06-13;94.69
9911301;1415900233;1er Impayé;2023-05-24;2023-06-13;116.0
11079657;1582808231;1er Impayé;2023-05-24;2023-06-13;142.82
5555943;7937062332;1ere lettre de relance;2023-04-21;2023-04-22;2519.91
4683148;6690212327;1ere lettre de relance;2023-04-21;2023-05-01;451.26
4683148;6690212327;En recouvrement;2023-06-16;2023-07-27;1368.78
4683148;6690212327;Annonce du contentieux;2023-06-09;2023-06-15;466.26
4683148;6690212327;Mise en demeure;2023-05-02;2023-06-01;466.26
4683148;6690212327;Suspension de garanties;2023-06-02;2023-06-08;466.26
7383664;10548092301;1ere lettre de relance;2023-04-21;2023-05-01;2048.19
7383664;10548092301;Mise en demeure;2023-05-02;2023-05-22;2063.19
10330461;14757802340;1ere lettre de relance;2023-04-21;2023-05-01;612.69
10330461;14757802340;Mise en demeure;2023-05-02;2023-05-28;627.69
5150643;7358062355;1ere lettre de relance;2023-04-21;2023-04-27;981.9
4992765;7132522314;1ere lettre de relance;2023-04-21;2023-05-01;240.3
4992765;7132522314;Mise en demeure;2023-05-02;2023-05-14;255.3
14986588;21409412305;1ere lettre de relance;2023-04-21;2023-05-01;322.16
14986588;21409412305;Mise en demeure;2023-05-02;2023-05-22;337.16
14180258;20257512304;1ere lettre de relance;2023-04-21;2023-05-01;161.22
14180258;20257512304;Mise en demeure;2023-05-02;2023-05-23;161.22
4277428;6110612350;1ere lettre de relance;2023-04-21;2023-05-01;308.31
4277428;6110612350;Mise en demeure;2023-05-02;2023-05-04;323.31
15199409;21713442303;1ere lettre de relance;2023-04-21;2023-04-23;387.09
13524673;19320962302;1ere lettre de relance;2023-04-21;2023-04-27;84.3
3895221;5564602306;1ere lettre de relance;2023-04-21;2023-05-01;378.6
12245157;17493082301;1ere lettre de relance;2023-04-21;2023-05-01;302.88
12245157;17493082301;Mise en demeure;2023-05-02;2023-05-26;317.88
14801676;21145252301;1ere lettre de relance;2023-04-21;2023-05-01;97.26
14801676;21145252301;Mise en demeure;2023-05-02;2023-05-21;112.26
15256564;21795092303;Mise en demeure;2023-05-02;2023-05-09;187.86
8056371;11509102337;Mise en demeure;2023-05-02;2023-05-18;556.47
15256564;21795092303;1ere lettre de relance;2023-04-21;2023-05-01;172.86
8056371;11509102337;1ere lettre de relance;2023-04-21;2023-05-01;541.47
15669865;22385522302;1ere lettre de relance;2023-04-21;2023-05-01;270.75
15669865;22385522302;Mise en demeure;2023-05-02;2023-06-01;285.75
15669865;22385522302;Annonce du contentieux;2023-06-09;2023-06-12;285.75
15669865;22385522302;Suspension de garanties;2023-06-02;2023-06-08;285.75
14878991;21255702304;1ere lettre de relance;2023-04-21;2023-04-28;197.19
15110481;21586402303;1ere lettre de relance;2023-04-21;2023-05-01;245.85
15110481;21586402303;Mise en demeure;2023-05-02;2023-05-30;260.85
5195065;7421522328;1ere lettre de relance;2023-04-21;2023-05-16;2210.63
4761016;6801452331;1ere lettre de relance;2023-04-21;2023-05-01;681.74
4761016;6801452331;Mise en demeure;2023-05-02;2023-05-08;696.74
7279147;10398782329;1ere lettre de relance;2023-04-21;2023-05-01;1017.33
7279147;10398782329;Mise en demeure;2023-05-02;2023-05-23;1032.33
15225358;21750512303;1ere lettre de relance;2023-04-21;2023-05-01;230.73
15225358;21750512303;Mise en demeure;2023-05-02;2023-05-09;245.73
15315637;21879482302;1ere lettre de relance;2023-04-21;2023-05-01;320.43
15315637;21879482302;Mise en demeure;2023-05-02;2023-05-23;335.43
14489483;20699262302;1ere lettre de relance;2023-04-21;2023-05-01;315.18
14489483;20699262302;Mise en demeure;2023-05-02;2023-06-01;315.18
14489483;20699262302;Annonce du contentieux;2023-06-09;2023-07-09;315.18
14489483;20699262302;Suspension de garanties;2023-06-02;2023-06-08;315.18
13574177;19391682308;1ere lettre de relance;2023-04-21;2023-05-01;205.38
13574177;19391682308;Mise en demeure;2023-05-02;2023-05-26;220.38
5343941;7634202337;1ere lettre de relance;2023-04-21;2023-04-28;871.26
13957819;19939742317;1ere lettre de relance;2023-04-21;2023-04-25;112.59
8093989;11562842347;1ere lettre de relance;2023-04-21;2023-05-01;667.47
8093989;11562842347;Mise en demeure;2023-05-02;2023-05-23;682.47
11772356;16817652309;1ere lettre de relance;2023-04-21;2023-04-26;394.26
13828151;19754502306;1ere lettre de relance;2023-04-21;2023-05-01;434.37
13828151;19754502306;Mise en demeure;2023-05-02;2023-05-09;449.37
4815798;6879712374;1ere lettre de relance;2023-04-21;2023-05-01;776.97
4815798;6879712374;Mise en demeure;2023-05-02;2023-05-04;791.97
10739793;15342562311;1ere lettre de relance;2023-04-21;2023-05-01;260.61
10739793;15342562311;Mise en demeure;2023-05-02;2023-05-21;275.61
15625142;22321632301;1ere lettre de relance;2023-04-21;2023-05-01;439.71
15625142;22321632301;Mise en demeure;2023-05-02;2023-05-03;454.71
10685788;15265412332;1ere lettre de relance;2023-04-21;2023-05-01;622.53
10685788;15265412332;Mise en demeure;2023-05-02;2023-05-11;637.53
4515267;6450382383;1ere lettre de relance;2023-04-21;2023-05-01;188.13
4515267;6450382383;Mise en demeure;2023-05-02;2023-05-22;203.13
13370267;19100382308;1ere lettre de relance;2023-04-21;2023-05-01;677.15
13370267;19100382308;En recouvrement;2023-06-16;2023-07-20;2016.45
13370267;19100382308;Annonce du contentieux;2023-06-09;2023-06-15;692.15
13370267;19100382308;Suspension de garanties;2023-06-02;2023-06-08;692.15
13370267;19100382308;Mise en demeure;2023-05-02;2023-06-01;692.15
10496039;14994342314;1ere lettre de relance;2023-04-21;2023-05-01;514.62
10496039;14994342314;Mise en demeure;2023-05-02;2023-05-07;529.62
9373617;13390882312;1ere lettre de relance;2023-04-21;2023-05-01;293.64
9373617;13390882312;Mise en demeure;2023-05-02;2023-05-06;308.64
8081634;11545192335;1ere lettre de relance;2023-04-21;2023-05-01;808.26
8081634;11545192335;Mise en demeure;2023-05-02;2023-05-10;823.26
13157719;18796742309;1ere lettre de relance;2023-04-21;2023-05-01;237.48
13157719;18796742309;Mise en demeure;2023-05-02;2023-05-05;252.48
10329432;14756332326;1ere lettre de relance;2023-04-21;2023-05-01;338.04
10329432;14756332326;Mise en demeure;2023-05-02;2023-05-11;353.04
12761169;18230242314;1ere lettre de relance;2023-04-21;2023-05-01;186.48
7066130;10094472317;1ere lettre de relance;2023-04-21;2023-04-28;551.52
4319820;6171172329;1ere lettre de relance;2023-04-21;2023-04-22;1087.77
15528808;22184012304;1ere lettre de relance;2023-04-21;2023-05-02;411.28
12162970;17375672302;1ere lettre de relance;2023-04-21;2023-04-25;199.65
8152488;11646412302;1ere lettre de relance;2023-04-21;2023-05-01;463.1
8152488;11646412302;Mise en demeure;2023-05-02;2023-05-17;478.1
4891958;6988512348;1ere lettre de relance;2023-04-21;2023-05-01;1093.86
4891958;6988512348;Mise en demeure;2023-05-02;2023-05-03;1108.86
14973834;21391192302;1ere lettre de relance;2023-04-21;2023-05-01;339.72
14973834;21391192302;En recouvrement;2023-06-16;2023-06-22;1034.16
14973834;21391192302;Mise en demeure;2023-05-02;2023-06-01;354.72
14973834;21391192302;Annonce du contentieux;2023-06-09;2023-06-15;354.72
14973834;21391192302;Suspension de garanties;2023-06-02;2023-06-08;354.72
4672592;6675132321;1ere lettre de relance;2023-04-21;2023-05-01;999.24
4672592;6675132321;Mise en demeure;2023-05-02;2023-06-01;1014.24
4672592;6675132321;Annonce du contentieux;2023-06-09;2023-06-19;1014.24
4672592;6675132321;Suspension de garanties;2023-06-02;2023-06-08;1014.24
4323166;6175952366;1ere lettre de relance;2023-04-21;2023-05-01;463.74
4323166;6175952366;Mise en demeure;2023-05-02;2023-05-12;478.74
14736667;21052382302;1ere lettre de relance;2023-04-21;2023-05-01;222.87
14736667;21052382302;En recouvrement;2023-06-16;2023-06-22;683.61
14736667;21052382302;Mise en demeure;2023-05-02;2023-06-01;237.87
14736667;21052382302;Annonce du contentieux;2023-06-09;2023-06-15;237.87
14736667;21052382302;Suspension de garanties;2023-06-02;2023-06-08;237.87
15754684;2250669231;1er Impayé;2023-06-13;2023-06-20;113.71
15619598;22313712302;1ere lettre de relance;2023-10-20;2023-11-02;118.08
15619598;22313712302;Mise en demeure;2023-11-03;2023-11-06;133.08
11387013;16267162316;1ere lettre de relance;2023-10-20;2023-11-02;417.36
11387013;16267162316;Mise en demeure;2023-11-03;2023-11-18;432.36
15920626;22743752302;1ere lettre de relance;2023-10-20;2023-11-02;204.87
15920626;22743752302;Mise en demeure;2023-11-03;;219.87
14941550;21345072303;1ere lettre de relance;2023-10-20;2023-10-26;221.16
4747023;6781462322;1ere lettre de relance;2023-10-20;2023-10-23;531.54
15115101;21593002305;1ere lettre de relance;2023-10-20;2023-11-02;209.4
15115101;21593002305;Mise en demeure;2023-11-03;;224.4
8698411;12426302308;1ere lettre de relance;2023-10-20;2023-11-02;526.56
8698411;12426302308;Mise en demeure;2023-11-03;2023-11-15;541.56
16013404;22876292302;1ere lettre de relance;2023-10-20;2023-11-03;244.4
15933674;22762392302;1ere lettre de relance;2023-10-20;2023-11-02;184.83
15933674;22762392302;Mise en demeure;2023-11-03;;199.83
3867207;5524582384;1ere lettre de relance;2023-10-20;2023-10-31;395.1
15647892;22354132303;1ere lettre de relance;2023-10-20;2023-10-29;232.47
11014627;15735182318;1ere lettre de relance;2023-10-20;2023-11-02;283.89
11014627;15735182318;Mise en demeure;2023-11-03;2023-11-10;298.89
4438855;6341222315;1ere lettre de relance;2023-10-20;2023-10-26;522.51
5959871;8514102340;1ere lettre de relance;2023-10-20;2023-11-02;506.37
5959871;8514102340;Mise en demeure;2023-11-03;2023-11-19;521.37
15428757;22041082305;1ere lettre de relance;2023-10-20;2023-11-02;348.36
15428757;22041082305;Mise en demeure;2023-11-03;2023-11-21;247.12
12240789;17486842304;1ere lettre de relance;2023-10-20;2023-10-25;246.84
12395748;17708212311;1ere lettre de relance;2023-10-20;2023-11-02;221.19
15379932;21971332303;1ere lettre de relance;2023-10-20;2023-10-28;102.29
10960223;15657462306;1ere lettre de relance;2023-10-20;2023-11-02;40.92
10960223;15657462306;Mise en demeure;2023-11-03;2023-11-26;55.92
10510032;15014332319;1ere lettre de relance;2023-10-20;2023-11-02;249.18
10510032;15014332319;Mise en demeure;2023-11-03;2023-11-09;264.18
13550020;19357172305;1ere lettre de relance;2023-10-20;2023-11-02;238.77
13550020;19357172305;Mise en demeure;2023-11-03;2023-11-06;253.77
13744004;19634292301;1ere lettre de relance;2023-10-20;2023-10-26;90.6
15207046;21724352303;1ere lettre de relance;2023-10-20;2023-11-02;132.27
15207046;21724352303;Mise en demeure;2023-11-03;;147.27
10406908;14867012330;1ere lettre de relance;2023-10-20;2023-11-02;306.84
10406908;14867012330;Mise en demeure;2023-11-03;2023-11-29;321.84
10613527;15162182327;1ere lettre de relance;2023-02-17;2023-02-21;170.93
12621064;18030092310;Mise en demeure;2023-03-03;2023-03-10;105.06
12621064;18030092310;1ere lettre de relance;2023-02-17;2023-03-02;105.06
15501088;22144412302;Mise en demeure;2023-03-03;2023-03-29;105.06
15573748;22248212302;Mise en demeure;2023-03-03;2023-03-31;53.74
15501088;22144412302;1ere lettre de relance;2023-02-17;2023-03-02;105.06
15573748;22248212302;1ere lettre de relance;2023-02-17;2023-03-02;53.74
9599213;13713162305;1ere lettre de relance;2023-02-17;2023-02-28;20.3
13957819;19939742315;1ere lettre de relance;2023-02-17;2023-02-27;112.59
15528808;22184012302;1ere lettre de relance;2023-02-17;2023-03-03;246.72
14674801;2096400235;1er Impayé;2023-09-14;2023-10-05;43.26
14674801;2096400235;2ème Impayé;2023-10-15;2023-11-02;173.04
14674801;2096400235;Mise en demeure;2023-11-03;;188.04
14875435;2125062232;1er Impayé;2023-09-14;2023-10-05;67.29
14875435;2125062232;2ème Impayé;2023-10-15;2023-11-02;269.16
14875435;2125062232;Mise en demeure;2023-11-03;;284.16
15042686;2148955231;1er Impayé;2023-09-14;2023-09-15;57.69
15239120;2177017232;1er Impayé;2023-09-14;2023-10-05;58.61
15254268;2179181232;1er Impayé;2023-09-14;2023-10-05;34.61
15629713;2232816231;1er Impayé;2023-09-14;2023-09-29;58.73
15693672;2241953233;1er Impayé;2023-09-14;2023-09-29;91.26
15693672;2241953233;2ème Impayé;2023-10-15;2023-11-02;365.04
15693672;2241953233;Mise en demeure;2023-11-03;;380.04
15701239;2243034232;1er Impayé;2023-09-14;2023-10-27;149.68
15703598;2243371231;1er Impayé;2023-09-14;2023-09-29;66.19
15703598;2243371231;2ème Impayé;2023-10-15;2023-11-02;264.76
15703598;2243371231;Mise en demeure;2023-11-03;2023-11-07;279.76
15811188;2258741231;1er Impayé;2023-09-14;2023-09-29;80.73
15820890;2260127233;1er Impayé;2023-09-14;2023-09-29;63.83
15820890;2260127233;Mise en demeure;2023-11-03;;270.32
15872522;2267503231;2ème Impayé;2023-10-09;2023-10-26;287.92
15872522;2267503231;1er Impayé;2023-09-14;2023-09-29;80.23
15872522;2267503231;Mise en demeure;2023-10-27;2023-11-30;302.92
15915467;2273638231;1er Impayé;2023-09-14;2023-09-29;104.89
15943005;2277572231;1er Impayé;2023-09-14;2023-09-29;117.27
15943005;2277572231;Mise en demeure;2023-10-27;2023-11-30;333.81
15971243;2281606231;1er Impayé;2023-09-14;2023-09-29;88.9
15971894;2281699231;1er Impayé;2023-09-14;2023-09-29;116.09
16005046;2286435231;2ème Impayé;2023-10-09;2023-10-26;387.11
16005046;2286435231;1er Impayé;2023-09-14;2023-09-29;147.53
16005046;2286435231;Mise en demeure;2023-10-27;2023-11-30;402.11
16009673;2287096231;Mise en demeure;2023-10-20;2023-11-23;259.78
16009673;2287096231;Suspension de garanties;2023-11-24;2023-11-30;259.78
16009673;2287096231;1er Impayé;2023-09-14;2023-09-29;93.79
16009673;2287096231;2ème Impayé;2023-10-05;2023-10-19;244.78
16009750;2287107231;Mise en demeure;2023-10-20;2023-11-23;408.94
16009750;2287107231;1er Impayé;2023-09-14;2023-09-29;146.62
16009750;2287107231;Suspension de garanties;2023-11-24;2023-11-30;408.94
16009750;2287107231;2ème Impayé;2023-10-05;2023-10-19;393.94
16011402;2287343231;2ème Impayé;2023-10-09;2023-10-26;632.85
16011402;2287343231;1er Impayé;2023-09-14;2023-09-29;219.84
16011402;2287343231;Mise en demeure;2023-10-27;2023-11-30;647.85
16013656;2287665231;Mise en demeure;2023-10-27;2023-11-30;399.76
16013656;2287665231;2ème Impayé;2023-10-10;2023-10-26;384.76
16022119;2288874231;1er Impayé;2023-09-14;2023-09-29;62.52
15820890;2260127233;2ème Impayé;2023-10-15;2023-11-02;255.32
15943005;2277572231;2ème Impayé;2023-10-11;2023-10-26;318.81
16011465;2287352231;1er Impayé;2023-09-14;2023-09-29;108.76
16013656;2287665231;1er Impayé;2023-09-14;2023-10-10;106.69
14899914;2128559231;1er Impayé;2023-09-26;2023-10-15;56.1
14439426;2062775231;1er Impayé;2023-09-26;2023-10-12;136.83
14714330;2102047231;1er Impayé;2023-09-26;2023-10-15;68.6
14899914;2128559231;Mise en demeure;2023-11-10;;239.4
14899914;2128559231;2ème Impayé;2023-10-26;2023-11-09;224.4
15037135;2148162235;1er Impayé;2023-09-26;2023-09-27;119.17
15037135;2148162235;2ème Impayé;2023-11-20;;357.51
15687582;2241083231;1er Impayé;2023-09-26;2023-10-12;59.06
15687582;2241083231;Mise en demeure;2023-10-13;2023-11-13;251.24
16034131;2290590231;1er Impayé;2023-09-26;2023-09-29;78.27
15617610;22310872305;1ere lettre de relance;2023-11-10;2023-11-29;157.64
15510482;22157832301;1ere lettre de relance;2023-11-10;;97.56
16121393;23030562301;1ere lettre de relance;2023-11-10;;280.8
16058659;22940942302;1ere lettre de relance;2023-11-10;;455.1
15747838;2249691231;Mise en demeure;2023-10-27;2023-11-30;236.92
15747838;2249691231;1er Impayé;2023-10-03;2023-10-26;221.92
10894598;15563712327;1ere lettre de relance;2023-04-14;2023-04-23;796.32
14757800;21082572303;1ere lettre de relance;2023-04-14;2023-05-01;1801.38
14757800;21082572303;Mise en demeure;2023-05-02;2023-06-01;1816.38
14757800;21082572303;Annonce du contentieux;2023-06-09;2023-06-13;1816.38
14757800;21082572303;Suspension de garanties;2023-06-02;2023-06-08;1816.38
12536868;17909812306;1ere lettre de relance;2023-04-14;2023-05-01;509.52
12536868;17909812306;En recouvrement;2023-06-16;;1034.04
12536868;17909812306;Suspension de garanties;2023-06-02;2023-06-08;524.52
12536868;17909812306;Annonce du contentieux;2023-06-09;2023-06-15;524.52
12536868;17909812306;Mise en demeure;2023-05-02;2023-06-01;524.52
15244846;21778352302;1ere lettre de relance;2023-04-14;2023-05-01;888.42
15244846;21778352302;Mise en demeure;2023-05-02;2023-05-24;903.42
15944923;2277846231;1er Impayé;2023-07-26;2023-08-04;245.44
8724136;12463052312;1er Impayé;2023-08-09;2023-09-03;66.96
9247792;1321113236;1er Impayé;2023-08-09;2023-09-06;84.37
9474480;1353497233;1er Impayé;2023-08-09;2023-08-22;55.33
9506533;1358076231;1er Impayé;2023-08-09;2023-09-03;161.51
9854797;1407828234;1er Impayé;2023-08-09;2023-09-03;114.94
15944923;2277846231;2ème Impayé;2023-08-24;2023-09-04;261.48
10066792;1438113235;1er Impayé;2023-08-09;2023-09-03;349.18
10066792;1438113235;2ème Impayé;2023-09-07;2023-10-12;698.36
10160375;1451482231;1er Impayé;2023-08-09;2023-09-03;89.6
10162202;1451743233;1er Impayé;2023-08-09;2023-08-20;396.99
10405585;1486512231;1er Impayé;2023-08-09;2023-09-03;41.49
10548623;1506946233;1er Impayé;2023-08-09;2023-09-03;139.14
10637040;1519577231;1er Impayé;2023-08-09;2023-09-03;191.93
10637040;1519577231;Mise en demeure;2023-10-13;2023-11-26;974.65
10637040;1519577231;2ème Impayé;2023-09-07;2023-10-12;383.86
10785678;1540811238;1er Impayé;2023-08-09;2023-09-03;153.39
10835378;1547911233;1er Impayé;2023-08-09;2023-09-03;231.09
11218068;1602581231;1er Impayé;2023-08-09;2023-09-03;105.06
11233363;1604766233;1er Impayé;2023-08-09;2023-08-24;247.54
11233363;1604766233;Mise en demeure;2023-08-25;2023-08-30;247.54
11235001;1605000231;1er Impayé;2023-08-09;2023-09-03;173.04
11327744;1618249231;1er Impayé;2023-08-09;2023-09-03;113.73
13842186;19774552302;1ere lettre de relance;2023-03-17;2023-04-04;188.34
8725403;12464862343;1ere lettre de relance;2023-03-17;2023-03-29;274.31
15504399;22149142302;1ere lettre de relance;2023-03-17;2023-03-19;72.1
15714350;22449072301;1ere lettre de relance;2023-03-17;2023-03-24;78.6
15704438;22434912301;1ere lettre de relance;2023-03-17;2023-03-24;320.22
15535164;22193092301;1ere lettre de relance;2023-03-17;2023-03-28;370.58
15225358;21750512302;1ere lettre de relance;2023-03-17;2023-03-28;87.91
11127215;15896022377;1ere lettre de relance;2023-03-17;2023-03-27;150.01
15622384;22317692301;1ere lettre de relance;2023-03-17;2023-03-24;165.82
14980127;21400182310;1ere lettre de relance;2023-03-17;2023-03-21;57.41
12989922;18557032308;1ere lettre de relance;2023-03-17;2023-03-23;90.19
15430472;22043532301;1ere lettre de relance;2023-03-17;2023-04-11;124.49
15715400;22450572301;1ere lettre de relance;2023-03-17;2023-04-02;165.07
10257066;14652952308;1ere lettre de relance;2023-03-17;2023-04-05;120.96
10257066;14652952308;2ème Impayé;2023-04-11;2023-05-01;491.31
10257066;14652952308;Mise en demeure;2023-05-02;2023-05-08;506.31
15622636;22318052301;1ere lettre de relance;2023-03-17;2023-03-24;172.33
14246688;20352412304;1ere lettre de relance;2023-03-17;2023-03-21;43.65
5749192;8213132301;Mise en demeure;2023-04-14;2023-04-20;1006.68
5749192;8213132301;1ere lettre de relance;2023-03-17;2023-04-13;247.92
14222258;20317512312;Mise en demeure;2023-04-14;2023-05-09;293.1
14222258;20317512312;1ere lettre de relance;2023-03-17;2023-04-13;153.75
11923577;17033682307;1ere lettre de relance;2023-03-17;2023-04-12;63.89
10613527;15162182328;1ere lettre de relance;2023-03-17;2023-03-25;170.93
11333155;1619022234;1er Impayé;2023-05-24;2023-06-13;45.69
11597237;1656748236;1er Impayé;2023-05-24;2023-06-13;79.14
12574304;1796329235;1er Impayé;2023-05-24;2023-06-13;166.91
13003964;1857709233;1er Impayé;2023-05-24;2023-06-13;92.03
12889871;1841410238;1er Impayé;2023-05-24;2023-06-13;121.77
13582227;1940318234;1er Impayé;2023-05-24;2023-06-13;142.45
13802699;1971814231;1er Impayé;2023-05-24;2023-06-13;99.9
14478346;2068335236;1er Impayé;2023-05-24;2023-06-07;331.44
14478346;2068335236;2ème Impayé;2023-06-07;2023-09-07;331.44
14478346;2068335236;Mise en demeure;2023-09-08;2023-10-26;299.88
14480502;2068643231;1er Impayé;2023-05-24;2023-06-13;66.98
14599628;2085661233;1er Impayé;2023-05-24;2023-06-13;47.86
15323638;2189091231;1er Impayé;2023-05-24;2023-06-01;83.63
15366002;2195143231;1er Impayé;2023-05-24;2023-06-13;99.9
15429576;2204225231;1er Impayé;2023-05-24;2023-06-13;49.67
15655816;2236545231;1er Impayé;2023-05-24;2023-06-13;80.62
15683746;2240535231;1er Impayé;2023-05-24;2023-05-26;109.54
15719019;2245574231;1er Impayé;2023-05-24;2023-06-02;226.92
15719019;2245574231;Mise en demeure;2023-07-14;2023-08-13;1149.6
15719019;2245574231;2ème Impayé;2023-06-22;2023-07-13;453.84
15842233;2263176231;1er Impayé;2023-05-24;2023-06-12;78.0
15845999;2263714231;1er Impayé;2023-05-24;2023-06-01;149.3
15857339;2265334231;1er Impayé;2023-05-24;2023-06-01;69.03
14478346;2068335236;Suspension de garanties;2023-10-27;2023-11-02;134.16
14480502;2068643231;2ème Impayé;2023-06-25;2023-07-27;133.96
15558082;2222583231;1er Impayé;2023-05-31;2023-06-15;111.7
15558082;2222583231;Mise en demeure;2023-06-16;2023-07-06;126.7
11514700;1644957234;1er Impayé;2023-07-23;2023-08-10;462.66
11514700;1644957234;Mise en demeure;2023-08-11;2023-09-14;477.66
11514700;1644957234;Suspension de garanties;2023-09-15;2023-09-20;323.44
15410053;2201436232;1er Impayé;2023-03-02;2023-03-07;124.25
11127215;15896022378;1ere lettre de relance;2023-04-21;2023-04-26;150.01
12978288;18540412308;1ere lettre de relance;2023-04-21;2023-05-01;225.84
12978288;18540412308;Mise en demeure;2023-05-02;2023-05-14;240.84
13452209;19217442312;1ere lettre de relance;2023-04-21;2023-05-01;251.67
13452209;19217442312;En recouvrement;2023-06-16;2023-07-02;770.01
13452209;19217442312;Annonce du contentieux;2023-06-09;2023-06-15;266.67
13452209;19217442312;Suspension de garanties;2023-06-02;2023-06-08;266.67
13452209;19217442312;Mise en demeure;2023-05-02;2023-06-01;266.67
11305792;16151132304;1ere lettre de relance;2023-04-21;2023-05-01;266.96
11305792;16151132304;Mise en demeure;2023-05-02;2023-05-11;281.96
14716122;21023032304;1ere lettre de relance;2023-04-21;2023-05-01;237.27
14716122;21023032304;Mise en demeure;2023-05-02;2023-05-21;252.27
477982;682832315;1ere lettre de relance;2023-04-21;2023-05-01;467.67
477982;682832315;Mise en demeure;2023-05-02;2023-05-09;482.67
15452599;22075142302;1ere lettre de relance;2023-04-21;2023-05-01;111.7
15452599;22075142302;Mise en demeure;2023-05-02;2023-05-11;126.7
13510701;19301002312;1ere lettre de relance;2023-04-21;2023-05-01;127.23
13510701;19301002312;Mise en demeure;2023-05-02;2023-05-09;142.23
7777281;11110402302;1ere lettre de relance;2023-04-21;2023-05-08;503.81
9665265;13807522328;1ere lettre de relance;2023-04-21;2023-05-01;381.93
9665265;13807522328;Mise en demeure;2023-05-02;2023-05-15;396.93
4646468;6637812331;1ere lettre de relance;2023-04-21;2023-05-01;549.81
4646468;6637812331;Mise en demeure;2023-05-02;2023-05-05;564.81
5136013;7337162349;1ere lettre de relance;2023-04-21;2023-04-27;1883.01
13424650;19178072307;1ere lettre de relance;2023-04-21;2023-04-27;128.85
14578313;20826162304;1ere lettre de relance;2023-04-21;2023-04-26;240.45
9932581;14189402306;1ere lettre de relance;2023-04-21;2023-04-24;215.82
7025068;10035812323;Mise en demeure;2023-05-02;2023-05-22;351.66
13048652;18640932303;1ere lettre de relance;2023-04-21;2023-04-24;218.79
7025068;10035812323;1ere lettre de relance;2023-04-21;2023-05-01;336.66
12087328;17267612301;1ere lettre de relance;2023-04-21;2023-05-01;333.15
15428407;22040582304;1ere lettre de relance;2023-04-21;2023-05-01;345.66
15428407;22040582304;Mise en demeure;2023-05-02;2023-06-01;245.66
7028526;10040752331;1ere lettre de relance;2023-04-21;2023-05-01;885.12
7028526;10040752331;Mise en demeure;2023-05-02;2023-06-01;900.12
14525407;20750582302;1ere lettre de relance;2023-04-21;2023-04-27;187.65
11000970;15715672313;1ere lettre de relance;2023-04-21;2023-05-01;680.79
11000970;15715672313;Mise en demeure;2023-05-02;2023-05-28;695.79
15622384;22317692302;1ere lettre de relance;2023-04-21;2023-05-01;630.28
15622384;22317692302;Mise en demeure;2023-05-02;2023-05-11;645.28
14836053;21194362304;1ere lettre de relance;2023-04-21;2023-05-01;164.4
14836053;21194362304;Mise en demeure;2023-05-02;2023-05-28;179.4
11980116;17114452312;1ere lettre de relance;2023-04-21;2023-04-25;82.64
7038179;10054542343;1ere lettre de relance;2023-04-21;2023-05-01;1670.43
7038179;10054542343;Mise en demeure;2023-05-02;2023-05-15;1685.43
9524656;13606652302;1ere lettre de relance;2023-04-21;2023-05-01;525.03
9524656;13606652302;Annonce du contentieux;2023-06-09;2023-06-13;540.03
9524656;13606652302;Mise en demeure;2023-05-02;2023-06-01;540.03
9524656;13606652302;Suspension de garanties;2023-06-02;2023-06-08;540.03
9047830;12925472328;1ere lettre de relance;2023-04-21;2023-04-28;212.37
14251168;20358812304;1ere lettre de relance;2023-04-21;2023-05-01;447.18
14251168;20358812304;Mise en demeure;2023-05-02;2023-06-01;462.18
14251168;20358812304;Suspension de garanties;2023-06-02;2023-06-06;462.18
13849375;19784822302;1ere lettre de relance;2023-04-21;2023-05-01;251.34
13849375;19784822302;Mise en demeure;2023-05-02;2023-05-12;266.34
8025060;11464372315;1ere lettre de relance;2023-04-21;2023-05-01;1083.51
8025060;11464372315;Mise en demeure;2023-05-02;2023-05-09;1098.51
8425810;12036872327;1ere lettre de relance;2023-04-21;2023-04-24;621.78
9838991;14055702305;1ere lettre de relance;2023-04-21;2023-05-02;448.62
12736452;18194932302;1ere lettre de relance;2023-04-21;2023-05-01;561.93
15324051;21891502302;1ere lettre de relance;2023-04-21;2023-05-01;185.19
15324051;21891502302;Mise en demeure;2023-05-02;2023-05-09;200.19
15166572;21666532303;1ere lettre de relance;2023-04-21;2023-05-01;151.32
15166572;21666532303;Mise en demeure;2023-05-02;2023-05-24;166.32
14956936;21367052303;1ere lettre de relance;2023-04-21;2023-05-01;230.73
14956936;21367052303;Mise en demeure;2023-05-02;2023-06-01;245.73
14956936;21367052303;Annonce du contentieux;2023-06-09;2023-06-11;245.73
14956936;21367052303;Suspension de garanties;2023-06-02;2023-06-08;245.73
15604716;22292452302;1ere lettre de relance;2023-04-21;2023-06-01;196.63
15604716;22292452302;Mise en demeure;2023-06-02;2023-07-06;211.63
15604716;22292452302;Suspension de garanties;2023-07-07;2023-07-13;211.63
15604716;22292452302;Annonce du contentieux;2023-07-14;2023-10-11;211.63
9041726;12916752333;1ere lettre de relance;2023-04-21;2023-05-02;588.18
14924407;21320582301;1ere lettre de relance;2023-04-21;2023-05-01;342.04
14924407;21320582301;Mise en demeure;2023-05-02;2023-05-30;357.04
3924264;5606092326;1ere lettre de relance;2023-04-21;2023-04-23;684.78
7997620;11425172307;1ere lettre de relance;2023-04-21;2023-05-01;307.56
7997620;11425172307;Mise en demeure;2023-05-02;2023-05-09;322.56
14557992;20797132303;1ere lettre de relance;2023-04-21;2023-05-01;144.58
15122325;21603322303;1ere lettre de relance;2023-04-21;2023-05-01;120.94
15122325;21603322303;Mise en demeure;2023-05-02;2023-05-08;135.94
7927865;11325522322;1ere lettre de relance;2023-04-21;2023-05-01;484.86
7927865;11325522322;Mise en demeure;2023-05-02;2023-05-15;499.86
11463061;16375802304;1ere lettre de relance;2023-04-21;2023-04-23;172.74
15308168;21868812302;1ere lettre de relance;2023-04-21;2023-05-01;217.38
15308168;21868812302;En recouvrement;2023-06-16;2023-07-04;667.14
15308168;21868812302;Mise en demeure;2023-05-02;2023-06-01;232.38
15308168;21868812302;Annonce du contentieux;2023-06-09;2023-06-15;232.38
15308168;21868812302;Suspension de garanties;2023-06-02;2023-06-08;232.38
5162179;7374542305;1ere lettre de relance;2023-10-20;2023-10-22;897.03
15572516;22246452302;1ere lettre de relance;2023-10-20;2023-11-02;286.35
15572516;22246452302;Mise en demeure;2023-11-03;;301.35
15779380;22541972302;1ere lettre de relance;2023-10-20;2023-10-30;173.01
4952109;7074442358;1ere lettre de relance;2023-10-20;2023-10-29;827.97
4473057;6390082304;1ere lettre de relance;2023-10-20;2023-10-26;495.63
13573687;19390982305;1ere lettre de relance;2023-10-20;2023-11-02;736.89
13573687;19390982305;Mise en demeure;2023-11-03;2023-11-30;501.89
11199273;15998962305;1ere lettre de relance;2023-10-20;2023-11-02;246.84
11199273;15998962305;Mise en demeure;2023-11-03;2023-11-07;246.84
3968063;5668662359;1ere lettre de relance;2023-10-20;2023-10-30;544.53
99471;142102340;1ere lettre de relance;2023-10-20;2023-11-02;1125.84
99471;142102340;Mise en demeure;2023-11-03;;1140.84
13849620;19785172310;1ere lettre de relance;2023-10-20;2023-11-02;355.29
13849620;19785172310;Mise en demeure;2023-11-03;;370.29
4736103;6765862334;1ere lettre de relance;2023-10-20;2023-10-25;589.53
14068377;20097682303;1ere lettre de relance;2023-10-20;2023-10-25;191.31
14244245;20348922308;1ere lettre de relance;2023-10-20;2023-11-02;199.59
14244245;20348922308;Mise en demeure;2023-11-03;2023-11-14;214.59
4671549;6673642332;Mise en demeure;2023-11-03;2023-11-15;528.81
4459715;6371022308;Mise en demeure;2023-11-03;2023-11-15;482.67
4671549;6673642332;1ere lettre de relance;2023-10-20;2023-11-02;513.81
4459715;6371022308;1ere lettre de relance;2023-10-20;2023-11-02;467.67
15341390;21916272305;1ere lettre de relance;2023-10-20;2023-11-02;118.92
14720224;21028892304;1ere lettre de relance;2023-10-20;2023-11-01;229.26
16029630;22899472301;1ere lettre de relance;2023-10-20;2023-11-02;274.13
16029630;22899472301;Mise en demeure;2023-11-03;2023-11-28;289.13
13476828;19252612303;1ere lettre de relance;2023-10-20;2023-11-02;297.48
13476828;19252612303;Mise en demeure;2023-11-03;2023-11-19;312.48
93843;134062381;1ere lettre de relance;2023-10-20;2023-11-02;856.74
93843;134062381;Mise en demeure;2023-11-03;2023-11-05;871.74
15232708;21761012305;1ere lettre de relance;2023-10-20;2023-11-02;308.42
15232708;21761012305;Mise en demeure;2023-11-03;2023-11-15;323.42
4392424;6274892328;1ere lettre de relance;2023-10-20;2023-10-25;852.66
10351748;14788212324;1ere lettre de relance;2023-10-20;2023-11-02;335.97
10351748;14788212324;Mise en demeure;2023-11-03;2023-11-09;350.97
14089867;20128382309;1ere lettre de relance;2023-10-20;2023-11-02;217.77
14089867;20128382309;Mise en demeure;2023-11-03;2023-11-08;232.77
4668637;6669482322;1ere lettre de relance;2023-10-20;2023-11-02;611.55
4668637;6669482322;Mise en demeure;2023-11-03;2023-11-15;626.55
8794108;12563012344;1ere lettre de relance;2023-10-20;2023-10-23;227.99
10202578;14575112306;1ere lettre de relance;2023-10-20;2023-11-02;681.32
10202578;14575112306;Mise en demeure;2023-11-03;2023-11-26;696.32
14026573;20037962307;1ere lettre de relance;2023-10-20;2023-11-02;319.96
14026573;20037962307;Mise en demeure;2023-11-03;;334.96
12302389;17574842304;1ere lettre de relance;2023-10-20;2023-11-02;85.35
12302389;17574842304;Mise en demeure;2023-11-03;2023-11-05;100.35
15965510;22807872302;1ere lettre de relance;2023-11-10;;237.8
16124389;23034842301;1ere lettre de relance;2023-11-10;2023-11-24;212.85
16111075;23015822301;1ere lettre de relance;2023-11-10;;337.43
5781630;8259472330;Mise en demeure;2023-04-14;2023-05-04;533.04
5781630;8259472330;1er Impayé;2023-03-23;2023-04-13;518.04
12351732;17645332307;1ere lettre de relance;2023-04-14;2023-05-01;629.1
12351732;17645332307;Mise en demeure;2023-05-02;2023-05-30;644.1
13849578;19785112305;1ere lettre de relance;2023-04-14;2023-05-01;382.24
13849578;19785112305;Mise en demeure;2023-05-02;2023-10-30;580.86
207859;296942327;1ere lettre de relance;2023-04-14;2023-04-25;1155.18
13930127;19900182308;Mise en demeure;2023-05-02;2023-05-03;234.28
13930127;19900182308;1ere lettre de relance;2023-04-14;2023-05-01;140.91
14668872;20955532301;1ere lettre de relance;2023-02-24;2023-03-09;171.5
14668872;20955532301;Mise en demeure;2023-03-10;2023-03-28;186.5
11562475;1651782231;1er Impayé;2023-08-09;2023-09-03;159.42
11562741;1651820233;1er Impayé;2023-08-09;2023-08-11;57.56
11674251;1667750234;1er Impayé;2023-08-09;2023-10-20;191.73
12011952;1715993233;1er Impayé;2023-08-09;2023-09-03;221.99
12301801;1757400233;1er Impayé;2023-08-09;2023-09-03;101.74
12367615;1766802237;Suspension de garanties;2023-11-24;2023-11-30;237.0
12367615;1766802237;1er Impayé;2023-08-09;2023-09-03;44.4
12367615;1766802237;Mise en demeure;2023-10-13;2023-11-23;237.0
12367615;1766802237;2ème Impayé;2023-09-07;2023-10-12;88.8
12609556;1801365231;1er Impayé;2023-08-09;2023-09-03;47.98
12655042;1807863234;1er Impayé;2023-08-09;2023-09-03;110.6
12662903;18089862311;1er Impayé;2023-08-09;2023-08-10;65.48
12663638;1809091234;1er Impayé;2023-08-09;2023-09-03;128.1
12791619;1827374234;1er Impayé;2023-08-09;2023-09-03;66.79
12885272;1840753231;1er Impayé;2023-08-09;2023-09-03;163.07
12942455;1848922236;1er Impayé;2023-08-09;2023-09-03;80.97
13126352;1875193231;1er Impayé;2023-08-09;2023-08-21;549.22
13196884;1885269231;Mise en demeure;2023-10-20;2023-11-30;816.35
13196884;1885269231;1er Impayé;2023-08-09;2023-09-03;160.27
13196884;1885269231;2ème Impayé;2023-09-07;2023-10-19;320.54
13228944;1889849232;1er Impayé;2023-08-09;2023-09-03;132.79
13337045;1905292239;1er Impayé;2023-08-09;2023-09-03;48.55
13337465;1905352231;1er Impayé;2023-08-09;2023-09-03;66.24
13371317;1910188237;1er Impayé;2023-08-09;2023-09-01;144.57
13957819;19939742316;1ere lettre de relance;2023-03-17;2023-03-29;112.59
15528808;22184012303;1ere lettre de relance;2023-03-17;2023-03-31;329.0
15339780;21913972303;1ere lettre de relance;2023-03-17;2023-03-22;44.23
15576457;22252082301;1ere lettre de relance;2023-03-17;2023-04-12;76.37
88047;125782323;Mise en demeure;2023-04-14;2023-05-04;454.92
88047;125782323;1ere lettre de relance;2023-03-17;2023-04-13;219.96
11144883;15921262312;1ere lettre de relance;2023-03-17;2023-04-02;15.01
11198853;15998362315;1ere lettre de relance;2023-03-17;2023-04-03;76.84
8313299;1187614231;1er Impayé;2023-06-06;2023-07-05;432.2
9214080;1316297234;1er Impayé;2023-06-06;2023-06-07;208.5
13051536;1864505235;1er Impayé;2023-06-06;2023-07-03;172.56
13313322;1901903232;1er Impayé;2023-06-06;2023-07-13;47.77
13313322;1901903232;Mise en demeure;2023-07-14;2023-07-26;206.08
13805261;1972180232;1er Impayé;2023-06-06;2023-06-09;58.95
14576227;2082318231;1er Impayé;2023-06-06;2023-06-22;78.87
15284865;2183552232;1er Impayé;2023-06-06;2023-07-03;81.38
15305550;2186507231;1er Impayé;2023-06-06;2023-06-07;141.71
15305550;2186507231;2ème Impayé;2023-07-06;2023-07-16;424.84
15369047;2195578231;1er Impayé;2023-06-06;2023-07-03;66.47
15692692;2241813231;1er Impayé;2023-06-06;2023-06-30;151.8
15781032;2254433231;1er Impayé;2023-06-06;2023-06-30;209.82
15823445;2260492231;1er Impayé;2023-06-06;2023-06-08;136.0
15493451;2213350232;1er Impayé;2023-07-23;2023-07-24;179.19
15493549;2213364233;1er Impayé;2023-07-23;2023-07-24;143.1
15549031;2221290232;1er Impayé;2023-07-23;2023-07-30;482.52
10187213;1455316233;1er Impayé;2023-08-08;2023-08-24;104.56
10187213;1455316233;Mise en demeure;2023-08-25;2023-09-07;119.56
10278339;1468334232;1er Impayé;2023-08-08;2023-09-03;95.84
13051536;1864505236;1er Impayé;2023-08-08;2023-09-03;172.56
13052831;1864690233;1er Impayé;2023-08-08;2023-08-21;199.1
13136278;1876611234;1er Impayé;2023-08-08;2023-08-24;158.32
13136278;1876611234;Mise en demeure;2023-08-25;2023-09-03;173.32
14920326;2131475231;1er Impayé;2023-08-08;2023-08-21;90.35
15000952;2142993232;1er Impayé;2023-08-08;2023-09-03;147.58
15000952;2142993232;2ème Impayé;2023-09-05;2023-10-04;295.16
15258538;2179791231;1er Impayé;2023-08-08;2023-08-09;188.07
15263501;2180500231;1er Impayé;2023-08-08;2023-08-09;68.19
15284865;2183552233;1er Impayé;2023-08-08;2023-09-03;81.38
15284865;2183552233;2ème Impayé;2023-09-06;2023-09-28;162.76
15383474;2197639231;1er Impayé;2023-08-08;2023-09-03;221.94
15410872;2201553233;1er Impayé;2023-08-08;2023-08-24;692.04
15410872;2201553233;Mise en demeure;2023-08-25;2023-08-28;707.04
15411383;2201626231;1er Impayé;2023-08-08;2023-09-03;75.23
15522452;2217493232;1er Impayé;2023-08-08;2023-08-11;82.48
15534863;2219266232;1er Impayé;2023-08-08;2023-08-10;93.85
15575820;2225117231;1er Impayé;2023-08-08;2023-09-01;187.47
15632653;2233236234;1er Impayé;2023-08-08;2023-09-03;123.61
15729267;2247038231;1er Impayé;2023-08-08;2023-09-03;89.61
15823816;2260545231;1er Impayé;2023-08-08;2023-09-29;173.24
15409892;22014132301;1ere lettre de relance;2023-04-21;2023-05-10;356.82
14833659;21190942302;1ere lettre de relance;2023-04-21;2023-04-23;660.9
5020051;7171502303;1ere lettre de relance;2023-04-21;2023-04-27;1062.59
14980127;21400182311;1ere lettre de relance;2023-04-21;2023-05-01;57.41
14980127;21400182311;Mise en demeure;2023-05-02;2023-05-10;129.82
5097947;7282782348;1ere lettre de relance;2023-04-21;2023-05-01;1143.36
5097947;7282782348;Mise en demeure;2023-05-02;2023-05-11;1158.36
12030887;17186982316;1ere lettre de relance;2023-04-21;2023-05-01;148.56
12030887;17186982316;Mise en demeure;2023-05-02;2023-05-10;163.56
15640717;22343882301;1ere lettre de relance;2023-04-21;2023-05-01;206.37
15640717;22343882301;Mise en demeure;2023-05-02;2023-05-10;221.37
8721105;12458722330;1ere lettre de relance;2023-04-21;2023-05-01;221.94
8721105;12458722330;Mise en demeure;2023-05-02;2023-05-03;236.94
15377846;21968352303;1ere lettre de relance;2023-04-21;2023-05-01;189.6
15377846;21968352303;En recouvrement;2023-06-16;2023-06-27;583.8
15377846;21968352303;Mise en demeure;2023-05-02;2023-06-01;204.6
15377846;21968352303;Annonce du contentieux;2023-06-09;2023-06-15;204.6
15377846;21968352303;Suspension de garanties;2023-06-02;2023-06-08;204.6
9855000;14078572313;1ere lettre de relance;2023-04-21;2023-05-01;235.65
9855000;14078572313;Annonce du contentieux;2023-06-09;2023-06-15;250.65
9855000;14078572313;Mise en demeure;2023-05-02;2023-06-01;250.65
9855000;14078572313;Suspension de garanties;2023-06-02;2023-06-08;250.65
14678882;20969832303;1ere lettre de relance;2023-04-21;2023-05-01;132.3
15121198;21601712304;1ere lettre de relance;2023-04-21;2023-05-02;200.67
7904303;11291862361;1ere lettre de relance;2023-04-21;2023-05-01;306.45
7904303;11291862361;Mise en demeure;2023-05-02;2023-05-03;321.45
14783504;21119292305;1ere lettre de relance;2023-04-21;2023-05-01;283.65
14783504;21119292305;Mise en demeure;2023-05-02;2023-07-04;298.65
15559531;22227902302;1ere lettre de relance;2023-04-21;2023-05-01;351.65
15559531;22227902302;Mise en demeure;2023-05-02;2023-05-10;366.65
11136007;15908582326;1ere lettre de relance;2023-04-21;2023-05-01;305.16
11136007;15908582326;En recouvrement;2023-06-16;2023-07-09;930.48
11136007;15908582326;Annonce du contentieux;2023-06-09;2023-06-15;320.16
11136007;15908582326;Mise en demeure;2023-05-02;2023-06-01;320.16
11136007;15908582326;Suspension de garanties;2023-06-02;2023-06-08;320.16
647494;924992344;1ere lettre de relance;2023-04-21;2023-05-01;305.58
647494;924992344;Mise en demeure;2023-05-02;2023-05-12;320.58
11779727;16828182310;1ere lettre de relance;2023-04-21;2023-05-02;952.88
10219147;14598782315;1ere lettre de relance;2023-04-21;2023-05-01;604.47
10219147;14598782315;Mise en demeure;2023-05-02;2023-05-14;619.47
14886334;21266192306;1ere lettre de relance;2023-04-21;2023-05-01;355.44
14886334;21266192306;Mise en demeure;2023-05-02;2023-05-22;370.44
15286685;21838122302;1ere lettre de relance;2023-04-21;2023-05-01;221.13
15286685;21838122302;Mise en demeure;2023-05-02;2023-05-16;236.13
14664392;20949132305;1ere lettre de relance;2023-04-21;2023-05-01;100.0
14664392;20949132305;Mise en demeure;2023-05-02;2023-05-04;115.0
6056660;8652372308;1ere lettre de relance;2023-04-21;2023-04-26;663.57
9577401;13682002306;1ere lettre de relance;2023-04-21;2023-05-01;459.3
9577401;13682002306;Mise en demeure;2023-05-02;2023-05-26;474.3
15369775;21956822302;1ere lettre de relance;2023-04-21;2023-05-01;311.82
15369775;21956822302;2ème Impayé;2023-06-25;2023-06-26;103.0
13991412;19987732308;1ere lettre de relance;2023-04-21;2023-05-01;213.78
13991412;19987732308;Annonce du contentieux;2023-06-09;2023-06-14;228.78
13991412;19987732308;Suspension de garanties;2023-06-02;2023-06-08;228.78
13991412;19987732308;Mise en demeure;2023-05-02;2023-06-01;228.78
15602070;22288672302;1ere lettre de relance;2023-04-21;2023-05-01;118.59
15602070;22288672302;Mise en demeure;2023-05-02;2023-05-05;133.59
5682986;8118552319;1ere lettre de relance;2023-04-21;2023-05-01;812.85
5682986;8118552319;Mise en demeure;2023-05-02;2023-06-01;827.85
5682986;8118552319;Suspension de garanties;2023-06-02;2023-06-16;827.85
6112499;8732142305;1ere lettre de relance;2023-04-21;2023-05-01;1098.48
6112499;8732142305;Mise en demeure;2023-05-02;2023-05-08;1113.48
9662682;13803832303;1ere lettre de relance;2023-04-21;2023-05-01;160.29
9662682;13803832303;Mise en demeure;2023-05-02;2023-05-03;175.29
5086607;7266582325;1ere lettre de relance;2023-04-21;2023-04-22;870.66
15608671;22298102301;1ere lettre de relance;2023-04-21;2023-05-01;141.89
15608671;22298102301;Mise en demeure;2023-05-02;2023-06-01;156.89
15608671;22298102301;Suspension de garanties;2023-06-02;2023-06-11;156.89
15642544;22346492302;1ere lettre de relance;2023-04-21;2023-05-18;722.7
15642544;22346492302;Suspension de garanties;2023-06-23;2023-06-25;255.9
15642544;22346492302;Mise en demeure;2023-05-19;2023-06-22;496.8
14038634;20055192305;1ere lettre de relance;2023-04-21;2023-05-01;384.81
14038634;20055192305;Mise en demeure;2023-05-02;2023-05-12;399.81
15278222;21826032302;1ere lettre de relance;2023-04-21;2023-05-01;256.65
15278222;21826032302;Mise en demeure;2023-05-02;2023-05-22;271.65
4312435;6160622378;1ere lettre de relance;2023-04-21;2023-05-01;279.98
4312435;6160622378;Mise en demeure;2023-05-02;2023-05-08;294.98
249341;356202340;1ere lettre de relance;2023-04-21;2023-05-01;766.32
249341;356202340;Mise en demeure;2023-05-02;2023-05-11;781.32
15023555;21462222303;1ere lettre de relance;2023-04-21;2023-05-01;84.33
15023555;21462222303;Mise en demeure;2023-05-02;2023-05-10;99.33
15291466;21844952301;1ere lettre de relance;2023-04-21;2023-05-18;519.63
15291466;21844952301;Mise en demeure;2023-05-19;2023-05-25;361.42
11670863;16672662309;1ere lettre de relance;2023-04-21;2023-04-23;234.03
7273232;10390332338;1ere lettre de relance;2023-04-21;2023-05-01;435.9
7273232;10390332338;Mise en demeure;2023-05-02;2023-05-16;450.9
10815967;15451382313;1ere lettre de relance;2023-04-21;2023-04-26;189.69
13867407;19810582302;1ere lettre de relance;2023-04-21;2023-05-01;60.4
13867407;19810582302;Mise en demeure;2023-05-02;2023-05-12;135.84
11791942;16845632310;1ere lettre de relance;2023-04-21;2023-04-25;450.75
14349931;20499902307;1ere lettre de relance;2023-04-21;2023-05-01;145.95
14349931;20499902307;Mise en demeure;2023-05-02;2023-05-10;160.95
8866250;12666072313;1er Impayé;2023-04-24;2023-04-30;206.65
9132761;1304680238;1er Impayé;2023-04-24;2023-05-02;175.43
9663284;1380469232;1er Impayé;2023-04-24;2023-05-10;194.46
11045700;1577957237;1er Impayé;2023-04-24;2023-05-10;69.54
11359811;1622830231;1er Impayé;2023-04-24;2023-05-10;58.37
11392956;1627565239;1er Impayé;2023-04-24;2023-05-10;73.62
12195674;1742239231;1er Impayé;2023-04-24;2023-05-10;111.15
5545191;7921702374;1ere lettre de relance;2023-10-20;2023-10-26;624.72
15263417;21804882304;1ere lettre de relance;2023-10-20;2023-11-02;182.4
15263417;21804882304;Mise en demeure;2023-11-03;;197.4
10121616;14459452305;1ere lettre de relance;2023-10-20;2023-11-02;842.91
10121616;14459452305;Mise en demeure;2023-11-03;;857.91
13797316;19710452309;1ere lettre de relance;2023-10-20;2023-11-02;153.6
13797316;19710452309;Mise en demeure;2023-11-03;2023-11-23;168.6
15987266;22838952302;1ere lettre de relance;2023-10-20;2023-11-02;275.34
15987266;22838952302;Mise en demeure;2023-11-03;;290.34
15870842;22672632302;1ere lettre de relance;2023-10-20;2023-11-02;207.75
15870842;22672632302;Mise en demeure;2023-11-03;2023-11-29;222.75
10762599;15375142307;1ere lettre de relance;2023-10-20;2023-11-02;307.56
10762599;15375142307;Mise en demeure;2023-11-03;2023-11-16;322.56
3975483;5679262331;1ere lettre de relance;2023-10-20;2023-11-02;413.37
3975483;5679262331;Mise en demeure;2023-11-03;;428.37
8015491;11450702325;1ere lettre de relance;2023-10-20;2023-11-02;859.86
8631680;12330972331;1ere lettre de relance;2023-10-20;2023-11-02;177.18
8631680;12330972331;Mise en demeure;2023-11-03;2023-11-13;192.18
14774614;21106592304;Mise en demeure;2023-11-03;2023-11-10;602.34
15982128;22831612302;Mise en demeure;2023-11-03;2023-11-06;126.76
14774614;21106592304;1ere lettre de relance;2023-10-20;2023-11-02;587.34
15982128;22831612302;1ere lettre de relance;2023-10-20;2023-11-02;49.92
15828569;22612242302;1ere lettre de relance;2023-10-20;2023-11-02;286.35
15828569;22612242302;Mise en demeure;2023-11-03;;301.35
14147855;20211222306;1ere lettre de relance;2023-10-20;2023-11-02;53.74
14147855;20211222306;Mise en demeure;2023-11-03;2023-11-14;53.74
11132325;15903322330;1ere lettre de relance;2023-10-20;2023-10-29;130.46
12590957;17987082309;1ere lettre de relance;2023-10-20;2023-11-02;410.22
12590957;17987082309;Mise en demeure;2023-11-03;2023-11-15;425.22
5495652;7850932348;1ere lettre de relance;2023-10-20;2023-11-01;1096.08
4454738;6363912306;1ere lettre de relance;2023-10-20;2023-11-02;1070.46
4454738;6363912306;Mise en demeure;2023-11-03;2023-11-07;1085.46
12180148;17400212315;1ere lettre de relance;2023-10-20;2023-10-23;148.23
9817235;14024622312;1ere lettre de relance;2023-10-20;2023-11-02;278.58
9817235;14024622312;Mise en demeure;2023-11-03;2023-11-05;293.58
3894430;5563472315;1ere lettre de relance;2023-10-20;2023-11-01;847.8
13147786;18782552313;1ere lettre de relance;2023-10-20;2023-11-02;351.39
13147786;18782552313;Mise en demeure;2023-11-03;;366.39
4311973;6159962313;1ere lettre de relance;2023-10-20;2023-10-24;322.11
15909979;22728542302;1ere lettre de relance;2023-10-20;2023-11-02;193.8
15909979;22728542302;Mise en demeure;2023-11-03;;208.8
5154304;7363292316;1ere lettre de relance;2023-10-20;2023-10-30;894.06
4671542;6673632332;1ere lettre de relance;2023-10-20;2023-11-02;625.65
4671542;6673632332;Mise en demeure;2023-11-03;2023-11-15;640.65
4629283;6613262337;1ere lettre de relance;2023-10-20;2023-10-28;486.77
15705264;22436092301;1ere lettre de relance;2023-04-14;2023-05-01;117.08
15705264;22436092301;Mise en demeure;2023-05-02;2023-05-09;117.08
14209686;20299552303;1ere lettre de relance;2023-04-14;2023-05-01;275.88
11269847;16099782304;1ere lettre de relance;2023-04-14;2023-05-01;953.52
11269847;16099782304;Mise en demeure;2023-05-02;2023-05-24;968.52
7913956;11305652337;1er Impayé;2023-04-26;2023-04-27;509.67
7913956;11305652337;Mise en demeure;2023-06-16;2023-07-20;524.67
7913956;11305652337;Suspension de garanties;2023-07-21;2023-07-23;524.67
13221587;1888798237;1er Impayé;2023-04-26;2023-05-10;120.4
13950588;1992941231;1er Impayé;2023-04-26;2023-05-09;319.11
14716199;2102314234;1er Impayé;2023-04-26;2023-05-09;140.31
14716199;2102314234;Mise en demeure;2023-06-16;2023-07-02;155.31
14783287;2111898231;1er Impayé;2023-04-26;2023-05-10;45.41
15037135;2148162232;1er Impayé;2023-04-26;2023-04-27;119.17
15067865;2152552231;1er Impayé;2023-04-26;2023-05-11;120.36
15067865;2152552231;Mise en demeure;2023-05-12;2023-11-07;135.36
7913956;11305652337;2ème Impayé;2023-05-28;2023-06-15;1019.34
14716199;2102314234;2ème Impayé;2023-05-28;2023-06-15;280.62
15037135;2148162232;2ème Impayé;2023-05-28;2023-06-13;238.34
15800513;2257216231;1er Impayé;2023-04-26;2023-05-02;84.22
14192648;2027521231;1er Impayé;2023-06-07;2023-07-03;41.02
14233325;2033332232;1er Impayé;2023-06-07;2023-07-03;65.89
14240885;2034412231;1er Impayé;2023-06-07;2023-07-03;133.25
14285923;2040846231;1er Impayé;2023-06-07;2023-06-10;176.36
14299664;2042809233;1er Impayé;2023-06-07;2023-07-03;37.1
14299664;2042809233;Mise en demeure;2023-07-28;2023-08-06;163.4
14312740;2044677234;1er Impayé;2023-06-07;2023-07-05;72.83
14329526;2047075231;1er Impayé;2023-06-07;2023-07-03;64.58
14340145;2048592231;1er Impayé;2023-06-07;2023-07-03;50.78
14347607;2049658231;1er Impayé;2023-06-07;2023-07-03;74.61
14354243;2050606233;1er Impayé;2023-06-07;2023-06-13;170.85
14364372;2052053237;1er Impayé;2023-06-07;2023-07-03;69.68
14386065;2055152233;1er Impayé;2023-06-07;2023-07-03;83.13
14386065;2055152233;2ème Impayé;2023-07-09;2023-07-19;332.52
14402361;2057480232;1er Impayé;2023-06-07;2023-07-03;83.76
14977726;21396752303;1ere lettre de relance;2023-02-24;2023-03-04;143.97
14299664;2042809233;2ème Impayé;2023-07-10;2023-07-27;148.4
15576611;22252302302;1ere lettre de relance;2023-02-24;2023-03-14;254.83
5329864;7614092360;1ere lettre de relance;2023-02-24;2023-03-09;30.0
5329864;7614092360;Mise en demeure;2023-03-10;2023-03-12;45.0
9706971;13867102301;1ere lettre de relance;2023-02-24;2023-03-09;91.22
9706971;13867102301;Mise en demeure;2023-03-10;2023-03-27;106.22
14157067;20224382303;1ere lettre de relance;2023-02-24;2023-03-09;160.95
14157067;20224382303;Mise en demeure;2023-03-10;2023-04-11;175.95
14523244;20747492304;1ere lettre de relance;2023-02-24;2023-03-07;20.12
9665265;13807522327;1ere lettre de relance;2023-02-24;2023-03-09;15.93
9665265;13807522327;Mise en demeure;2023-03-10;2023-03-13;30.93
282353;403362335;1ere lettre de relance;2023-02-24;2023-03-03;218.85
12134354;17334792319;1ere lettre de relance;2023-02-24;2023-03-09;30.0
12134354;17334792319;Mise en demeure;2023-03-10;2023-03-12;45.0
299230;427472377;Suspension de garanties;2023-04-14;2023-04-20;45.0
299230;427472377;Mise en demeure;2023-03-10;2023-04-13;45.0
299230;427472377;Annonce du contentieux;2023-04-21;2023-05-25;45.0
15639499;22342142301;1ere lettre de relance;2023-02-24;2023-02-28;144.18
299230;427472377;1ere lettre de relance;2023-02-24;2023-03-09;30.0
15652351;22360502301;1ere lettre de relance;2023-02-24;2023-03-09;219.19
15652351;22360502301;Mise en demeure;2023-03-10;2023-03-13;234.19
14218534;20312192301;1ere lettre de relance;2023-02-24;2023-03-09;20.13
14218534;20312192301;Mise en demeure;2023-03-10;2023-03-20;35.13
13395208;1913601236;1er Impayé;2023-08-09;2023-09-03;162.65
13541207;1934458231;1er Impayé;2023-08-09;2023-09-03;94.16
13547766;1935395237;1er Impayé;2023-08-09;2023-09-03;99.9
13567191;1938170232;1er Impayé;2023-08-09;2023-09-03;92.92
13586000;1940857235;1er Impayé;2023-08-09;2023-09-03;51.88
13590046;1941435232;1er Impayé;2023-08-09;2023-09-03;81.4
13601981;1943140233;1er Impayé;2023-08-09;2023-09-06;98.05
13784702;1969243239;1er Impayé;2023-08-09;2023-09-03;148.59
13795391;1970770233;1er Impayé;2023-08-09;2023-09-06;49.29
13812282;1973183233;Mise en demeure;2023-09-01;2023-09-10;410.5
13812282;1973183233;1er Impayé;2023-08-09;2023-08-31;395.5
13907727;1986818233;Annonce du contentieux;2023-11-24;2023-11-28;411.4
13907727;1986818233;Suspension de garanties;2023-11-17;2023-11-23;411.4
13907727;1986818233;1er Impayé;2023-08-09;2023-09-03;82.28
13907727;1986818233;Mise en demeure;2023-10-13;2023-11-16;411.4
13907727;1986818233;2ème Impayé;2023-09-07;2023-10-12;164.56
13926781;1989540233;1er Impayé;2023-08-09;2023-09-03;49.49
13929476;1989925231;1er Impayé;2023-08-09;2023-08-31;191.7
13979575;1997082238;2ème Impayé;2023-09-07;2023-09-28;142.26
13983894;1997699231;1er Impayé;2023-08-09;2023-09-03;163.21
13979575;1997082238;1er Impayé;2023-08-09;2023-09-03;71.13
14057569;2008224231;1er Impayé;2023-08-09;2023-09-03;49.03
14066802;2009543232;1er Impayé;2023-08-09;2023-09-03;32.9
14240066;2034295232;1er Impayé;2023-08-09;2023-09-03;46.71
14274289;2039184231;1er Impayé;2023-08-09;2023-09-03;162.13
14274289;2039184231;2ème Impayé;2023-09-07;2023-10-05;324.26
14320888;2045841231;1er Impayé;2023-08-09;2023-09-03;32.65
14380955;2054422233;1er Impayé;2023-08-09;2023-09-03;85.98
14973673;2139096232;1er Impayé;2023-08-21;2023-09-07;146.2
14973673;2139096232;Mise en demeure;2023-09-08;2023-10-11;234.3
15750078;2250011231;1er Impayé;2023-08-21;2023-09-07;308.42
15750078;2250011231;Mise en demeure;2023-09-08;2023-09-18;323.42
15886907;2269558231;1er Impayé;2023-08-21;2023-09-07;304.44
15886907;2269558231;Mise en demeure;2023-09-08;2023-09-27;161.72
15934878;2276411231;1er Impayé;2023-08-21;2023-09-13;157.3
15942179;2277454231;Annonce du contentieux;2023-10-20;2023-10-26;162.16
15942179;2277454231;1er Impayé;2023-08-21;2023-09-07;147.16
15942179;2277454231;Suspension de garanties;2023-10-13;2023-10-19;162.16
15942179;2277454231;Mise en demeure;2023-09-08;2023-10-12;162.16
13044067;1863438231;1er Impayé;2023-10-16;2023-11-07;64.3
13583662;1940523232;1er Impayé;2023-10-16;2023-11-02;186.87
13583662;1940523232;Mise en demeure;2023-11-03;2023-11-16;139.58
14406197;2058028231;1er Impayé;2023-10-16;2023-11-07;100.55
14505499;2072214231;1er Impayé;2023-10-16;2023-11-07;69.44
15394310;2199187232;1er Impayé;2023-10-16;2023-11-02;316.23
15394310;2199187232;Mise en demeure;2023-11-03;;331.23
15714980;2244997232;1er Impayé;2023-10-16;2023-11-03;75.22
15761803;2251686231;1er Impayé;2023-10-16;2023-11-07;84.66
15789460;2255637232;1er Impayé;2023-10-16;2023-11-07;73.89
15858004;2265429232;1er Impayé;2023-10-16;2023-11-03;32.12
15885976;2269425231;1er Impayé;2023-10-16;2023-11-03;123.21
15930853;2275836232;1er Impayé;2023-10-16;2023-11-07;85.6
16046003;2292286231;1er Impayé;2023-10-16;2023-11-03;253.14
16074255;2296322231;1er Impayé;2023-10-16;2023-11-02;646.3
14309933;2044276233;1er Impayé;2023-10-26;2023-10-27;145.71
15872298;2267471231;1er Impayé;2023-08-08;2023-09-06;171.26
5490346;784335231;Mise en demeure;2023-11-10;2023-11-21;243.3
5490346;784335231;1er Impayé;2023-10-26;2023-11-09;228.3
8891282;12701832329;1er Impayé;2023-10-26;2023-11-14;257.46
12663645;1809092233;Mise en demeure;2023-11-10;;152.4
12663645;1809092233;1er Impayé;2023-10-26;2023-11-09;137.4
12855403;1836486231;Mise en demeure;2023-11-10;;640.92
12855403;1836486231;1er Impayé;2023-10-26;2023-11-09;469.44
14434288;2062041233;1er Impayé;2023-10-26;2023-11-14;113.89
14434288;2062041233;2ème Impayé;2023-11-26;;341.67
14562836;2080405238;1er Impayé;2023-10-26;2023-11-07;116.11
14870094;2124299231;1er Impayé;2023-10-26;2023-11-14;101.98
15141953;2163136231;1er Impayé;2023-10-26;2023-11-03;91.76
15268485;2181212231;1er Impayé;2023-10-26;2023-11-14;55.33
15278775;2182682231;1er Impayé;2023-10-26;2023-11-12;99.9
15829745;2261392232;1er Impayé;2023-10-26;2023-11-09;220.24
15829745;2261392232;Mise en demeure;2023-11-10;;235.24
15857731;2265390232;1er Impayé;2023-10-26;2023-11-09;320.04
15857731;2265390232;Mise en demeure;2023-11-10;;335.04
16001259;2285894231;1er Impayé;2023-10-26;2023-11-03;78.65
16053514;2293359231;1er Impayé;2023-10-26;;291.37
13044067;1863438231;2ème Impayé;2023-11-16;;192.9
14406197;2058028231;2ème Impayé;2023-11-16;;301.65
16046003;2292286231;2ème Impayé;2023-11-16;;544.58
15930853;2275836232;2ème Impayé;2023-11-15;;256.8
206928;29561235;1er Impayé;2023-07-09;2023-07-31;708.03
3886800;5552572320;1er Impayé;2023-07-09;2023-08-02;264.45
4362681;623240233;2ème Impayé;2023-08-09;2023-08-24;423.93
4362681;623240233;Suspension de garanties;2023-09-29;2023-10-05;438.93
4362681;623240233;Annonce du contentieux;2023-10-06;2023-10-18;438.93
4362681;623240233;Mise en demeure;2023-08-25;2023-09-28;438.93
4362681;623240233;1er Impayé;2023-07-09;2023-08-02;141.31
5158875;736982231;1er Impayé;2023-07-09;2023-08-02;630.48
5921910;845987232;1er Impayé;2023-07-09;2023-08-02;297.41
7311942;10445632312;1er Impayé;2023-07-09;2023-07-10;249.1
7786122;11123032327;2ème Impayé;2023-08-09;2023-08-24;323.43
7786122;11123032327;Mise en demeure;2023-08-25;2023-09-13;338.43
7786122;11123032327;1er Impayé;2023-07-09;2023-08-02;323.43
7930854;11329792314;1er Impayé;2023-07-09;2023-08-02;1406.64
8092204;1156029233;1er Impayé;2023-07-09;2023-07-11;281.72
8357847;11939782319;1er Impayé;2023-07-09;2023-08-02;94.54
8374101;11963002332;1er Impayé;2023-07-09;2023-08-02;512.52
8449603;1207086232;1er Impayé;2023-07-09;2023-07-17;1023.87
8499590;1214227232;2ème Impayé;2023-08-09;2023-08-24;696.63
8499590;1214227232;Suspension de garanties;2023-09-29;2023-10-05;711.63
8499590;1214227232;Annonce du contentieux;2023-10-06;2023-10-12;711.63
8499590;1214227232;Mise en demeure;2023-08-25;2023-09-28;711.63
8499590;1214227232;1er Impayé;2023-07-09;2023-08-02;232.21
8505750;1215107232;1er Impayé;2023-07-09;2023-08-02;157.06
8557536;1222505235;1er Impayé;2023-07-09;2023-08-02;42.88
8622090;1231727233;1er Impayé;2023-07-09;2023-08-02;268.79
8922894;1274699236;1er Impayé;2023-07-09;2023-08-02;227.45
9191099;1313014238;1er Impayé;2023-07-09;2023-08-02;88.1
9289204;1327029233;1er Impayé;2023-07-09;2023-08-04;148.24
9798097;1399728231;1er Impayé;2023-07-09;2023-07-10;202.76
9954407;1422058231;1er Impayé;2023-07-09;2023-08-02;101.17
10517025;1502432231;1er Impayé;2023-07-09;2023-08-02;179.53
10601956;1514565232;1er Impayé;2023-07-09;2023-08-02;64.43
10622081;1517440231;1er Impayé;2023-07-09;2023-08-02;786.59
10983995;1569142231;1er Impayé;2023-07-09;2023-07-14;154.83
11087021;1583860231;1er Impayé;2023-07-09;2023-08-07;133.27
5414088;7734412336;1ere lettre de relance;2023-04-21;2023-04-27;423.9
10713480;15304972301;1ere lettre de relance;2023-04-21;2023-05-01;328.74
10713480;15304972301;Annonce du contentieux;2023-06-09;2023-06-25;343.74
10713480;15304972301;Mise en demeure;2023-05-02;2023-06-01;343.74
10713480;15304972301;Suspension de garanties;2023-06-02;2023-06-08;343.74
11341478;16202112307;1ere lettre de relance;2023-04-21;2023-05-01;159.51
11341478;16202112307;Mise en demeure;2023-05-02;2023-05-08;174.51
12989922;18557032309;1ere lettre de relance;2023-04-21;2023-05-01;90.19
12989922;18557032309;Mise en demeure;2023-05-02;2023-05-24;195.38
14863892;21234132302;1ere lettre de relance;2023-04-21;2023-04-27;418.29
4215548;6022212307;1ere lettre de relance;2023-04-21;2023-04-24;571.62
5334827;7621182328;1ere lettre de relance;2023-04-21;2023-05-01;643.2
5334827;7621182328;Mise en demeure;2023-05-02;2023-05-14;658.2
14069609;20099442304;1ere lettre de relance;2023-04-21;2023-05-01;186.17
14069609;20099442304;Mise en demeure;2023-05-02;2023-05-10;201.17
15616490;22309272302;1ere lettre de relance;2023-04-21;2023-05-01;1281.75
15616490;22309272302;Suspension de garanties;2023-06-02;2023-06-09;1296.75
15616490;22309272302;Mise en demeure;2023-05-02;2023-06-01;1296.75
12331628;17616612324;1ere lettre de relance;2023-04-21;2023-04-23;460.68
4505852;6436932325;1ere lettre de relance;2023-04-21;2023-05-01;301.86
4505852;6436932325;Mise en demeure;2023-05-02;2023-05-03;316.86
15075852;21536932303;1ere lettre de relance;2023-04-21;2023-05-01;42.93
15075852;21536932303;Mise en demeure;2023-05-02;2023-06-08;57.93
4519677;6456682380;1ere lettre de relance;2023-04-21;2023-05-01;474.78
4519677;6456682380;Mise en demeure;2023-05-02;2023-05-03;489.78
5504962;7864232327;1ere lettre de relance;2023-04-21;2023-04-30;674.43
15272930;21818472302;1ere lettre de relance;2023-04-21;2023-05-01;467.08
15272930;21818472302;Mise en demeure;2023-05-02;2023-05-09;482.08
3906134;5580192315;1ere lettre de relance;2023-04-21;2023-05-01;965.4
3906134;5580192315;Mise en demeure;2023-05-02;2023-05-03;980.4
14692238;20988912304;Mise en demeure;2023-05-02;2023-05-05;279.57
14393051;20561502305;1ere lettre de relance;2023-04-21;2023-05-01;476.55
206928;29561235;2ème Impayé;2023-10-05;2023-10-22;708.03
14692238;20988912304;1ere lettre de relance;2023-04-21;2023-05-01;264.57
12565589;1795084238;1er Impayé;2023-04-24;2023-05-10;154.38
12637052;1805293231;1er Impayé;2023-04-24;2023-05-10;155.59
12749857;1821408236;2ème Impayé;2023-05-24;2023-06-08;161.25
12749857;1821408236;1er Impayé;2023-04-24;2023-05-10;53.75
12749857;1821408236;Mise en demeure;2023-06-09;2023-06-25;176.25
13551035;1935862232;1er Impayé;2023-04-24;2023-05-10;61.82
13877389;1982484231;1er Impayé;2023-04-24;2023-05-10;111.11
14267387;2038198231;1er Impayé;2023-04-24;2023-05-10;68.9
14294281;2042040231;1er Impayé;2023-04-24;2023-05-10;120.75
14361586;2051655233;1er Impayé;2023-04-24;2023-05-10;66.56
14361586;2051655233;2ème Impayé;2023-05-25;2023-06-08;199.68
14361586;2051655233;Mise en demeure;2023-06-09;2023-07-13;214.68
14361586;2051655233;Annonce du contentieux;2023-07-21;2023-07-24;214.68
14361586;2051655233;Suspension de garanties;2023-07-14;2023-07-20;214.68
14561282;2080183233;1er Impayé;2023-04-24;2023-05-10;75.26
14614069;2087724233;1er Impayé;2023-04-24;2023-05-10;74.38
15000903;2142986232;1er Impayé;2023-04-24;2023-05-10;185.49
15001323;2143046233;1er Impayé;2023-04-24;2023-05-11;215.43
15001323;2143046233;Mise en demeure;2023-05-12;2023-06-06;230.43
15062461;2151780231;1er Impayé;2023-04-24;2023-05-11;197.76
15062461;2151780231;Mise en demeure;2023-05-12;2023-06-07;80.92
15092561;2156080232;1er Impayé;2023-04-24;2023-05-10;74.71
15110712;2158673232;1er Impayé;2023-04-24;2023-05-10;78.29
15176743;2168106232;1er Impayé;2023-04-24;2023-05-10;115.24
15281001;2183000231;1er Impayé;2023-04-24;2023-05-11;659.88
15281001;2183000231;Mise en demeure;2023-05-12;2023-06-08;454.92
15320278;2188611232;1er Impayé;2023-04-24;2023-05-11;330.87
15320278;2188611232;Suspension de garanties;2023-06-23;2023-06-27;345.87
15320278;2188611232;Mise en demeure;2023-05-12;2023-06-22;345.87
15402955;2200422231;2ème Impayé;2023-05-24;2023-06-08;206.7
15402955;2200422231;1er Impayé;2023-04-24;2023-05-10;68.9
15402955;2200422231;Mise en demeure;2023-06-09;2023-10-27;221.7
15409066;2201295231;1er Impayé;2023-04-24;2023-05-10;75.74
15563535;2223362232;1er Impayé;2023-04-24;2023-05-10;75.74
15613599;2230514231;1er Impayé;2023-04-24;2023-05-02;74.01
15623721;2231960231;2ème Impayé;2023-05-24;2023-06-04;180.36
15623721;2231960231;1er Impayé;2023-04-24;2023-04-25;90.18
15646800;2235257231;2ème Impayé;2023-05-24;2023-06-08;176.55
15646800;2235257231;1er Impayé;2023-04-24;2023-05-02;58.85
15646800;2235257231;Mise en demeure;2023-06-09;;191.55
15349545;21927922302;1ere lettre de relance;2023-10-20;2023-11-02;178.35
15349545;21927922302;Mise en demeure;2023-11-03;2023-11-21;133.9
14562136;20803052301;1ere lettre de relance;2023-10-20;2023-11-02;106.2
14562136;20803052301;Mise en demeure;2023-11-03;2023-11-09;121.2
15632485;22332122302;1ere lettre de relance;2023-10-20;2023-11-02;176.61
15632485;22332122302;Mise en demeure;2023-11-03;;191.61
11536582;16480832329;1ere lettre de relance;2023-10-20;2023-11-02;184.44
11536582;16480832329;Mise en demeure;2023-11-03;;199.44
5113018;7304312334;1ere lettre de relance;2023-10-20;2023-11-02;335.19
5113018;7304312334;Mise en demeure;2023-11-03;2023-11-13;350.19
11222625;16032322312;1ere lettre de relance;2023-10-20;2023-10-24;330.0
15548436;22212052302;1ere lettre de relance;2023-10-20;2023-11-02;187.47
15548436;22212052302;Mise en demeure;2023-11-03;2023-11-13;202.47
4436678;6338112343;1ere lettre de relance;2023-10-20;2023-10-26;463.68
5076968;7252812317;1ere lettre de relance;2023-10-20;2023-11-02;288.69
5076968;7252812317;Mise en demeure;2023-11-03;2023-11-13;303.69
9598205;13711722339;1ere lettre de relance;2023-10-20;2023-11-02;432.69
9598205;13711722339;Mise en demeure;2023-11-03;;447.69
11709496;16727852312;1ere lettre de relance;2023-10-20;2023-11-02;217.47
11709496;16727852312;Mise en demeure;2023-11-03;2023-11-05;232.47
15804867;22578382302;1ere lettre de relance;2023-10-20;2023-11-02;205.26
15804867;22578382302;Mise en demeure;2023-11-03;2023-11-14;220.26
15933177;22761682302;1ere lettre de relance;2023-10-20;2023-10-25;283.95
13185075;18835822313;1ere lettre de relance;2023-10-20;2023-11-02;677.82
13185075;18835822313;Mise en demeure;2023-11-03;2023-11-08;692.82
14246688;20352412311;1ere lettre de relance;2023-10-20;2023-10-24;58.65
13155213;18793162303;1ere lettre de relance;2023-10-20;2023-11-02;315.18
13155213;18793162303;Mise en demeure;2023-11-03;2023-11-05;315.18
3906813;5581162361;1ere lettre de relance;2023-10-20;2023-10-31;584.49
12154444;17363492304;1ere lettre de relance;2023-10-20;2023-10-26;344.55
15515431;22164902302;1ere lettre de relance;2023-10-20;2023-11-02;267.33
15515431;22164902302;Mise en demeure;2023-11-03;;282.33
7353592;10505132316;1ere lettre de relance;2023-10-20;2023-11-01;407.14
207600;296572316;1ere lettre de relance;2023-10-20;2023-10-22;538.56
4214918;6021312335;1ere lettre de relance;2023-10-20;2023-10-30;513.69
14963376;21376252306;1ere lettre de relance;2023-10-20;2023-11-02;138.39
14963376;21376252306;Mise en demeure;2023-11-03;2023-11-21;153.39
5094566;7277952342;1ere lettre de relance;2023-10-20;2023-11-02;277.53
5094566;7277952342;Mise en demeure;2023-11-03;2023-11-08;292.53
3967167;5667382356;1ere lettre de relance;2023-10-20;2023-10-24;530.04
8077749;11539642335;1ere lettre de relance;2023-10-20;2023-10-22;293.64
15416409;22023442304;1ere lettre de relance;2023-10-20;2023-11-02;690.03
15416409;22023442304;Mise en demeure;2023-11-03;2023-11-14;705.03
14222258;20317512315;1ere lettre de relance;2023-10-20;2023-11-02;68.28
14222258;20317512315;Mise en demeure;2023-11-03;2023-11-15;222.63
14614069;20877242305;1ere lettre de relance;2023-10-20;2023-11-02;74.38
14614069;20877242305;Mise en demeure;2023-11-03;2023-11-29;163.76
10625105;15178722308;1ere lettre de relance;2023-10-20;2023-11-02;183.03
10625105;15178722308;Mise en demeure;2023-11-03;2023-11-07;198.03
12330424;17614892309;1ere lettre de relance;2023-10-20;2023-10-28;102.6
12797408;1828201232;Mise en demeure;2023-09-01;2023-09-06;225.86
12797408;1828201232;1er Impayé;2023-08-06;2023-08-31;210.86
14895644;2127949231;1er Impayé;2023-08-06;2023-08-24;283.02
14895644;2127949231;Mise en demeure;2023-08-25;2023-09-12;298.02
14898346;2128335231;1er Impayé;2023-08-06;2023-09-13;964.02
15644574;2234939232;1er Impayé;2023-08-06;2023-08-24;362.34
15644574;2234939232;Mise en demeure;2023-08-25;2023-09-05;190.67
15716877;2245268231;1er Impayé;2023-08-06;2023-08-07;72.08
283578;405112334;2ème Impayé;2023-10-09;2023-10-27;1254.36
283578;405112334;1er Impayé;2023-09-07;2023-10-03;313.59
5705673;815096231;1er Impayé;2023-09-07;2023-10-03;132.72
5821208;831601232;1er Impayé;2023-09-07;2023-10-03;170.65
8116466;1159495231;1er Impayé;2023-09-07;2023-10-03;96.51
8348110;1192587237;1er Impayé;2023-09-07;2023-10-03;387.14
8348110;1192587237;Mise en demeure;2023-11-10;;1047.56
8565964;1223709238;1er Impayé;2023-09-07;2023-10-03;173.11
8640136;1234305232;1er Impayé;2023-09-07;2023-09-29;255.68
8791784;1255969234;1er Impayé;2023-09-07;2023-10-03;62.1
8842142;1263163232;1er Impayé;2023-09-07;2023-09-08;41.49
8920227;1274318231;1er Impayé;2023-09-07;2023-10-03;220.05
9047914;12925592327;1er Impayé;2023-09-07;2023-09-08;168.46
9443652;1349093233;1er Impayé;2023-09-07;2023-10-03;41.49
8348110;1192587237;2ème Impayé;2023-10-09;2023-11-09;1548.56
9450260;1350037233;1er Impayé;2023-09-07;2023-10-03;64.73
9798097;1399728232;1er Impayé;2023-09-07;2023-09-10;202.76
9813504;1401929236;1er Impayé;2023-09-07;2023-10-03;75.92
9988112;1426873233;1er Impayé;2023-09-07;2023-10-03;159.14
10003666;1429095239;1er Impayé;2023-09-07;2023-10-03;142.18
10059624;1437089236;Mise en demeure;2023-10-27;2023-11-30;336.39
10059624;1437089236;1er Impayé;2023-09-07;2023-09-11;107.13
10211769;1458824231;1er Impayé;2023-09-07;2023-10-05;132.8
10278255;1468322234;1er Impayé;2023-09-07;2023-09-13;125.16
10382737;1483248234;1er Impayé;2023-09-07;2023-10-03;74.6
10524088;1503441232;1er Impayé;2023-09-07;2023-09-08;106.18
10545781;15065402311;1er Impayé;2023-09-07;2023-10-03;84.99
10552424;1507489232;1er Impayé;2023-09-07;2023-09-08;83.18
14410152;2058593231;1er Impayé;2023-06-07;2023-07-03;80.46
14412889;2058984231;1er Impayé;2023-06-07;2023-07-05;80.3
14425125;2060732232;1er Impayé;2023-06-07;2023-06-11;58.23
14435212;2062173232;1er Impayé;2023-06-07;2023-07-03;73.85
14460384;2065769233;1er Impayé;2023-06-07;2023-07-03;85.55
14508880;2072697231;1er Impayé;2023-06-07;2023-06-16;154.61
14527024;2075289231;1er Impayé;2023-06-07;2023-07-03;47.8
14550131;2078590232;1er Impayé;2023-06-07;2023-07-03;90.04
14557362;2079623231;1er Impayé;2023-06-07;2023-07-03;155.85
14557362;2079623231;2ème Impayé;2023-07-12;2023-07-27;623.4
14557362;2079623231;Mise en demeure;2023-07-28;2023-08-07;638.4
14561954;2080279231;1er Impayé;2023-06-07;2023-06-09;86.74
14588365;2084052233;1er Impayé;2023-06-07;2023-07-03;56.46
14589254;2084179231;1er Impayé;2023-06-07;2023-06-10;77.13
14589254;2084179231;Mise en demeure;2023-07-28;2023-08-21;246.39
14600223;2085746233;1er Impayé;2023-06-07;2023-07-03;95.25
14613187;2087598234;1er Impayé;2023-06-07;2023-07-03;57.67
14627957;2089708232;1er Impayé;2023-06-07;2023-06-08;96.56
14629126;2089875231;Suspension de garanties;2023-09-01;2023-09-07;686.28
14629126;2089875231;1er Impayé;2023-06-07;2023-07-03;167.82
14629126;2089875231;En recouvrement;2023-09-24;2023-11-05;1189.74
14629126;2089875231;Mise en demeure;2023-07-28;2023-08-31;686.28
14629126;2089875231;Annonce du contentieux;2023-09-08;2023-09-23;686.28
10059624;1437089236;2ème Impayé;2023-10-11;2023-10-26;321.39
14460384;2065769233;2ème Impayé;2023-07-09;2023-07-20;342.2
14589254;2084179231;2ème Impayé;2023-07-09;2023-07-27;231.39
14629126;2089875231;2ème Impayé;2023-07-09;2023-07-27;671.28
14716626;2102375231;1er Impayé;2023-06-07;2023-06-08;35.16
14735099;2105014233;1er Impayé;2023-06-07;2023-06-17;62.47
14735099;2105014233;2ème Impayé;2023-07-09;2023-07-16;187.41
14738312;2105473233;1er Impayé;2023-06-07;2023-07-03;74.7
14754531;2107790231;1er Impayé;2023-06-07;2023-06-27;99.5
14755098;2107871231;1er Impayé;2023-06-07;2023-07-03;83.63
14768517;2109788231;1er Impayé;2023-06-07;2023-07-03;126.34
14772934;2110419232;1er Impayé;2023-06-07;2023-07-03;83.35
14788250;2112607234;1er Impayé;2023-06-07;2023-06-27;76.82
14841975;2120282231;1er Impayé;2023-06-07;2023-07-03;181.18
14841975;2120282231;Mise en demeure;2023-07-28;2023-08-27;739.69
14841975;2120282231;2ème Impayé;2023-07-09;2023-07-27;724.69
14855079;2122154231;1er Impayé;2023-06-07;2023-06-12;111.58
14859048;2122721232;1er Impayé;2023-06-07;2023-07-03;184.7
14870388;2124341231;1er Impayé;2023-06-07;2023-07-03;63.0
14881196;2125885232;1er Impayé;2023-06-07;2023-07-03;59.36
14910162;2130023232;1er Impayé;2023-06-07;2023-07-03;97.78
14922286;2131755231;1er Impayé;2023-06-07;;175.06
14942243;2134606233;Suspension de garanties;2023-09-01;2023-09-07;253.36
14942243;2134606233;1er Impayé;2023-06-07;2023-07-03;59.59
14942243;2134606233;En recouvrement;2023-09-24;2023-10-03;432.13
14942243;2134606233;Mise en demeure;2023-07-28;2023-08-31;253.36
14942243;2134606233;Annonce du contentieux;2023-09-08;2023-09-23;253.36
14942243;2134606233;2ème Impayé;2023-07-09;2023-07-27;238.36
14967072;2138153231;1er Impayé;2023-06-07;2023-07-03;71.94
14974835;2139262232;1er Impayé;2023-06-07;2023-06-26;75.35
14977670;21396672301;1ere lettre de relance;2023-02-24;2023-03-09;105.26
14977670;21396672301;Mise en demeure;2023-03-10;2023-03-22;120.26
5192874;7418392369;1ere lettre de relance;2023-02-24;2023-03-09;30.0
5192874;7418392369;Mise en demeure;2023-03-10;2023-03-28;45.0
7860609;11229442378;1ere lettre de relance;2023-02-24;2023-03-09;140.0
7860609;11229442378;Mise en demeure;2023-03-10;2023-03-13;337.82
11450755;16358222301;1ere lettre de relance;2023-02-24;2023-03-04;192.17
14986756;2140965231;1er Impayé;2023-06-07;2023-07-03;60.0
15012775;2144682232;1er Impayé;2023-06-07;2023-07-03;55.23
15014056;2144865233;1er Impayé;2023-06-07;2023-07-03;126.08
15029750;2147107231;1er Impayé;2023-06-07;2023-07-03;115.17
15075838;2153691233;1er Impayé;2023-06-07;2023-07-03;90.29
15349972;2192853231;1er Impayé;2023-03-05;2023-03-12;277.9
14402361;2057480233;1er Impayé;2023-08-09;2023-09-03;83.76
14470387;2067198231;1er Impayé;2023-08-09;2023-09-03;151.75
14478479;2068354231;1er Impayé;2023-08-09;2023-09-03;31.77
14489070;2069867231;1er Impayé;2023-08-09;2023-09-03;139.95
14529691;2075670238;1er Impayé;2023-08-09;2023-08-11;69.4
14535186;2076455231;1er Impayé;2023-08-09;2023-09-03;99.71
14569731;2081390234;1er Impayé;2023-08-09;2023-09-03;58.15
14618192;2088313231;1er Impayé;2023-08-09;2023-09-03;106.04
14651638;2093091231;1er Impayé;2023-08-09;2023-09-03;228.71
14683369;2097624234;1er Impayé;2023-08-09;2023-09-03;64.02
14688283;2098326232;1er Impayé;2023-08-09;2023-09-03;78.83
14708856;2101265231;1er Impayé;2023-08-09;2023-09-06;122.36
14711852;2101693232;1er Impayé;2023-08-09;2023-09-03;89.62
14725166;2103595232;1er Impayé;2023-08-09;2023-09-03;167.13
14726664;2103809231;1er Impayé;2023-08-09;2023-09-03;105.35
14754531;2107790232;Mise en demeure;2023-10-13;2023-10-20;512.5
14754531;2107790232;2ème Impayé;2023-09-07;2023-10-12;199.0
14754531;2107790232;1er Impayé;2023-08-09;2023-09-03;99.5
14800591;2114370231;1er Impayé;2023-08-09;2023-08-20;135.6
14807409;2115344231;1er Impayé;2023-08-09;2023-09-03;56.9
14842017;2120288232;1er Impayé;2023-08-09;2023-09-03;60.66
14842017;2120288232;2ème Impayé;2023-09-07;2023-10-02;121.32
14843571;2120510231;1er Impayé;2023-08-09;2023-09-03;37.62
14865110;2123587232;1er Impayé;2023-08-09;2023-09-03;77.18
14881175;2125882231;1er Impayé;2023-08-09;2023-09-03;214.78
14885186;2126455231;1er Impayé;2023-08-09;2023-08-24;272.76
14885186;2126455231;Mise en demeure;2023-08-25;2023-09-17;287.76
14913354;2130479231;1er Impayé;2023-08-09;2023-08-30;175.51
14919997;2131428234;1er Impayé;2023-08-09;2023-09-03;61.74
14950461;2135780231;1er Impayé;2023-08-09;2023-09-03;134.87
14971139;2138734232;1er Impayé;2023-08-09;2023-09-03;51.0
14988793;2141256231;1er Impayé;2023-08-09;2023-09-03;165.45
15003633;2143376231;1er Impayé;2023-08-09;2023-09-03;144.81
15013783;2144826231;1er Impayé;2023-08-09;2023-09-03;82.28
15018725;2145532231;1er Impayé;2023-08-09;2023-09-03;58.33
15019796;2145685231;1er Impayé;2023-08-09;2023-09-03;126.1
8477239;1211034231;1er Impayé;2023-03-23;2023-04-12;200.28
8477239;1211034231;Mise en demeure;2023-05-12;2023-05-26;816.12
8477239;1211034231;2ème Impayé;2023-04-19;2023-05-11;801.12
14482392;2068913237;1er Impayé;2023-03-23;2023-04-03;46.95
14482392;2068913237;2ème Impayé;2023-04-30;2023-05-21;240.9
7684839;1097834231;1er Impayé;2023-05-10;2023-06-01;541.46
8661829;12374042318;1er Impayé;2023-05-10;2023-06-01;204.93
8695135;1242162232;1er Impayé;2023-05-10;2023-06-01;336.08
9140097;1305728232;1er Impayé;2023-05-10;2023-06-01;159.07
9236487;1319498231;1er Impayé;2023-05-10;2023-06-06;350.22
9836485;1405212237;1er Impayé;2023-05-10;2023-06-01;179.0
9924034;14177192322;1er Impayé;2023-05-10;2023-06-01;202.03
10015888;14308412312;1er Impayé;2023-05-10;2023-06-01;262.54
10049600;1435657234;1er Impayé;2023-05-10;2023-06-01;50.11
10338532;1476933237;1er Impayé;2023-05-10;2023-06-01;268.96
10421797;1488828231;2ème Impayé;2023-06-07;2023-07-06;328.02
10421797;1488828231;1er Impayé;2023-05-10;2023-06-01;164.01
11175046;1596435233;1er Impayé;2023-05-10;2023-06-01;68.95
11226482;1603783231;1er Impayé;2023-05-10;2023-06-01;210.89
11254783;1607826239;1er Impayé;2023-05-10;2023-06-01;53.04
11296153;1613736234;1er Impayé;2023-05-10;2023-06-01;68.67
11345552;1620793231;1er Impayé;2023-05-10;2023-06-01;56.2
11476578;1639511231;1er Impayé;2023-05-10;2023-05-16;92.06
177108;253012314;1er Impayé;2023-06-22;2023-07-11;117.8
5680158;811451239;1er Impayé;2023-06-22;2023-06-22;184.37
9663284;1380469233;1er Impayé;2023-06-22;2023-07-11;194.46
10261966;1465995235;Mise en demeure;2023-08-11;2023-09-17;671.36
10261966;1465995235;1er Impayé;2023-06-22;2023-07-11;164.09
10508723;1501246231;Mise en demeure;2023-08-11;2023-08-18;233.48
10508723;1501246231;1er Impayé;2023-06-22;2023-07-11;54.62
11257037;1608148236;1er Impayé;2023-06-22;2023-07-11;110.11
11359811;1622830232;1er Impayé;2023-06-22;2023-07-11;58.37
12309186;17584552317;Mise en demeure;2023-07-28;2023-08-23;202.32
12309186;17584552317;2ème Impayé;2023-07-10;2023-07-27;457.32
12309186;17584552317;1er Impayé;2023-06-22;2023-07-10;171.45
12565589;1795084239;Mise en demeure;2023-08-11;2023-08-23;323.76
12565589;1795084239;1er Impayé;2023-06-22;2023-07-11;154.38
14686484;2098069231;1er Impayé;2023-06-22;2023-07-11;78.65
14736464;2105209232;2ème Impayé;2023-07-25;2023-11-09;771.84
14736464;2105209232;1er Impayé;2023-06-22;2023-07-11;192.96
14786395;2112342232;2ème Impayé;2023-07-24;2023-08-10;536.08
10261966;1465995235;2ème Impayé;2023-07-25;2023-08-10;656.36
10508723;1501246231;2ème Impayé;2023-07-25;2023-08-10;218.48
12565589;1795084239;2ème Impayé;2023-07-24;2023-08-10;617.52
14686484;2098069231;2ème Impayé;2023-07-24;2023-08-17;314.6
14786395;2112342232;Mise en demeure;2023-08-11;2023-11-09;536.08
14786395;2112342232;1er Impayé;2023-06-22;2023-07-11;134.02
15023303;2146186231;1er Impayé;2023-06-22;2023-07-11;58.85
15092561;2156080233;1er Impayé;2023-06-22;2023-07-11;74.71
15272916;2181845231;1er Impayé;2023-06-22;2023-06-23;173.8
15545468;2220781231;1er Impayé;2023-06-22;2023-07-06;62.68
15744730;2249247232;1er Impayé;2023-06-22;2023-07-11;129.23
15859194;2265599231;1er Impayé;2023-06-22;2023-06-30;124.23
11226482;1603783232;1er Impayé;2023-07-09;2023-08-02;210.89
11229597;1604228235;1er Impayé;2023-07-09;2023-08-02;276.65
11265227;1609318234;1er Impayé;2023-07-09;2023-08-02;101.98
11277092;1611013231;1er Impayé;2023-07-09;2023-08-02;137.06
11450475;1635782232;1er Impayé;2023-07-09;2023-08-02;625.37
11593513;1656216232;1er Impayé;2023-07-09;2023-08-02;80.65
11648351;1664050235;1er Impayé;2023-07-09;2023-08-07;56.46
4496171;6423102328;1er Impayé;2023-07-24;2023-08-10;1077.36
4496171;6423102328;Mise en demeure;2023-08-11;2023-08-22;1092.36
14308372;2044053231;Mise en demeure;2023-10-20;2023-11-09;365.7
14308372;2044053231;1er Impayé;2023-10-02;2023-10-19;280.56
15133973;2161996232;Mise en demeure;2023-10-20;2023-11-23;517.72
15133973;2161996232;Suspension de garanties;2023-11-24;2023-11-30;517.72
15133973;2161996232;1er Impayé;2023-10-02;2023-10-19;502.72
15939750;2277107231;Mise en demeure;2023-10-20;2023-10-23;524.72
15939750;2277107231;1er Impayé;2023-10-02;2023-10-19;1019.44
16004556;2286365231;Mise en demeure;2023-10-20;2023-11-12;193.82
16004556;2286365231;1er Impayé;2023-10-02;2023-10-19;357.64
15315273;21878962302;1ere lettre de relance;2023-04-21;2023-05-01;363.82
15315273;21878962302;Mise en demeure;2023-05-02;2023-05-29;257.82
15690305;22414722301;1ere lettre de relance;2023-04-21;2023-05-01;104.9
15690305;22414722301;Mise en demeure;2023-05-02;2023-06-01;119.9
15690305;22414722301;Annonce du contentieux;2023-06-09;2023-06-15;119.9
15690305;22414722301;Suspension de garanties;2023-06-02;2023-06-08;119.9
8735980;12479972335;1ere lettre de relance;2023-04-21;2023-05-01;296.25
8735980;12479972335;Mise en demeure;2023-05-02;2023-05-24;311.25
15050582;21500832306;1ere lettre de relance;2023-04-21;2023-05-01;126.68
15050582;21500832306;Mise en demeure;2023-05-02;2023-06-01;141.68
15050582;21500832306;Suspension de garanties;2023-06-02;2023-06-08;86.53
15432054;22045792301;1ere lettre de relance;2023-04-21;2023-05-01;121.38
15432054;22045792301;Mise en demeure;2023-05-02;2023-05-16;136.38
13464445;19234922311;1ere lettre de relance;2023-04-21;2023-04-30;271.74
15761285;22516122301;1ere lettre de relance;2023-04-21;2023-05-02;427.21
13472509;19246442306;1ere lettre de relance;2023-04-21;2023-05-01;383.52
13472509;19246442306;Mise en demeure;2023-05-02;2023-05-21;206.76
12531779;17902542306;1ere lettre de relance;2023-04-21;2023-04-28;219.39
5963490;8519272310;1ere lettre de relance;2023-04-21;2023-05-01;238.92
5963490;8519272310;Mise en demeure;2023-05-02;2023-05-03;253.92
3935030;5621472377;1ere lettre de relance;2023-04-21;2023-05-01;477.03
3935030;5621472377;Mise en demeure;2023-05-02;2023-05-10;492.03
15142954;21632792302;1ere lettre de relance;2023-04-21;2023-05-02;162.57
14074033;20105762305;1ere lettre de relance;2023-04-21;2023-04-23;701.49
11575999;16537142313;1ere lettre de relance;2023-04-21;2023-05-01;283.02
11575999;16537142313;Mise en demeure;2023-05-02;2023-05-10;298.02
13372745;19103922303;1ere lettre de relance;2023-04-21;2023-04-24;171.75
9380225;13400322308;1ere lettre de relance;2023-04-21;2023-05-01;630.09
9380225;13400322308;Mise en demeure;2023-05-02;2023-06-01;645.09
7633767;10905382339;1ere lettre de relance;2023-04-21;2023-04-24;1277.01
3869657;5528082329;1ere lettre de relance;2023-04-21;2023-05-01;889.56
3869657;5528082329;Mise en demeure;2023-05-02;2023-05-04;904.56
9267098;13238712320;1ere lettre de relance;2023-04-21;2023-05-01;895.74
9267098;13238712320;Mise en demeure;2023-05-02;2023-05-03;910.74
15510615;22158022302;1ere lettre de relance;2023-04-21;2023-05-01;420.87
15510615;22158022302;Mise en demeure;2023-05-02;2023-05-17;435.87
15006132;21437332302;1ere lettre de relance;2023-04-21;2023-05-01;377.43
15006132;21437332302;En recouvrement;2023-06-16;2023-10-12;895.67
15006132;21437332302;Mise en demeure;2023-05-02;2023-06-01;392.43
15006132;21437332302;Annonce du contentieux;2023-06-09;2023-06-15;140.81
15006132;21437332302;Suspension de garanties;2023-06-02;2023-06-08;140.81
13163921;18805602310;Mise en demeure;2023-05-02;2023-05-23;481.83
13163921;18805602310;1ere lettre de relance;2023-04-21;2023-05-01;466.83
10854460;15506372326;1ere lettre de relance;2023-04-21;2023-05-01;878.25
10854460;15506372326;Mise en demeure;2023-05-02;2023-05-22;893.25
15710626;2244375231;1er Impayé;2023-04-24;2023-05-11;775.7
15710626;2244375231;Mise en demeure;2023-05-12;2023-06-05;790.7
15775348;2253621231;1er Impayé;2023-04-24;2023-05-02;94.71
15790076;2255725231;1er Impayé;2023-04-24;2023-05-02;147.57
15798665;2256952231;1er Impayé;2023-04-24;2023-05-02;109.09
15874594;2267799231;1er Impayé;2023-06-27;2023-08-10;34.08
15284424;21834892303;1ere lettre de relance;2023-10-20;2023-11-02;618.0
15284424;21834892303;Mise en demeure;2023-11-03;;633.0
12974515;18535022309;1ere lettre de relance;2023-10-20;2023-10-31;188.73
4382092;6260132348;1ere lettre de relance;2023-10-20;2023-10-22;419.58
15772023;22531462301;1ere lettre de relance;2023-10-20;2023-11-02;270.39
12472013;17817162304;1ere lettre de relance;2023-10-20;2023-11-02;178.62
12472013;17817162304;Mise en demeure;2023-11-03;2023-11-13;193.62
8830956;12615652324;1ere lettre de relance;2023-10-20;2023-11-01;362.1
12492901;17847002307;1ere lettre de relance;2023-10-20;2023-10-26;276.36
14400464;20572092306;1ere lettre de relance;2023-10-20;2023-10-26;64.62
10894598;15563712329;1ere lettre de relance;2023-10-20;2023-10-29;398.16
12457264;17796092320;1ere lettre de relance;2023-10-20;2023-11-02;427.41
12457264;17796092320;Mise en demeure;2023-11-03;;442.41
4867535;6953622363;1ere lettre de relance;2023-10-20;2023-11-02;1172.58
4867535;6953622363;Mise en demeure;2023-11-03;2023-11-08;1187.58
14433189;20618842304;1ere lettre de relance;2023-10-20;2023-11-02;224.31
14433189;20618842304;Mise en demeure;2023-11-03;;239.31
14223644;20319492305;1ere lettre de relance;2023-10-20;2023-11-02;226.71
14223644;20319492305;Mise en demeure;2023-11-03;2023-11-13;241.71
13604305;19434722306;1ere lettre de relance;2023-10-20;2023-10-26;990.09
14243881;20348402309;1ere lettre de relance;2023-10-20;2023-10-26;218.12
12032819;17189742321;1ere lettre de relance;2023-10-20;2023-11-02;416.16
15079660;21542372305;1ere lettre de relance;2023-10-20;2023-11-02;141.27
15079660;21542372305;Mise en demeure;2023-11-03;;156.27
8889637;12699482304;1ere lettre de relance;2023-10-20;2023-11-02;78.38
8889637;12699482304;Mise en demeure;2023-11-03;;93.38
15001323;21430462305;1ere lettre de relance;2023-10-20;2023-11-02;134.43
15001323;21430462305;Mise en demeure;2023-11-03;;149.43
15784847;22549782302;1ere lettre de relance;2023-10-20;2023-11-12;235.77
15310394;21871992302;1ere lettre de relance;2023-10-20;2023-11-02;204.75
15310394;21871992302;Mise en demeure;2023-11-03;2023-11-15;219.75
13117035;18738622302;1ere lettre de relance;2023-10-20;2023-10-30;230.52
647893;925562316;1ere lettre de relance;2023-10-20;2023-10-23;952.86
15559797;22228282302;1ere lettre de relance;2023-10-20;2023-11-02;151.66
15559797;22228282302;Mise en demeure;2023-11-03;;166.66
15194649;21706642302;1ere lettre de relance;2023-10-20;2023-11-02;133.17
15194649;21706642302;Mise en demeure;2023-11-03;;148.17
5535146;7907352305;1ere lettre de relance;2023-10-20;2023-10-29;593.8
15765954;22522792301;1ere lettre de relance;2023-10-20;2023-10-29;268.95
4504340;6434772362;1ere lettre de relance;2023-10-20;2023-10-30;741.39
4408139;6297342304;1ere lettre de relance;2023-10-20;2023-11-01;353.46
15742728;22489612302;1ere lettre de relance;2023-10-20;2023-11-02;730.47
15742728;22489612302;Mise en demeure;2023-11-03;2023-11-05;745.47
12617592;18025132314;1ere lettre de relance;2023-10-20;2023-11-02;402.63
12617592;18025132314;Mise en demeure;2023-11-03;2023-11-27;417.63
5944583;8492262324;1ere lettre de relance;2023-10-20;2023-11-02;337.5
5944583;8492262324;Mise en demeure;2023-11-03;;352.5
14986812;21409732304;1ere lettre de relance;2023-10-20;2023-11-02;392.14
14986812;21409732304;Mise en demeure;2023-11-03;;407.14
10161978;14517112311;1ere lettre de relance;2023-10-20;2023-11-09;704.22
89055;127222338;1ere lettre de relance;2023-10-20;2023-10-25;571.92
11962959;17089942302;1ere lettre de relance;2023-10-20;2023-10-22;177.87
3893261;5561802353;1ere lettre de relance;2023-10-20;2023-11-02;495.15
3893261;5561802353;Mise en demeure;2023-11-03;2023-11-07;510.15
16039556;22913652302;1ere lettre de relance;2023-10-20;2023-11-02;157.34
16039556;22913652302;Mise en demeure;2023-11-03;2023-11-14;172.34
14764079;21091542302;1ere lettre de relance;2023-10-20;2023-10-23;335.46
11402840;16289772305;1ere lettre de relance;2023-10-20;2023-11-02;125.34
11402840;16289772305;Mise en demeure;2023-11-03;2023-11-23;265.68
4554082;6505832336;1ere lettre de relance;2023-10-20;2023-10-23;727.53
12918669;18455242313;Mise en demeure;2023-11-03;2023-11-09;220.38
13907615;19868022302;Mise en demeure;2023-11-03;;159.4
15549115;22213022302;Mise en demeure;2023-11-03;;232.24
15784847;22549782302;2ème Impayé;2023-11-12;2023-11-30;235.77
10161978;14517112311;2ème Impayé;2023-11-09;2023-11-11;234.74
12918669;18455242313;1ere lettre de relance;2023-10-20;2023-11-02;205.38
13907615;19868022302;1ere lettre de relance;2023-10-20;2023-11-02;144.4
15549115;22213022302;1ere lettre de relance;2023-10-20;2023-11-02;217.24
15215418;21736312302;1ere lettre de relance;2023-10-20;2023-11-02;279.12
15215418;21736312302;Mise en demeure;2023-11-03;;294.12
12542419;17917742309;1ere lettre de relance;2023-10-20;2023-11-02;23.78
12542419;17917742309;Mise en demeure;2023-11-03;;38.78
5620707;8029582314;1ere lettre de relance;2023-10-20;2023-10-29;477.45
11273249;16104642310;1ere lettre de relance;2023-10-20;2023-11-02;137.76
11273249;16104642310;Mise en demeure;2023-11-03;;152.76
15918813;22741162302;1ere lettre de relance;2023-10-20;2023-11-02;233.64
15918813;22741162302;Mise en demeure;2023-11-03;2023-11-04;248.64
15656922;2236703231;1er Impayé;2023-08-09;2023-09-01;61.48
10692025;1527432231;1er Impayé;2023-09-07;2023-10-03;121.95
10692039;1527434231;1er Impayé;2023-09-07;2023-10-03;320.16
10769137;1538448231;1er Impayé;2023-09-07;2023-10-03;50.82
10949695;1564242231;1er Impayé;2023-09-07;2023-10-03;122.97
11042879;1577554235;1er Impayé;2023-09-07;2023-10-03;32.97
11175221;15964602311;2ème Impayé;2023-10-09;2023-10-26;635.28
11175221;15964602311;Mise en demeure;2023-10-27;2023-11-30;650.28
11175221;15964602311;1er Impayé;2023-09-07;2023-10-03;158.82
11226482;1603783233;2ème Impayé;2023-10-09;2023-10-26;843.6
11226482;1603783233;Mise en demeure;2023-10-27;2023-11-30;858.6
11226482;1603783233;1er Impayé;2023-09-07;2023-10-03;210.9
11241966;1605995233;1er Impayé;2023-09-07;2023-10-03;106.18
11287634;1612519232;1er Impayé;2023-09-07;;242.95
11324076;16177252310;1er Impayé;2023-09-07;2023-10-03;66.58
11329865;16185522311;1er Impayé;2023-09-07;2023-10-03;126.84
11341534;1620219233;2ème Impayé;2023-10-09;2023-10-26;581.28
11341534;1620219233;Mise en demeure;2023-10-27;2023-11-30;596.28
11341534;1620219233;1er Impayé;2023-09-07;2023-10-03;145.32
11392165;1627452233;1er Impayé;2023-09-07;2023-10-03;123.65
11492923;1641846234;1er Impayé;2023-09-07;2023-09-11;128.43
11753925;1679132231;1er Impayé;2023-09-07;2023-10-03;147.39
11762094;1680299231;1er Impayé;2023-09-07;2023-09-08;106.36
11779727;16828182311;Mise en demeure;2023-10-27;2023-11-30;1278.84
11779727;16828182311;2ème Impayé;2023-10-08;2023-10-26;1263.84
11779727;16828182311;1er Impayé;2023-09-07;2023-10-03;315.96
11787175;1683882234;1er Impayé;2023-09-07;2023-10-03;81.22
11953628;1707661231;1er Impayé;2023-09-07;2023-10-03;217.7
12111534;1730219233;1er Impayé;2023-09-07;2023-09-08;61.46
12131428;1733061233;Mise en demeure;2023-10-27;2023-11-30;260.92
12131428;1733061233;1er Impayé;2023-09-07;2023-10-03;61.48
12153261;1736180231;1er Impayé;2023-09-07;2023-10-03;287.6
12131428;1733061233;2ème Impayé;2023-10-09;2023-10-26;245.92
12231087;1747298231;1er Impayé;2023-09-07;2023-09-11;275.11
12238948;1748421232;2ème Impayé;2023-10-09;2023-10-26;491.48
12238948;1748421232;Mise en demeure;2023-10-27;2023-11-30;506.48
12238948;1748421232;1er Impayé;2023-09-07;2023-10-03;122.87
12367930;1766847233;2ème Impayé;2023-10-09;2023-10-26;419.16
12367930;1766847233;Mise en demeure;2023-10-27;2023-11-30;434.16
12367930;1766847233;1er Impayé;2023-09-07;2023-10-03;104.79
12441591;1777370231;1er Impayé;2023-09-07;2023-10-03;104.04
12455374;1779339232;2ème Impayé;2023-10-09;2023-10-26;915.04
12455374;1779339232;Mise en demeure;2023-10-27;2023-11-30;930.04
12455374;1779339232;1er Impayé;2023-09-07;2023-10-03;228.76
14993182;2141883232;1er Impayé;2023-07-04;2023-07-05;715.52
15076461;2153780232;1er Impayé;2023-06-07;2023-06-19;111.99
15082922;2154703231;1er Impayé;2023-06-07;2023-07-03;66.64
15101647;2157378233;1er Impayé;2023-06-07;2023-07-03;98.54
15101843;2157406231;1er Impayé;2023-06-07;2023-07-03;118.65
15115255;2159322231;1er Impayé;2023-06-07;2023-06-20;171.4
15127190;2161027231;Suspension de garanties;2023-09-01;2023-09-07;435.88
15127190;2161027231;1er Impayé;2023-06-07;2023-07-03;105.22
15127190;2161027231;Mise en demeure;2023-07-28;2023-08-31;435.88
15127190;2161027231;2ème Impayé;2023-07-09;2023-07-27;420.88
15127190;2161027231;Annonce du contentieux;2023-09-08;2023-10-25;435.88
15154364;2164909232;1er Impayé;2023-06-07;2023-07-13;117.6
15154364;2164909232;Mise en demeure;2023-07-14;2023-07-17;485.4
15165690;2166527231;1er Impayé;2023-06-07;2023-06-12;97.08
15165781;2166540231;1er Impayé;2023-06-07;2023-07-03;72.21
15202223;2171746231;1er Impayé;2023-06-07;2023-07-05;204.36
15225442;2175063232;1er Impayé;2023-06-07;2023-07-03;144.25
15238518;2176931234;1er Impayé;2023-06-07;2023-06-13;177.6
15243642;2177663231;1er Impayé;2023-06-07;2023-07-03;208.29
15245126;2177875231;1er Impayé;2023-06-07;2023-07-05;101.07
15253246;2179035232;1er Impayé;2023-06-07;2023-07-05;62.34
15253365;2179052231;1er Impayé;2023-06-07;2023-07-03;80.37
15264187;2180598231;1er Impayé;2023-06-07;2023-07-03;49.97
15269661;2181380232;1er Impayé;2023-06-07;2023-07-03;42.53
15273091;2181870232;1er Impayé;2023-06-07;2023-07-05;89.01
15277998;2182571231;1er Impayé;2023-06-07;2023-07-03;104.69
15278019;2182574232;1er Impayé;2023-06-07;2023-07-03;90.59
15287133;2183876231;1er Impayé;2023-06-07;2023-07-03;76.31
15287133;2183876231;2ème Impayé;2023-07-09;2023-07-28;305.24
15287280;2183897231;1er Impayé;2023-06-07;2023-07-03;80.45
15288435;2184062232;1er Impayé;2023-06-07;2023-07-03;165.11
15303163;2186166233;1er Impayé;2023-06-07;2023-07-03;119.0
15304654;2186379232;1er Impayé;2023-06-07;2023-07-03;115.68
15307412;2186773232;Suspension de garanties;2023-09-01;2023-09-07;398.56
15307412;2186773232;1er Impayé;2023-06-07;2023-07-03;95.89
15307412;2186773232;Mise en demeure;2023-07-28;2023-08-31;398.56
15307412;2186773232;2ème Impayé;2023-07-11;2023-07-27;383.56
15307412;2186773232;Annonce du contentieux;2023-09-08;2023-09-12;398.56
15319480;2188497232;1er Impayé;2023-06-07;2023-07-03;95.37
15322434;2188919231;1er Impayé;2023-06-07;2023-07-03;147.03
15326060;2189437231;1er Impayé;2023-06-07;2023-06-29;85.09
15353290;2193327231;1er Impayé;2023-06-07;2023-06-15;65.08
15367710;2195387233;1er Impayé;2023-06-07;2023-07-03;81.07
15378280;2196897232;1er Impayé;2023-06-07;2023-07-04;121.95
15385777;2197968231;1er Impayé;2023-06-07;2023-07-03;274.98
15385777;2197968231;2ème Impayé;2023-07-09;2023-07-28;1099.92
15430472;2204353232;1er Impayé;2023-06-07;2023-07-03;113.49
15029750;2147107232;1er Impayé;2023-08-09;2023-09-03;115.17
15050813;2150116231;1er Impayé;2023-08-09;2023-09-03;64.08
15065849;2152264231;1er Impayé;2023-08-09;2023-09-03;174.32
15078645;2154092233;1er Impayé;2023-08-09;2023-09-06;104.68
15080717;2154388231;1er Impayé;2023-08-09;2023-09-03;80.46
15082922;2154703232;1er Impayé;2023-08-09;2023-09-03;66.64
15090629;2155804231;1er Impayé;2023-08-09;2023-08-10;78.35
15090629;2155804231;2ème Impayé;2023-09-07;2023-09-10;78.35
15095592;2156513232;1er Impayé;2023-08-09;2023-09-03;27.66
15115003;2159286232;1er Impayé;2023-08-09;2023-09-03;46.77
15123760;2160537231;1er Impayé;2023-08-09;2023-09-03;110.99
15127757;2161108232;1er Impayé;2023-08-09;2023-09-03;115.08
15127757;2161108232;2ème Impayé;2023-09-07;2023-10-03;230.16
15133791;2161970231;1er Impayé;2023-08-09;2023-08-10;86.58
15145138;2163591231;1er Impayé;2023-08-09;2023-09-03;79.59
15155421;2165060231;1er Impayé;2023-08-09;2023-08-29;38.27
15177926;2168275231;2ème Impayé;2023-09-07;2023-09-11;250.08
15162442;2166063234;1er Impayé;2023-08-09;2023-08-11;71.36
15162806;2166115231;1er Impayé;2023-08-09;2023-09-03;63.45
15177926;2168275231;1er Impayé;2023-08-09;2023-09-03;125.04
15191632;2170233231;1er Impayé;2023-08-09;2023-08-24;135.9
15196784;2170969231;1er Impayé;2023-08-09;2023-09-03;73.97
15202755;2171822231;1er Impayé;2023-08-09;2023-08-30;64.96
15208691;2172670231;1er Impayé;2023-08-09;2023-09-03;92.56
15208691;2172670231;Mise en demeure;2023-10-13;2023-11-15;477.8
15208691;2172670231;2ème Impayé;2023-09-07;2023-10-12;185.12
15225323;2175046234;1er Impayé;2023-08-09;2023-09-03;164.41
15229677;2175668231;1er Impayé;2023-08-09;2023-08-24;279.64
15229677;2175668231;Suspension de garanties;2023-09-29;2023-10-05;154.82
15229677;2175668231;Annonce du contentieux;2023-10-06;2023-10-19;154.82
15229677;2175668231;Mise en demeure;2023-08-25;2023-09-28;154.82
15229761;2175680231;1er Impayé;2023-08-09;2023-08-11;78.99
15233289;2176184231;1er Impayé;2023-08-09;2023-09-03;105.74
15238518;2176931235;1er Impayé;2023-08-09;2023-09-03;177.6
15241731;2177390231;1er Impayé;2023-08-09;2023-08-24;553.5
15244923;2177846231;1er Impayé;2023-08-09;2023-09-03;100.66
15244923;2177846231;2ème Impayé;2023-09-06;2023-09-07;201.32
15248773;2178396232;1er Impayé;2023-08-09;2023-09-03;250.9
15254912;2179273231;1er Impayé;2023-08-09;2023-09-03;126.87
15254912;2179273231;2ème Impayé;2023-09-07;2023-09-21;253.74
15263417;2180488233;1er Impayé;2023-08-09;2023-09-03;88.48
15263417;2180488233;2ème Impayé;2023-09-07;2023-09-26;176.96
15279041;2182720231;1er Impayé;2023-08-09;2023-09-03;46.36
15288435;2184062233;1er Impayé;2023-08-09;2023-09-03;165.11
15302883;2186126232;1er Impayé;2023-08-09;2023-09-03;123.82
15317352;2188193234;1er Impayé;2023-08-09;2023-09-03;36.54
15318059;2188294233;1er Impayé;2023-08-09;2023-08-13;91.32
15001323;2143046232;2ème Impayé;2023-03-23;2023-04-05;71.81
15001323;2143046232;1er Impayé;2023-02-23;2023-03-03;71.81
15089642;2155663233;1er Impayé;2023-02-23;2023-03-09;238.82
15089642;2155663233;Mise en demeure;2023-03-10;2023-03-13;253.82
11830547;1690078231;1er Impayé;2023-05-10;2023-05-11;49.96
11889011;1698430233;1er Impayé;2023-05-10;2023-06-01;51.54
11962959;1708994231;2ème Impayé;2023-06-07;2023-07-13;118.58
11962959;1708994231;Suspension de garanties;2023-08-18;2023-08-21;311.45
11962959;1708994231;Mise en demeure;2023-07-14;2023-08-17;311.45
11923983;1703426233;1er Impayé;2023-05-10;2023-06-01;139.51
11962959;1708994231;1er Impayé;2023-05-10;2023-06-01;59.29
12079187;1725598231;1er Impayé;2023-05-10;2023-06-01;246.69
12111534;1730219232;1er Impayé;2023-05-10;2023-05-12;61.46
12311132;1758733232;1er Impayé;2023-05-10;2023-06-01;66.89
12510289;1787184234;1er Impayé;2023-05-10;2023-06-01;117.04
12606973;1800996233;1er Impayé;2023-05-10;2023-05-23;122.81
12774847;1824978236;1er Impayé;2023-05-10;2023-06-01;85.36
12898698;1842671232;1er Impayé;2023-05-10;2023-06-01;210.27
13033420;1861917231;2ème Impayé;2023-06-07;2023-07-16;1014.35
13033420;1861917231;1er Impayé;2023-05-10;2023-06-01;507.16
15691278;2241611231;1er Impayé;2023-06-18;2023-06-30;53.68
11931921;1704560231;1er Impayé;2023-07-09;2023-08-02;76.28
11964037;1709148231;2ème Impayé;2023-08-09;2023-08-24;219.18
11964037;1709148231;Mise en demeure;2023-08-25;2023-09-06;234.18
11964037;1709148231;1er Impayé;2023-07-09;2023-08-02;73.06
11965535;1709362232;1er Impayé;2023-07-09;2023-08-02;359.68
12082547;1726078233;1er Impayé;2023-07-09;2023-08-02;310.41
12084458;1726351233;1er Impayé;2023-07-09;2023-08-02;122.78
12100362;1728623231;1er Impayé;2023-07-09;2023-08-02;170.44
12142152;1734593231;1er Impayé;2023-07-09;2023-08-02;65.1
12144616;1734945232;1er Impayé;2023-07-09;2023-08-02;71.01
12238948;1748421231;1er Impayé;2023-07-09;2023-08-02;122.87
12452413;1778916233;1er Impayé;2023-07-09;2023-08-07;105.6
12465328;1780761235;1er Impayé;2023-07-09;2023-08-02;107.97
12660698;1808671233;1er Impayé;2023-07-09;2023-08-02;52.64
12764361;1823480233;1er Impayé;2023-07-09;2023-08-02;94.57
12939753;1848536233;1er Impayé;2023-07-09;2023-08-02;162.26
12960949;1851564232;1er Impayé;2023-07-09;2023-08-02;87.71
13118526;1874075234;Mise en demeure;2023-08-25;2023-09-28;1105.2
13118526;1874075234;2ème Impayé;2023-08-10;2023-08-24;1090.2
13118526;1874075234;1er Impayé;2023-07-09;2023-08-02;363.4
13179685;1882812232;1er Impayé;2023-07-09;2023-08-02;216.5
13363631;1909090232;1er Impayé;2023-07-09;2023-07-10;224.53
13366557;1909508234;1er Impayé;2023-07-09;2023-08-02;47.16
13519269;1931324232;2ème Impayé;2023-08-13;2023-08-18;171.96
13519269;1931324232;1er Impayé;2023-07-09;2023-08-02;57.32
7667031;10952902321;1er Impayé;2023-10-04;2023-10-12;371.06
10487520;14982172319;1ere lettre de relance;2023-04-21;2023-05-01;492.21
8522277;12174682335;1ere lettre de relance;2023-04-21;2023-05-01;751.98
8522277;12174682335;Mise en demeure;2023-05-02;2023-05-14;766.98
15151480;21644972303;1ere lettre de relance;2023-04-21;2023-05-01;80.73
15151480;21644972303;Mise en demeure;2023-05-02;2023-05-11;95.73
9545026;13635752307;1ere lettre de relance;2023-04-21;2023-05-01;419.49
9545026;13635752307;En recouvrement;2023-06-16;2023-06-23;1039.28
9545026;13635752307;Annonce du contentieux;2023-06-09;2023-06-15;200.3
9545026;13635752307;Mise en demeure;2023-05-02;2023-06-01;434.49
9545026;13635752307;Suspension de garanties;2023-06-02;2023-06-08;200.3
13119884;18742692314;1ere lettre de relance;2023-04-21;2023-05-01;173.46
13119884;18742692314;Mise en demeure;2023-05-02;2023-05-16;188.46
14987008;21410012303;1ere lettre de relance;2023-04-21;2023-05-01;222.33
14987008;21410012303;Mise en demeure;2023-05-02;2023-05-08;237.33
9164380;13091972341;1ere lettre de relance;2023-04-21;2023-05-01;274.35
9164380;13091972341;Mise en demeure;2023-05-02;2023-05-30;289.35
12373901;17677002304;1ere lettre de relance;2023-04-21;2023-04-23;163.2
11933447;17047782305;1ere lettre de relance;2023-04-21;2023-05-01;286.8
11933447;17047782305;Mise en demeure;2023-05-02;2023-05-09;301.8
10631727;15188182329;1ere lettre de relance;2023-04-21;2023-05-01;724.35
10631727;15188182329;Mise en demeure;2023-05-02;2023-05-03;739.35
3931432;5616332341;1ere lettre de relance;2023-04-21;2023-05-01;495.57
3931432;5616332341;Mise en demeure;2023-05-02;2023-05-23;510.57
4314934;6164192305;1ere lettre de relance;2023-04-21;2023-05-01;568.68
4314934;6164192305;Mise en demeure;2023-05-02;2023-05-03;583.68
3220078;4600112360;1ere lettre de relance;2023-04-21;2023-05-01;451.23
3220078;4600112360;Mise en demeure;2023-05-02;2023-05-15;466.23
14602519;20860742307;1ere lettre de relance;2023-04-21;2023-05-01;259.65
14602519;20860742307;En recouvrement;2023-06-16;2023-06-18;793.95
14602519;20860742307;Mise en demeure;2023-05-02;2023-06-01;274.65
14602519;20860742307;Annonce du contentieux;2023-06-09;2023-06-15;274.65
14602519;20860742307;Suspension de garanties;2023-06-02;2023-06-08;274.65
5892587;8417982308;1ere lettre de relance;2023-04-21;2023-05-01;202.32
5892587;8417982308;Mise en demeure;2023-05-02;2023-05-09;217.32
15303513;21862162302;1ere lettre de relance;2023-04-21;2023-05-01;228.09
15303513;21862162302;Mise en demeure;2023-05-02;2023-05-24;243.09
11529407;16470582321;1ere lettre de relance;2023-04-21;2023-05-01;293.49
11529407;16470582321;Mise en demeure;2023-05-02;2023-05-31;308.49
4257674;6082392339;1ere lettre de relance;2023-04-21;2023-05-01;1214.82
4257674;6082392339;Mise en demeure;2023-05-02;2023-05-09;1229.82
11277169;16110242311;1ere lettre de relance;2023-04-21;2023-05-01;159.06
11277169;16110242311;Mise en demeure;2023-05-02;2023-05-15;174.06
15457681;22082402302;1ere lettre de relance;2023-04-21;2023-05-01;156.8
15457681;22082402302;Mise en demeure;2023-05-02;2023-06-01;171.8
8020699;11458142369;1ere lettre de relance;2023-04-21;2023-05-01;809.1
8020699;11458142369;Mise en demeure;2023-05-02;2023-06-01;824.1
8020699;11458142369;Suspension de garanties;2023-06-02;2023-06-09;415.0
11777417;16824882307;1ere lettre de relance;2023-04-21;2023-05-01;283.62
11777417;16824882307;Mise en demeure;2023-05-02;2023-05-31;298.62
11387013;16267162314;1ere lettre de relance;2023-04-21;2023-05-01;417.36
11387013;16267162314;Mise en demeure;2023-05-02;2023-05-20;432.36
11386705;16266722309;1ere lettre de relance;2023-10-20;2023-11-02;257.73
11386705;16266722309;Mise en demeure;2023-11-03;2023-11-21;272.73
5868864;8384092356;1ere lettre de relance;2023-10-20;2023-11-02;966.72
5868864;8384092356;Mise en demeure;2023-11-03;2023-11-15;981.72
15339283;21913262304;1ere lettre de relance;2023-10-20;2023-11-02;157.56
15339283;21913262304;Mise en demeure;2023-11-03;;172.56
9547623;13639462307;1ere lettre de relance;2023-10-20;2023-11-01;348.0
14560491;20800702308;1ere lettre de relance;2023-10-20;2023-11-02;204.78
14560491;20800702308;Mise en demeure;2023-11-03;2023-11-13;219.78
5966486;8523552309;1ere lettre de relance;2023-10-20;2023-10-30;691.41
3898567;5569382325;1ere lettre de relance;2023-10-20;2023-11-02;1250.82
3898567;5569382325;Mise en demeure;2023-11-03;;1265.82
7610765;10872522321;1ere lettre de relance;2023-10-20;2023-11-02;547.26
7610765;10872522321;Mise en demeure;2023-11-03;2023-11-07;562.26
285342;407632310;1ere lettre de relance;2023-10-20;2023-11-02;501.24
285342;407632310;Mise en demeure;2023-11-03;2023-11-09;516.24
14501327;20716182305;1ere lettre de relance;2023-10-20;2023-10-30;263.67
10270597;14672282310;1ere lettre de relance;2023-10-20;2023-10-23;518.01
12844049;18348642309;1ere lettre de relance;2023-10-20;2023-11-02;201.45
12844049;18348642309;Mise en demeure;2023-11-03;2023-11-12;216.45
4275062;6107232336;1ere lettre de relance;2023-10-20;2023-10-22;500.19
7808886;11155552325;1ere lettre de relance;2023-10-20;2023-11-05;676.59
4373412;6247732357;1ere lettre de relance;2023-10-20;2023-10-24;493.47
13628056;19468652314;1ere lettre de relance;2023-10-20;2023-11-02;300.57
13628056;19468652314;Mise en demeure;2023-11-03;2023-11-12;315.57
434834;621192336;1ere lettre de relance;2023-10-20;2023-10-23;302.55
3920232;5600332351;1ere lettre de relance;2023-10-20;2023-11-02;928.17
3920232;5600332351;Mise en demeure;2023-11-03;2023-11-19;943.17
11116043;15880062304;1ere lettre de relance;2023-10-20;2023-11-02;103.23
11116043;15880062304;Mise en demeure;2023-11-03;2023-11-04;118.23
4211768;6016812385;1ere lettre de relance;2023-10-20;2023-10-25;481.77
15616987;22309982304;1ere lettre de relance;2023-10-20;2023-11-02;76.83
15616987;22309982304;Mise en demeure;2023-11-03;;91.83
11320737;16172482324;1ere lettre de relance;2023-10-20;2023-11-02;280.77
11320737;16172482324;Mise en demeure;2023-11-03;2023-11-05;295.77
15115101;21593002303;1ere lettre de relance;2023-04-21;2023-04-23;209.4
14415185;20593122307;1ere lettre de relance;2023-10-20;2023-10-29;429.96
9558515;13655022322;1ere lettre de relance;2023-10-20;2023-10-26;434.85
90161;128802316;1ere lettre de relance;2023-10-20;2023-11-02;697.47
90161;128802316;Mise en demeure;2023-11-03;2023-11-10;712.47
15430346;22043352302;1ere lettre de relance;2023-10-20;2023-11-02;318.63
15430346;22043352302;Mise en demeure;2023-11-03;2023-11-05;333.63
15166250;21666072305;1ere lettre de relance;2023-10-20;2023-11-02;325.8
15166250;21666072305;Mise en demeure;2023-11-03;;340.8
4936730;7052472367;1ere lettre de relance;2023-10-20;2023-10-30;2190.18
10363921;14805602310;1ere lettre de relance;2023-10-20;2023-11-02;302.13
10363921;14805602310;Mise en demeure;2023-11-03;;317.13
4895864;6994092344;1ere lettre de relance;2023-10-20;2023-10-23;997.53
13939101;19913002308;1ere lettre de relance;2023-10-20;2023-11-02;134.55
13939101;19913002308;Mise en demeure;2023-11-03;;149.55
11901135;17001622305;1ere lettre de relance;2023-10-20;2023-11-02;348.9
11901135;17001622305;Mise en demeure;2023-11-03;;363.9
8166425;11666322335;1ere lettre de relance;2023-10-20;2023-11-02;800.25
8166425;11666322335;Mise en demeure;2023-11-03;2023-11-06;815.25
13516371;19309102311;1ere lettre de relance;2023-10-20;2023-10-28;229.38
4698912;6712732302;1ere lettre de relance;2023-10-20;2023-11-02;276.03
4698912;6712732302;Mise en demeure;2023-11-03;;291.03
14440133;20628762308;1ere lettre de relance;2023-10-20;2023-10-27;373.68
14306342;20437632306;1ere lettre de relance;2023-10-20;2023-11-02;216.36
14306342;20437632306;Mise en demeure;2023-11-03;;231.36
8122955;11604222307;1ere lettre de relance;2023-10-20;2023-10-30;447.48
7955459;11364942310;1ere lettre de relance;2023-10-20;2023-11-02;395.55
7955459;11364942310;Mise en demeure;2023-11-03;2023-11-19;410.55
14757205;21081722304;1ere lettre de relance;2023-10-20;2023-11-02;172.8
14757205;21081722304;Mise en demeure;2023-11-03;2023-11-08;187.8
6101754;8716792355;1ere lettre de relance;2023-10-20;2023-11-02;810.99
6101754;8716792355;Mise en demeure;2023-11-03;2023-11-22;825.99
15070637;21529482305;1ere lettre de relance;2023-10-20;2023-11-02;169.35
15070637;21529482305;Mise en demeure;2023-11-03;2023-11-08;184.35
4910200;7014572351;1ere lettre de relance;2023-10-20;2023-11-02;631.08
4910200;7014572351;Mise en demeure;2023-11-03;2023-11-06;646.08
15693609;22419442303;1ere lettre de relance;2023-10-20;2023-11-02;228.81
15693609;22419442303;Mise en demeure;2023-11-03;;243.81
8973035;12818622315;1ere lettre de relance;2023-10-20;2023-10-26;161.37
15713860;22448372303;1ere lettre de relance;2023-10-20;2023-11-02;168.75
15713860;22448372303;Mise en demeure;2023-11-03;2023-11-15;183.75
15134701;21621002306;1ere lettre de relance;2023-10-20;2023-10-23;465.09
8181706;11688152332;1ere lettre de relance;2023-10-20;2023-11-02;669.84
8181706;11688152332;Mise en demeure;2023-11-03;;684.84
15393351;21990502304;1ere lettre de relance;2023-10-20;2023-11-02;199.68
15393351;21990502304;Mise en demeure;2023-11-03;2023-11-10;214.68
8816326;12594752319;1ere lettre de relance;2023-10-20;2023-11-02;269.1
8816326;12594752319;Mise en demeure;2023-11-03;2023-11-23;284.1
10842294;15488992313;1ere lettre de relance;2023-10-20;2023-11-02;339.93
10842294;15488992313;Mise en demeure;2023-11-03;;354.93
15218155;21740222306;1ere lettre de relance;2023-10-20;2023-11-02;51.03
15218155;21740222306;Mise en demeure;2023-11-03;;117.06
11967348;17096212313;1ere lettre de relance;2023-10-20;2023-10-25;579.41
4729285;6756122361;1ere lettre de relance;2023-10-20;2023-11-02;715.08
4729285;6756122361;Mise en demeure;2023-11-03;;730.08
7764457;11092082337;1ere lettre de relance;2023-10-20;2023-11-02;332.64
7764457;11092082337;Mise en demeure;2023-11-03;2023-11-08;347.64
5132471;7332102350;1ere lettre de relance;2023-10-20;2023-10-24;395.52
15955465;22793522302;1ere lettre de relance;2023-10-20;2023-11-02;151.92
15955465;22793522302;Mise en demeure;2023-11-03;;166.92
14663916;20948452306;1ere lettre de relance;2023-10-20;2023-10-22;97.05
10261966;14659952306;Mise en demeure;2023-11-03;;507.27
12443845;17776922314;1ere lettre de relance;2023-10-20;2023-11-02;131.52
10261966;14659952306;1ere lettre de relance;2023-10-20;2023-11-02;492.27
12443845;17776922314;Mise en demeure;2023-11-03;2023-11-12;146.52
14919444;21313492301;1ere lettre de relance;2023-10-20;2023-11-02;426.0
12477270;17824672304;1ere lettre de relance;2023-10-20;2023-11-02;156.39
12477270;17824672304;Mise en demeure;2023-11-03;2023-11-08;171.39
4233797;6048282361;1ere lettre de relance;2023-10-20;2023-11-02;580.5
4233797;6048282361;Mise en demeure;2023-11-03;2023-11-06;595.5
5698169;8140242322;1ere lettre de relance;2023-10-20;2023-11-02;610.76
5698169;8140242322;Mise en demeure;2023-11-03;2023-11-23;625.76
10652636;15218052311;1er Impayé;2023-04-17;2023-06-06;444.12
12563027;1794718233;1er Impayé;2023-04-17;2023-05-04;80.14
12563027;1794718233;Mise en demeure;2023-06-02;2023-06-29;255.42
12851455;1835922236;1er Impayé;2023-04-17;2023-05-04;130.76
13055701;1865100234;1er Impayé;2023-04-17;2023-04-27;84.7
12563027;1794718233;2ème Impayé;2023-05-16;2023-06-01;240.42
15248661;2178380231;1er Impayé;2023-04-17;2023-05-04;175.44
15476140;2210877231;1er Impayé;2023-04-17;2023-05-01;194.84
15476140;2210877231;En recouvrement;2023-06-16;2023-06-18;577.52
15476140;2210877231;Mise en demeure;2023-05-02;2023-06-01;209.84
15476140;2210877231;Annonce du contentieux;2023-06-09;2023-06-15;209.84
15476140;2210877231;Suspension de garanties;2023-06-02;2023-06-08;209.84
15660205;2237172232;1er Impayé;2023-04-17;2023-05-02;69.89
15660205;2237172232;2ème Impayé;2023-05-16;2023-05-29;209.67
15691817;2241688231;1er Impayé;2023-04-17;2023-05-02;96.47
15769447;2252778231;1er Impayé;2023-04-17;2023-05-04;150.24
15769447;2252778231;2ème Impayé;2023-05-16;2023-06-01;428.72
15769447;2252778231;Mise en demeure;2023-06-02;2023-06-05;443.72
15783720;2254817231;1er Impayé;2023-04-17;2023-04-25;226.1
15773955;2253422231;1er Impayé;2023-04-17;2023-05-02;27.84
12510289;1787184235;1er Impayé;2023-09-07;2023-10-03;117.04
12543049;1791864232;1er Impayé;2023-09-07;2023-09-13;85.72
12554522;1793503231;1er Impayé;2023-09-07;2023-09-10;150.64
12566506;1795215231;1er Impayé;2023-09-07;2023-10-03;54.28
12577874;1796839237;2ème Impayé;2023-10-09;2023-11-02;524.36
12577874;1796839237;1er Impayé;2023-09-07;2023-10-03;131.09
12577874;1796839237;Mise en demeure;2023-11-03;2023-11-30;539.36
12710412;1815773231;2ème Impayé;2023-10-09;2023-10-26;310.76
12710412;1815773231;Mise en demeure;2023-10-27;2023-11-30;325.76
12710412;1815773231;1er Impayé;2023-09-07;2023-10-03;77.69
12732686;1818955233;2ème Impayé;2023-10-09;2023-10-26;1341.96
12732686;1818955233;Mise en demeure;2023-10-27;2023-11-28;1356.96
12732686;1818955233;1er Impayé;2023-09-07;2023-10-03;335.49
12733505;1819072232;1er Impayé;2023-09-07;2023-10-03;197.46
12742878;1820411232;1er Impayé;2023-09-07;2023-10-03;106.18
9339366;1334195237;1er Impayé;2023-11-13;;361.94
9358455;1336922232;1er Impayé;2023-11-13;;330.68
9809906;1401415234;1er Impayé;2023-11-13;;74.27
10451561;1493080232;1er Impayé;2023-11-13;2023-11-15;173.38
10922983;1560426232;1er Impayé;2023-11-13;;148.62
11842608;1691801234;1er Impayé;2023-11-13;;168.93
13442444;1920349232;1er Impayé;2023-11-13;;50.65
13665968;1952281231;1er Impayé;2023-11-13;;236.62
13918465;1988352231;1er Impayé;2023-11-13;;156.03
13939325;1991332232;1er Impayé;2023-11-13;;92.86
14066319;2009474233;1er Impayé;2023-11-13;2023-11-26;74.61
14379933;2054276232;1er Impayé;2023-11-13;;98.02
14426259;2060894231;1er Impayé;2023-11-13;;74.18
14578110;2082587231;1er Impayé;2023-11-13;;77.36
14597500;2085357231;1er Impayé;2023-11-13;2023-11-29;45.45
14692420;2098917231;1er Impayé;2023-11-13;;159.34
14803153;2114736233;1er Impayé;2023-11-13;2023-11-15;150.13
14919325;2131332231;1er Impayé;2023-11-13;;275.08
15447076;2206725232;1er Impayé;2023-06-07;2023-07-03;69.08
15449043;2207006231;1er Impayé;2023-06-07;2023-07-03;62.17
15449918;2207131231;1er Impayé;2023-06-07;2023-07-03;80.98
15457394;2208199232;1er Impayé;2023-06-07;2023-07-03;103.66
15459998;2208571232;1er Impayé;2023-06-07;2023-07-03;70.12
15479430;2211347231;1er Impayé;2023-06-07;2023-07-03;48.73
15480340;2211477231;1er Impayé;2023-06-07;2023-06-30;92.45
15480494;2211499231;1er Impayé;2023-06-07;2023-07-03;61.14
15511490;2215927231;1er Impayé;2023-06-07;2023-07-03;89.21
15513058;2216151231;1er Impayé;2023-06-07;2023-06-30;197.27
15522767;2217538231;1er Impayé;2023-06-07;2023-06-30;110.64
15513282;2216183232;Suspension de garanties;2023-09-01;2023-09-07;450.96
15513282;2216183232;1er Impayé;2023-06-07;2023-06-30;108.99
15513282;2216183232;Mise en demeure;2023-07-28;2023-08-31;450.96
15513282;2216183232;2ème Impayé;2023-07-09;2023-07-27;435.96
15519568;2217081231;1er Impayé;2023-06-07;2023-07-13;78.12
15519568;2217081231;Mise en demeure;2023-07-14;2023-08-01;327.48
15562065;2223152232;1er Impayé;2023-06-07;2023-06-30;85.56
15568792;2224113231;1er Impayé;2023-06-07;2023-06-30;108.75
15579775;2225682231;1er Impayé;2023-06-07;2023-06-30;49.19
15581721;2225960231;1er Impayé;2023-06-07;2023-06-30;120.42
15590219;2227174231;1er Impayé;2023-06-07;2023-06-30;80.98
15590219;2227174231;2ème Impayé;2023-07-09;2023-07-25;323.92
15590275;2227182231;1er Impayé;2023-06-07;2023-06-30;76.81
15590275;2227182231;2ème Impayé;2023-07-09;2023-07-25;307.24
15590408;2227201231;1er Impayé;2023-06-07;2023-06-30;69.93
15608426;2229775231;1er Impayé;2023-06-07;2023-06-30;63.07
15624771;2232110231;1er Impayé;2023-06-07;2023-06-30;244.4
15624869;2232124231;1er Impayé;2023-06-07;2023-06-28;131.36
15624869;2232124231;Mise en demeure;2023-07-28;2023-08-08;277.74
15627046;2232435231;1er Impayé;2023-06-07;2023-06-30;96.76
15630427;2232918231;1er Impayé;2023-06-07;2023-06-30;161.69
15637385;2233912232;1er Impayé;2023-06-07;2023-06-30;155.85
15644518;2234931231;1er Impayé;2023-06-07;2023-06-30;57.35
15646751;2235250231;Suspension de garanties;2023-09-01;2023-09-07;368.16
15646751;2235250231;1er Impayé;2023-06-07;2023-06-30;88.29
15646751;2235250231;En recouvrement;2023-09-24;;633.03
15646751;2235250231;Mise en demeure;2023-07-28;2023-08-31;368.16
15646751;2235250231;2ème Impayé;2023-07-09;2023-07-27;353.16
15513282;2216183232;Annonce du contentieux;2023-09-08;2023-09-24;450.96
15624869;2232124231;2ème Impayé;2023-07-09;2023-07-27;394.11
15646751;2235250231;Annonce du contentieux;2023-09-08;2023-09-23;368.16
15652512;2236073232;1er Impayé;2023-06-07;2023-06-30;67.84
15688065;2241152232;1er Impayé;2023-06-07;2023-06-30;95.64
15697032;2242433232;1er Impayé;2023-06-07;2023-06-30;66.63
15706440;2243777232;1er Impayé;2023-06-07;2023-06-30;23.86
15709604;2244229231;1er Impayé;2023-06-07;2023-06-30;50.49
15339437;2191348232;1er Impayé;2023-08-09;2023-09-03;98.03
15367710;2195387234;1er Impayé;2023-08-09;2023-09-03;81.07
15369908;2195701231;1er Impayé;2023-08-09;2023-09-03;129.31
15380233;2197176231;1er Impayé;2023-08-09;2023-09-03;91.81
15382130;2197447232;1er Impayé;2023-08-09;2023-09-03;166.63
15383502;2197643231;1er Impayé;2023-08-09;2023-08-13;105.47
15383502;2197643231;2ème Impayé;2023-09-07;2023-09-08;105.47
15396193;2199456232;1er Impayé;2023-08-09;2023-08-24;213.62
15396193;2199456232;Mise en demeure;2023-08-25;2023-09-14;228.62
15403186;2200455232;1er Impayé;2023-08-09;2023-09-03;108.88
15403186;2200455232;2ème Impayé;2023-09-06;2023-09-10;217.76
15410760;2201537231;1er Impayé;2023-08-09;2023-09-03;77.42
15424543;2203506232;1er Impayé;2023-08-09;2023-09-03;72.11
15431508;2204501231;1er Impayé;2023-08-09;2023-09-03;85.93
15447307;2206758232;2ème Impayé;2023-09-07;2023-09-08;164.3
15449043;2207006232;1er Impayé;2023-08-09;2023-09-03;62.17
15446621;2206660232;1er Impayé;2023-08-09;2023-09-03;98.73
15447307;2206758232;1er Impayé;2023-08-09;2023-09-03;82.15
15456533;2208076231;1er Impayé;2023-08-09;2023-09-03;71.63
15457394;2208199233;1er Impayé;2023-08-09;2023-09-03;103.66
15457394;2208199233;Mise en demeure;2023-10-13;2023-10-28;533.3
15457394;2208199233;2ème Impayé;2023-09-07;2023-10-12;207.32
15459998;2208571233;1er Impayé;2023-08-09;2023-09-03;70.12
15463246;2209035232;1er Impayé;2023-08-09;2023-09-03;85.86
15463246;2209035232;2ème Impayé;2023-09-07;2023-09-13;171.72
15473739;2210534231;1er Impayé;2023-08-09;2023-09-01;91.71
15480081;2211440231;1er Impayé;2023-08-09;2023-08-10;196.45
15480340;2211477232;1er Impayé;2023-08-09;2023-09-01;92.45
15480340;2211477232;2ème Impayé;2023-09-07;;184.9
15485674;2212239231;1er Impayé;2023-08-09;2023-08-13;118.53
15504623;2214946231;1er Impayé;2023-08-09;2023-08-21;77.24
15511210;2215887231;1er Impayé;2023-08-09;2023-09-01;130.59
15511210;2215887231;2ème Impayé;2023-09-07;2023-09-27;261.18
15522767;2217538232;1er Impayé;2023-08-09;2023-09-01;110.64
15522767;2217538232;Mise en demeure;2023-10-13;;568.2
15522767;2217538232;2ème Impayé;2023-09-07;2023-10-12;221.28
15526386;2218055231;1er Impayé;2023-08-09;2023-09-01;138.69
15526386;2218055231;2ème Impayé;2023-09-07;2023-09-11;277.38
15529081;2218440232;1er Impayé;2023-08-09;2023-08-11;85.76
15544789;2220684231;1er Impayé;2023-08-09;2023-09-01;109.45
15547127;2221018231;1er Impayé;2023-08-09;2023-09-01;49.75
15558082;2222583232;1er Impayé;2023-08-09;2023-08-24;167.55
15558082;2222583232;Suspension de garanties;2023-09-29;2023-10-02;182.55
15558082;2222583232;Mise en demeure;2023-08-25;2023-09-28;182.55
15559846;2222835231;1er Impayé;2023-08-09;2023-09-01;62.36
15559846;2222835231;Mise en demeure;2023-10-13;2023-11-16;317.92
15559846;2222835231;2ème Impayé;2023-09-07;2023-10-12;124.72
15569219;2224174231;1er Impayé;2023-08-09;2023-09-01;37.34
15569219;2224174231;2ème Impayé;2023-09-07;2023-09-08;74.68
15573524;2224789231;1er Impayé;2023-08-09;2023-09-01;79.01
15573727;2224818231;1er Impayé;2023-08-09;2023-09-03;228.57
15579775;2225682232;1er Impayé;2023-08-09;2023-09-01;49.19
15582757;2226108231;1er Impayé;2023-08-09;2023-09-01;63.29
15586607;2226658231;1er Impayé;2023-08-09;2023-09-03;64.69
15605325;2229332231;1er Impayé;2023-08-09;2023-09-03;47.49
15617127;2231018233;1er Impayé;2023-08-09;2023-09-01;103.45
15626388;2232341231;1er Impayé;2023-08-09;2023-08-15;108.62
15628187;2232598231;1er Impayé;2023-08-09;2023-09-01;83.67
15628187;2232598231;2ème Impayé;2023-09-24;2023-10-29;167.34
10769970;1538567232;1er Impayé;2023-03-13;2023-03-29;468.14
5515056;787865235;1er Impayé;2023-03-13;2023-04-05;333.5
9190084;1312869231;1er Impayé;2023-03-13;2023-04-03;399.7
10717239;1531034234;1er Impayé;2023-03-13;2023-03-17;235.54
11743488;1677641234;1er Impayé;2023-03-13;2023-03-20;173.98
13281836;1897405233;1er Impayé;2023-03-13;2023-04-03;102.37
13740441;1962920231;1er Impayé;2023-03-13;2023-04-03;103.54
14077358;2011051231;1er Impayé;2023-03-13;2023-03-28;104.41
14102607;2014658231;1er Impayé;2023-03-13;2023-04-03;118.97
14870549;2124364231;1er Impayé;2023-03-13;2023-03-15;128.36
14924099;2132014231;1er Impayé;2023-03-13;2023-04-03;36.37
14924099;2132014231;Mise en demeure;2023-05-02;2023-05-11;160.48
15420154;2202879231;1er Impayé;2023-03-13;2023-04-12;65.09
14924099;2132014231;2ème Impayé;2023-04-12;2023-05-01;145.48
15401639;2200234231;1er Impayé;2023-03-13;2023-04-03;155.15
15410053;2201436233;Mise en demeure;2023-04-14;2023-04-25;387.7
15410053;2201436233;1er Impayé;2023-03-13;2023-04-13;32.95
15431480;2204497231;1er Impayé;2023-03-13;2023-03-20;162.14
15440671;2205810231;1er Impayé;2023-03-13;2023-03-29;100.2
13544441;1934920232;1er Impayé;2023-07-09;2023-08-02;144.16
13572889;1938984236;1er Impayé;2023-07-09;2023-08-02;102.36
13591348;1941621232;2ème Impayé;2023-08-07;2023-08-10;147.94
13591348;1941621232;1er Impayé;2023-07-09;2023-07-18;73.97
13604270;1943467233;1er Impayé;2023-07-09;2023-08-02;78.65
13622533;1946076233;1er Impayé;2023-07-09;2023-08-02;45.94
13807620;1972517233;1er Impayé;2023-07-09;2023-08-02;27.25
13876199;1982314231;1er Impayé;2023-07-09;2023-08-02;191.28
13883276;1983325231;1er Impayé;2023-07-09;2023-07-12;132.64
13901889;1985984231;1er Impayé;2023-07-09;2023-08-02;77.22
13935125;1990732234;1er Impayé;2023-07-09;2023-08-02;110.27
14011306;2001615231;1er Impayé;2023-07-09;2023-08-02;35.85
14013483;2001926231;1er Impayé;2023-07-09;2023-08-02;773.76
14072038;2010291231;1er Impayé;2023-07-09;2023-08-02;48.88
14103321;2014760231;1er Impayé;2023-07-09;2023-07-18;132.02
14112421;2016060232;1er Impayé;2023-07-09;2023-08-02;209.16
14156374;2022339231;1er Impayé;2023-07-09;2023-08-02;54.87
14228257;2032608233;1er Impayé;2023-07-09;2023-08-02;187.88
14232135;2033162235;1er Impayé;2023-07-09;2023-08-02;55.69
14241907;2034558234;1er Impayé;2023-07-09;2023-08-02;60.94
14248396;2035485232;1er Impayé;2023-07-09;2023-08-02;49.4
14274842;2039263231;1er Impayé;2023-07-09;2023-07-11;83.32
14324339;2046334231;1er Impayé;2023-07-09;2023-08-02;105.08
14360270;2051467232;1er Impayé;2023-07-09;2023-07-23;63.56
14403033;2057576232;2ème Impayé;2023-08-09;2023-08-24;186.9
14403033;2057576232;Mise en demeure;2023-08-25;2023-09-24;108.45
14403033;2057576232;1er Impayé;2023-07-09;2023-07-11;93.45
14377077;2053868237;1er Impayé;2023-07-09;2023-07-31;143.89
14436430;2062347231;1er Impayé;2023-07-09;2023-08-02;121.39
14450899;2064414231;1er Impayé;2023-07-09;2023-08-02;111.02
14467356;2066765231;1er Impayé;2023-07-09;2023-08-07;64.15
7350666;10500952312;1er Impayé;2023-02-26;2023-04-07;348.54
13221587;1888798236;1er Impayé;2023-02-26;2023-03-14;120.4
15099015;2157002233;Mise en demeure;2023-04-14;2023-04-17;403.55
15099015;2157002233;2ème Impayé;2023-03-26;2023-04-13;155.42
15099015;2157002233;1er Impayé;2023-02-26;2023-03-14;77.71
15507108;2215301231;1er Impayé;2023-02-26;2023-03-03;113.39
15660205;2237172231;1er Impayé;2023-02-26;2023-02-27;58.44
15664321;2237760231;1er Impayé;2023-02-26;2023-03-03;80.53
15664482;2237783231;1er Impayé;2023-02-26;2023-03-03;42.0
15664622;2237803231;1er Impayé;2023-02-26;2023-03-03;23.9
15771631;22530902302;1ere lettre de relance;2023-10-27;2023-11-09;149.76
15771631;22530902302;Mise en demeure;2023-11-10;;164.76
14726433;21037762301;1ere lettre de relance;2023-10-27;2023-11-09;286.16
13957112;19938732301;1ere lettre de relance;2023-10-27;2023-11-09;499.68
13957112;19938732301;Mise en demeure;2023-11-10;;499.68
15978033;22825762301;1ere lettre de relance;2023-10-27;2023-11-09;187.82
15978033;22825762301;Mise en demeure;2023-11-10;;202.82
16024268;22891812302;1ere lettre de relance;2023-10-27;;588.75
5838967;8341382308;1ere lettre de relance;2023-10-27;2023-11-09;994.32
5838967;8341382308;Mise en demeure;2023-11-10;2023-11-12;1009.32
16098566;22997952301;1ere lettre de relance;2023-10-27;2023-11-07;165.91
282353;403362340;1ere lettre de relance;2023-10-27;2023-11-03;203.85
15006132;21437332303;1ere lettre de relance;2023-10-27;2023-11-09;106.21
15006132;21437332303;Mise en demeure;2023-11-10;2023-11-27;121.21
15151480;21644972305;1ere lettre de relance;2023-10-27;2023-11-09;191.46
15151480;21644972305;Mise en demeure;2023-11-10;;206.46
15923384;22747692302;1ere lettre de relance;2023-10-27;2023-11-05;83.32
16095066;22992952301;1ere lettre de relance;2023-10-27;2023-11-02;99.47
15885416;22693452302;1ere lettre de relance;2023-10-27;2023-11-09;380.6
15885416;22693452302;Mise en demeure;2023-11-10;;395.6
10152465;14503522301;1ere lettre de relance;2023-10-27;2023-11-09;197.16
10152465;14503522301;Mise en demeure;2023-11-10;2023-11-21;212.16
15198338;21711912306;1ere lettre de relance;2023-10-27;2023-11-09;307.04
15198338;21711912306;Mise en demeure;2023-11-10;;212.04
16101401;23002002301;1ere lettre de relance;2023-10-27;2023-11-09;209.41
16101401;23002002301;Mise en demeure;2023-11-10;2023-11-28;224.41
15753459;22504942304;1ere lettre de relance;2023-10-27;2023-11-03;791.65
7371064;10530092301;1ere lettre de relance;2023-10-27;2023-11-09;326.91
7371064;10530092301;Mise en demeure;2023-11-10;;341.91
13604375;19434822309;1ere lettre de relance;2023-04-21;2023-05-01;285.93
13604375;19434822309;Mise en demeure;2023-05-02;2023-05-05;300.93
14950552;21357932305;1ere lettre de relance;2023-04-21;2023-05-01;176.64
14950552;21357932305;En recouvrement;2023-06-16;2023-06-23;544.92
14950552;21357932305;Mise en demeure;2023-05-02;2023-06-01;191.64
14950552;21357932305;Annonce du contentieux;2023-06-09;2023-06-15;191.64
14950552;21357932305;Suspension de garanties;2023-06-02;2023-06-08;191.64
12187400;17410572309;1ere lettre de relance;2023-04-21;2023-05-01;247.77
12187400;17410572309;Mise en demeure;2023-05-02;2023-05-24;162.77
9765596;13950852312;1ere lettre de relance;2023-04-21;2023-05-01;255.63
9765596;13950852312;Mise en demeure;2023-05-02;2023-05-25;270.63
3867207;5524582382;1ere lettre de relance;2023-04-21;2023-05-01;395.1
3867207;5524582382;Annonce du contentieux;2023-06-09;2023-06-11;410.1
3867207;5524582382;Mise en demeure;2023-05-02;2023-06-01;410.1
3867207;5524582382;Suspension de garanties;2023-06-02;2023-06-08;410.1
15400386;22000552301;1ere lettre de relance;2023-04-21;2023-05-02;57.24
13805128;19721612305;1ere lettre de relance;2023-04-21;2023-05-11;300.0
13805128;19721612305;Mise en demeure;2023-05-12;2023-05-24;315.0
13591579;19416542309;1ere lettre de relance;2023-04-21;2023-05-01;192.33
13591579;19416542309;Mise en demeure;2023-05-02;2023-05-04;207.33
11258003;16082862325;1ere lettre de relance;2023-04-21;2023-04-25;324.69
11014627;15735182316;1ere lettre de relance;2023-04-21;2023-04-25;283.89
4438855;6341222313;1ere lettre de relance;2023-04-21;2023-05-02;522.51
13869255;19813222302;1ere lettre de relance;2023-04-21;2023-05-01;388.81
13869255;19813222302;Suspension de garanties;2023-06-02;2023-06-05;253.81
13869255;19813222302;Mise en demeure;2023-05-02;2023-06-01;403.81
12395748;17708212310;1ere lettre de relance;2023-04-21;2023-05-01;221.19
12395748;17708212310;Mise en demeure;2023-05-02;2023-05-17;236.19
15379932;21971332302;1ere lettre de relance;2023-04-21;2023-05-01;306.87
15379932;21971332302;Mise en demeure;2023-05-02;2023-07-06;321.87
15379932;21971332302;Suspension de garanties;2023-07-07;2023-07-13;512.74
15379932;21971332302;Annonce du contentieux;2023-07-14;2023-07-19;512.74
10510032;15014332318;1ere lettre de relance;2023-04-21;2023-05-01;249.18
13179818;18828312305;1ere lettre de relance;2023-04-21;2023-04-26;525.09
13179818;18828312305;Mise en demeure;2023-05-26;2023-06-19;290.09
10406908;14867012329;1ere lettre de relance;2023-04-21;2023-05-01;306.84
10406908;14867012329;Mise en demeure;2023-05-02;2023-05-11;321.84
470779;672542315;1ere lettre de relance;2023-04-21;2023-05-01;953.67
7667031;10952902319;1ere lettre de relance;2023-04-21;2023-05-01;371.76
7667031;10952902319;Mise en demeure;2023-05-02;2023-05-24;386.76
10327444;14753492334;1ere lettre de relance;2023-04-21;2023-05-02;637.98
4952109;7074442357;1ere lettre de relance;2023-04-21;2023-04-27;827.97
10531466;15044952322;1ere lettre de relance;2023-04-21;2023-05-01;436.05
10531466;15044952322;Mise en demeure;2023-05-02;2023-05-10;451.05
13573687;19390982304;1ere lettre de relance;2023-04-21;2023-05-01;736.89
3968063;5668662357;1ere lettre de relance;2023-04-21;2023-04-27;544.53
99471;142102339;1ere lettre de relance;2023-04-21;2023-04-26;1140.84
14977726;21396752304;1ere lettre de relance;2023-10-20;2023-11-01;143.97
13273961;18962802305;1ere lettre de relance;2023-10-20;2023-11-02;368.22
13273961;18962802305;Mise en demeure;2023-11-03;;383.22
14256929;20367042302;1ere lettre de relance;2023-10-20;2023-11-02;490.1
14256929;20367042302;Mise en demeure;2023-11-03;2023-11-28;505.1
10856777;15509682319;1ere lettre de relance;2023-10-20;2023-11-02;1014.26
10856777;15509682319;Mise en demeure;2023-11-03;2023-11-15;1029.26
15617610;22310872304;1ere lettre de relance;2023-10-20;2023-10-29;471.96
13926669;19895242305;1ere lettre de relance;2023-10-20;2023-10-23;492.84
14846910;21209872302;1ere lettre de relance;2023-10-20;2023-10-29;345.6
15842632;22632332302;1ere lettre de relance;2023-10-20;2023-11-02;357.39
15842632;22632332302;Mise en demeure;2023-11-03;;372.39
10891126;15558752309;1ere lettre de relance;2023-10-20;2023-11-02;157.56
10891126;15558752309;Mise en demeure;2023-11-03;2023-11-23;172.56
13862101;19803002308;1ere lettre de relance;2023-10-20;2023-11-02;434.13
13862101;19803002308;Mise en demeure;2023-11-03;2023-11-22;449.13
5754449;8220642347;1ere lettre de relance;2023-10-20;2023-11-02;582.63
5754449;8220642347;Mise en demeure;2023-11-03;;597.63
11972654;17103792316;1ere lettre de relance;2023-10-20;2023-11-02;358.41
11972654;17103792316;Mise en demeure;2023-11-03;;373.41
770638;1100912311;1ere lettre de relance;2023-10-20;2023-11-02;492.36
770638;1100912311;Mise en demeure;2023-11-03;2023-11-23;507.36
15718851;22455502302;1ere lettre de relance;2023-10-20;2023-10-23;194.61
8690039;12414342347;1ere lettre de relance;2023-10-20;2023-10-31;571.56
14987743;21411062304;1ere lettre de relance;2023-10-20;2023-11-05;191.64
117034;167192305;1ere lettre de relance;2023-10-20;2023-10-22;1236.78
13318628;19026612306;1ere lettre de relance;2023-10-20;2023-11-02;94.26
13318628;19026612306;Mise en demeure;2023-11-03;;109.26
14506206;20723152305;1ere lettre de relance;2023-10-20;2023-11-02;179.16
14506206;20723152305;Mise en demeure;2023-11-03;2023-11-15;194.16
4656310;6651872340;1ere lettre de relance;2023-10-20;2023-11-02;487.77
4656310;6651872340;Mise en demeure;2023-11-03;2023-11-29;502.77
12388713;17698162308;1ere lettre de relance;2023-10-20;2023-11-02;888.24
12388713;17698162308;Mise en demeure;2023-11-03;2023-11-10;903.24
15078295;21540422305;1ere lettre de relance;2023-10-20;2023-11-02;402.9
15078295;21540422305;Mise en demeure;2023-11-03;2023-11-23;417.9
15078127;21540182303;1ere lettre de relance;2023-10-20;2023-11-02;315.18
15078127;21540182303;Mise en demeure;2023-11-03;;315.18
4549336;6499052308;1ere lettre de relance;2023-10-20;2023-10-25;19.54
4336060;6194372331;1ere lettre de relance;2023-10-20;2023-11-01;498.45
126015;180022355;1ere lettre de relance;2023-10-20;2023-11-02;728.46
126015;180022355;Mise en demeure;2023-11-03;2023-11-23;743.46
14103748;20148212304;1ere lettre de relance;2023-10-20;2023-11-02;237.09
14103748;20148212304;Mise en demeure;2023-11-03;;252.09
15836367;22623382302;1ere lettre de relance;2023-10-20;2023-11-02;107.34
15836367;22623382302;Mise en demeure;2023-11-03;2023-11-24;122.34
11161662;15945232304;Mise en demeure;2023-11-03;2023-11-05;434.7
4653895;6648422364;1ere lettre de relance;2023-10-20;2023-10-25;533.34
13179818;18828312305;2ème Impayé;2023-05-07;2023-05-25;275.09
3923298;5604712355;1ere lettre de relance;2023-10-20;2023-11-01;809.22
11161662;15945232304;1ere lettre de relance;2023-10-20;2023-11-02;419.7
16038884;22912692301;1ere lettre de relance;2023-10-20;;235.95
15671531;22387902304;1ere lettre de relance;2023-10-20;2023-11-02;558.75
15671531;22387902304;Mise en demeure;2023-11-03;2023-11-16;387.5
13544000;19348572304;1ere lettre de relance;2023-10-20;2023-11-02;437.22
13544000;19348572304;Mise en demeure;2023-11-03;2023-11-05;452.22
12189493;17413562303;1ere lettre de relance;2023-10-20;2023-11-02;230.52
12189493;17413562303;Mise en demeure;2023-11-03;2023-11-19;245.52
11746673;16780962319;1ere lettre de relance;2023-10-20;2023-11-09;269.19
11746673;16780962319;Mise en demeure;2023-11-10;;284.19
4220469;6029242363;1ere lettre de relance;2023-10-20;2023-10-21;305.58
15023730;21462472306;1ere lettre de relance;2023-10-20;2023-11-02;336.33
15023730;21462472306;Mise en demeure;2023-11-03;2023-11-05;351.33
12971477;18530682312;1ere lettre de relance;2023-10-20;2023-11-02;274.71
12971477;18530682312;Mise en demeure;2023-11-03;2023-11-13;289.71
7894566;11277952364;1ere lettre de relance;2023-10-20;2023-11-02;1196.43
7894566;11277952364;Mise en demeure;2023-11-03;2023-11-29;1211.43
14604101;20863002306;1ere lettre de relance;2023-10-20;2023-11-01;200.97
6068924;8669892374;1ere lettre de relance;2023-10-20;2023-11-02;1511.04
6068924;8669892374;Mise en demeure;2023-11-03;2023-11-26;1526.04
13570733;19386762306;1ere lettre de relance;2023-10-20;2023-11-02;214.86
13570733;19386762306;Mise en demeure;2023-11-03;;229.86
10395792;14851132328;1ere lettre de relance;2023-10-20;2023-11-02;211.2
10395792;14851132328;Mise en demeure;2023-11-03;2023-11-04;226.2
15558418;22226312303;1ere lettre de relance;2023-10-20;2023-11-02;109.65
15558418;22226312303;Mise en demeure;2023-11-03;;124.65
14182379;20260542303;1ere lettre de relance;2023-10-20;2023-11-02;336.57
14182379;20260542303;Mise en demeure;2023-11-03;2023-11-30;351.57
15727867;22468382301;1ere lettre de relance;2023-10-20;2023-11-09;280.71
15727867;22468382301;Mise en demeure;2023-11-10;2023-11-26;295.71
8835471;12622102322;1ere lettre de relance;2023-10-20;2023-11-02;283.95
8835471;12622102322;Mise en demeure;2023-11-03;2023-11-14;298.95
12379585;17685122302;1ere lettre de relance;2023-10-20;2023-11-02;298.98
12379585;17685122302;Mise en demeure;2023-11-03;2023-11-08;313.98
15068607;21526582304;1ere lettre de relance;2023-10-20;2023-11-02;200.82
15068607;21526582304;Mise en demeure;2023-11-03;2023-11-04;215.82
4463572;6376532317;1ere lettre de relance;2023-10-20;2023-11-02;891.96
4463572;6376532317;Mise en demeure;2023-11-03;2023-11-05;906.96
10393944;14848492301;1ere lettre de relance;2023-10-20;2023-11-02;686.76
10393944;14848492301;Mise en demeure;2023-11-03;2023-11-14;701.76
13468680;19240972306;1ere lettre de relance;2023-10-20;2023-11-02;215.97
13468680;19240972306;Mise en demeure;2023-11-03;;230.97
15089866;21556952305;1ere lettre de relance;2023-10-20;2023-11-02;253.44
15089866;21556952305;Mise en demeure;2023-11-03;;268.44
15376894;21966992302;1ere lettre de relance;2023-10-20;2023-11-02;326.79
15376894;21966992302;Mise en demeure;2023-11-03;2023-11-15;341.79
15507269;22153242303;1ere lettre de relance;2023-10-20;2023-11-02;306.3
15507269;22153242303;Mise en demeure;2023-11-03;;168.15
15653772;22362532303;1ere lettre de relance;2023-10-20;2023-10-30;246.12
7913956;11305652338;1ere lettre de relance;2023-10-20;2023-11-02;1529.01
7913956;11305652338;Mise en demeure;2023-11-03;;1034.34
12580464;17972092303;1ere lettre de relance;2023-10-20;2023-10-27;166.32
15792701;22561002302;Mise en demeure;2023-11-03;;425.25
15400323;22000462302;1ere lettre de relance;2023-10-20;2023-11-02;161.88
15792701;22561002302;1ere lettre de relance;2023-10-20;2023-11-02;410.25
15400323;22000462302;Mise en demeure;2023-11-03;;176.88
14770925;21101322303;1ere lettre de relance;2023-10-20;2023-11-08;352.92
12960949;1851564233;1er Impayé;2023-09-07;2023-10-03;87.71
12962713;1851816231;1er Impayé;2023-09-07;2023-10-03;133.83
12962783;1851826231;1er Impayé;2023-09-07;2023-10-03;70.72
13014219;1859174231;1er Impayé;2023-09-07;2023-10-03;68.41
13097274;1871039235;1er Impayé;2023-09-07;2023-10-03;127.21
13108607;1872658231;2ème Impayé;2023-10-05;2023-10-26;629.12
13108607;1872658231;Mise en demeure;2023-10-27;2023-11-30;644.12
13108607;1872658231;1er Impayé;2023-09-07;2023-10-03;157.28
13155010;1879287231;1er Impayé;2023-09-07;2023-10-03;93.14
13160568;1880081231;Mise en demeure;2023-10-27;2023-11-30;462.88
13160568;1880081231;1er Impayé;2023-09-07;2023-10-03;111.97
13160988;1880141232;1er Impayé;2023-09-07;2023-10-03;54.55
13238401;1891200232;1er Impayé;2023-09-07;2023-10-03;311.99
13257350;1893907231;1er Impayé;2023-09-07;2023-10-05;236.5
13283754;1897679231;1er Impayé;2023-09-07;2023-09-20;95.19
13328498;1904071238;Mise en demeure;2023-10-27;2023-11-20;433.12
13328498;1904071238;1er Impayé;2023-09-07;2023-10-03;104.53
13368328;1909761235;2ème Impayé;2023-10-09;2023-10-26;989.4
13160568;1880081231;2ème Impayé;2023-10-09;2023-10-26;447.88
13328498;1904071238;2ème Impayé;2023-10-09;2023-10-26;418.12
13368328;1909761235;Mise en demeure;2023-10-27;2023-11-29;1004.4
13368328;1909761235;1er Impayé;2023-09-07;2023-10-03;247.35
13442808;1920401234;2ème Impayé;2023-10-09;2023-10-25;289.48
13442808;1920401234;1er Impayé;2023-09-07;2023-10-03;72.37
13493425;1927632232;1er Impayé;2023-09-07;2023-10-03;81.19
13504982;1929283231;1er Impayé;2023-09-07;2023-10-03;73.17
13532828;1933261236;2ème Impayé;2023-10-09;2023-10-27;346.74
13532828;1933261236;1er Impayé;2023-09-07;2023-09-13;115.58
13581324;1940189232;1er Impayé;2023-09-07;2023-10-03;55.37
13622533;1946076234;Mise en demeure;2023-10-27;2023-11-30;198.76
13622533;1946076234;2ème Impayé;2023-10-08;2023-10-26;183.76
13622533;1946076234;1er Impayé;2023-09-07;2023-10-03;45.94
13642637;1948948235;2ème Impayé;2023-10-09;2023-10-26;228.12
13642637;1948948235;Mise en demeure;2023-10-27;2023-11-30;243.12
13642637;1948948235;1er Impayé;2023-09-07;2023-10-03;57.03
13852245;1978892233;2ème Impayé;2023-10-09;2023-10-26;458.56
13852245;1978892233;Mise en demeure;2023-10-27;2023-11-30;473.56
13852245;1978892233;1er Impayé;2023-09-07;2023-10-03;114.64
13869864;1981409236;2ème Impayé;2023-10-09;2023-10-26;1764.93
13869864;1981409236;Mise en demeure;2023-10-27;2023-11-30;1779.93
13869864;1981409236;1er Impayé;2023-09-07;2023-10-03;441.25
13883038;1983291231;1er Impayé;2023-09-07;2023-10-03;66.91
13906740;1986677231;1er Impayé;2023-09-07;2023-10-02;59.56
13947137;1992448231;1er Impayé;2023-09-07;2023-10-03;32.0
13960178;1994311235;1er Impayé;2023-09-07;2023-09-24;113.03
13969096;1995585232;1er Impayé;2023-09-07;2023-10-03;88.41
14038081;2005440231;1er Impayé;2023-09-07;2023-10-27;113.4
14053852;2007693231;1er Impayé;2023-09-07;2023-10-03;136.9
14085037;2012148233;2ème Impayé;2023-10-09;2023-10-26;158.6
14085037;2012148233;Mise en demeure;2023-10-27;2023-11-30;173.6
14085037;2012148233;1er Impayé;2023-09-07;2023-10-03;39.65
174833;24976231;1er Impayé;2023-07-05;2023-07-20;242.74
174833;24976231;Mise en demeure;2023-07-21;2023-07-26;257.74
9204483;1314926231;1er Impayé;2023-07-05;2023-07-27;957.3
10442587;1491798233;1er Impayé;2023-07-05;2023-07-20;184.08
10442587;1491798233;Mise en demeure;2023-07-21;2023-08-02;137.72
13419022;1917003231;1er Impayé;2023-07-05;2023-07-12;409.32
13888239;1984034238;1er Impayé;2023-07-05;2023-07-20;329.16
13888239;1984034238;Mise en demeure;2023-07-21;2023-07-30;344.16
9383137;1340448237;1er Impayé;2023-06-18;2023-07-05;66.18
9426222;1346603231;1er Impayé;2023-06-18;2023-07-05;208.62
11856923;1693846232;1er Impayé;2023-06-18;2023-07-05;142.69
12131428;1733061232;1er Impayé;2023-06-18;2023-07-28;122.96
12464201;1780600231;1er Impayé;2023-06-18;2023-07-05;200.12
12537106;1791015233;1er Impayé;2023-06-18;2023-07-05;185.12
12913741;1844820236;1er Impayé;2023-06-18;2023-07-05;97.67
13297789;1899684232;Suspension de garanties;2023-09-01;2023-09-03;317.4
13297789;1899684232;2ème Impayé;2023-07-13;2023-07-27;302.4
13297789;1899684232;Mise en demeure;2023-07-28;2023-08-31;317.4
13297789;1899684232;1er Impayé;2023-06-18;2023-07-05;75.6
14280855;2040122232;1er Impayé;2023-06-18;2023-06-19;46.09
14972819;2138974232;2ème Impayé;2023-07-09;2023-07-27;320.19
14972819;2138974232;1er Impayé;2023-06-18;2023-06-19;83.75
15452599;2207514233;1er Impayé;2023-06-18;2023-06-19;70.85
15533260;2219037231;1er Impayé;2023-06-18;2023-07-05;113.68
15549115;2221302231;Suspension de garanties;2023-08-18;2023-08-24;315.28
15549115;2221302231;Annonce du contentieux;2023-08-25;2023-08-25;315.28
15549115;2221302231;1er Impayé;2023-06-18;2023-07-13;83.32
15549115;2221302231;Mise en demeure;2023-07-14;2023-08-17;315.28
15558096;2222585231;1er Impayé;2023-06-18;2023-06-30;83.34
15687981;2241140231;2ème Impayé;2023-07-13;2023-08-25;155.19
15687981;2241140231;1er Impayé;2023-06-18;2023-06-19;51.73
15688184;2241169231;1er Impayé;2023-06-18;2023-06-19;105.25
15694414;2242059231;1er Impayé;2023-06-18;2023-06-19;103.27
15766430;2252347231;1er Impayé;2023-06-18;2023-07-05;84.7
15785960;2255137231;1er Impayé;2023-06-18;2023-07-05;82.07
15715008;2245001232;1er Impayé;2023-06-07;2023-06-11;127.91
15715008;2245001232;Mise en demeure;2023-07-28;2023-08-29;398.73
15715008;2245001232;2ème Impayé;2023-07-09;2023-07-27;383.73
15716982;2245283231;1er Impayé;2023-06-07;2023-06-30;138.3
15718907;2245558231;1er Impayé;2023-06-07;2023-06-19;65.21
15719054;2245579231;1er Impayé;2023-06-07;2023-06-30;65.99
15721574;2245939231;1er Impayé;2023-06-07;2023-06-30;193.07
15731045;2247292231;1er Impayé;2023-06-07;2023-06-30;155.71
15731045;2247292231;Mise en demeure;2023-07-28;2023-08-16;237.84
15731045;2247292231;2ème Impayé;2023-07-09;2023-07-27;622.84
15733831;2247690231;1er Impayé;2023-06-07;2023-06-08;90.99
15754348;2250621231;1er Impayé;2023-06-07;2023-06-30;56.49
15754348;2250621231;Mise en demeure;2023-07-28;2023-08-16;240.96
15754348;2250621231;2ème Impayé;2023-07-09;2023-07-27;225.96
15763077;2251868231;1er Impayé;2023-06-07;2023-06-19;70.68
15764120;2252017231;1er Impayé;2023-06-07;2023-06-14;244.05
15765380;2252197231;1er Impayé;2023-06-07;2023-06-30;108.84
15765380;2252197231;2ème Impayé;2023-07-09;2023-07-28;435.36
15777224;2253889231;1er Impayé;2023-06-07;2023-07-03;91.71
15777224;2253889231;2ème Impayé;2023-07-09;2023-07-10;366.84
15785918;2255131231;1er Impayé;2023-06-07;2023-06-30;101.43
15785974;2255139231;1er Impayé;2023-06-07;2023-06-30;96.46
15786919;2255274231;Suspension de garanties;2023-09-01;2023-09-07;321.08
15786919;2255274231;1er Impayé;2023-06-07;2023-06-30;76.52
15786919;2255274231;En recouvrement;2023-09-24;2023-10-09;550.64
15786919;2255274231;Mise en demeure;2023-07-28;2023-08-31;321.08
15786919;2255274231;2ème Impayé;2023-07-09;2023-07-27;306.08
15786919;2255274231;Annonce du contentieux;2023-09-08;2023-09-23;321.08
15811986;2258855231;1er Impayé;2023-06-07;2023-06-30;53.78
15820022;2260003231;1er Impayé;2023-06-07;2023-06-11;92.28
15821814;2260259231;1er Impayé;2023-06-07;2023-06-30;80.69
15823354;2260479231;1er Impayé;2023-06-07;2023-06-30;77.23
15826525;2260932231;1er Impayé;2023-06-07;2023-06-30;53.49
15828569;2261224231;1er Impayé;2023-06-07;2023-06-27;95.45
15828569;2261224231;Mise en demeure;2023-07-28;2023-08-14;301.35
15828569;2261224231;2ème Impayé;2023-07-09;2023-07-27;286.35
15829003;2261286231;1er Impayé;2023-06-07;2023-06-30;83.06
15839727;2262818231;1er Impayé;2023-06-07;2023-06-12;28.9
11574683;1653526232;1er Impayé;2023-06-07;2023-07-03;84.85
5753329;8219042325;1er Impayé;2023-06-08;2023-07-03;284.01
5753329;8219042325;2ème Impayé;2023-07-09;2023-07-16;1136.04
8270088;1181441233;1er Impayé;2023-06-08;2023-06-22;137.66
9750651;1392950232;1er Impayé;2023-06-08;2023-06-21;56.14
9750651;1392950232;2ème Impayé;2023-07-11;2023-07-28;168.42
10161978;14517112310;Suspension de garanties;2023-09-01;2023-09-04;484.48
10161978;14517112310;1er Impayé;2023-06-08;2023-07-03;234.74
10161978;14517112310;Mise en demeure;2023-07-28;2023-08-31;484.48
10161978;14517112310;2ème Impayé;2023-07-09;2023-07-27;469.48
10387182;1483883233;1er Impayé;2023-06-08;2023-07-03;151.72
10864568;1552081233;1er Impayé;2023-06-08;2023-07-03;120.84
11394678;1627811235;1er Impayé;2023-06-08;2023-07-05;101.34
11860507;1694358231;1er Impayé;2023-06-08;2023-07-03;177.99
15643447;2234778233;1er Impayé;2023-08-09;2023-09-03;126.96
15645386;2235055231;1er Impayé;2023-08-09;2023-09-06;178.04
15648004;2235429231;1er Impayé;2023-08-09;2023-08-24;297.72
15648004;2235429231;Mise en demeure;2023-08-25;2023-09-28;312.72
15653464;2236209231;1er Impayé;2023-08-09;2023-09-03;161.32
15653464;2236209231;2ème Impayé;2023-09-07;2023-09-29;322.64
15672035;2238862232;Mise en demeure;2023-10-13;2023-10-19;222.65
15672035;2238862232;2ème Impayé;2023-09-07;2023-10-12;83.06
15672847;2238978231;2ème Impayé;2023-09-07;2023-10-03;181.44
15689857;2241408231;1er Impayé;2023-08-09;2023-09-01;53.2
15672035;2238862232;1er Impayé;2023-08-09;2023-09-01;41.53
15672847;2238978231;1er Impayé;2023-08-09;2023-09-01;90.72
15688233;2241176231;1er Impayé;2023-08-09;2023-09-01;53.01
15692188;2241741231;1er Impayé;2023-08-09;2023-09-01;73.51
15694491;2242070232;1er Impayé;2023-08-09;2023-08-31;93.23
15699531;2242790232;1er Impayé;2023-08-09;2023-09-01;126.28
15699531;2242790232;2ème Impayé;2023-09-07;2023-10-12;252.56
15710486;2244355233;1er Impayé;2023-08-09;2023-09-01;87.42
15714245;2244892233;1er Impayé;2023-08-09;2023-08-11;77.9
15714798;2244971231;1er Impayé;2023-08-09;2023-08-24;245.36
15714798;2244971231;Mise en demeure;2023-08-25;2023-09-28;260.36
15722407;2246058231;1er Impayé;2023-08-09;2023-09-01;66.08
15722407;2246058231;2ème Impayé;2023-09-07;2023-11-09;132.16
15722407;2246058231;Mise en demeure;2023-11-10;;345.4
15747229;2249604231;1er Impayé;2023-08-09;2023-09-01;94.34
15750757;2250108231;1er Impayé;2023-08-09;2023-09-01;157.17
15750757;2250108231;Suspension de garanties;2023-11-17;2023-11-24;800.85
15750757;2250108231;Mise en demeure;2023-10-13;2023-11-16;800.85
15750757;2250108231;2ème Impayé;2023-09-07;2023-10-12;314.34
15763336;2251905231;1er Impayé;2023-08-09;2023-08-31;226.41
15763336;2251905231;2ème Impayé;2023-09-07;2023-10-08;226.41
15789474;2255639231;1er Impayé;2023-08-09;2023-09-01;105.77
15789474;2255639231;2ème Impayé;2023-09-07;2023-10-04;211.54
15807751;2258250231;1er Impayé;2023-08-09;2023-09-03;59.02
15807751;2258250231;2ème Impayé;2023-09-10;2023-09-24;287.79
15821779;2260254231;1er Impayé;2023-08-09;2023-09-01;89.26
15822857;2260408231;1er Impayé;2023-08-09;2023-09-01;163.38
15825811;2260830232;1er Impayé;2023-08-09;2023-09-01;44.24
15826525;2260932232;1er Impayé;2023-08-09;2023-08-22;53.49
15826525;2260932232;2ème Impayé;2023-09-07;2023-09-18;53.49
15829626;2261375231;1er Impayé;2023-08-09;2023-08-10;205.41
15833119;2261874231;1er Impayé;2023-08-09;2023-08-15;59.08
15838754;2262679231;1er Impayé;2023-08-09;2023-09-01;79.49
15838754;2262679231;2ème Impayé;2023-09-07;2023-10-02;158.98
15839384;2262769231;1er Impayé;2023-08-09;2023-08-10;106.56
15839461;2262780233;Mise en demeure;2023-10-20;2023-11-03;398.92
15839461;2262780233;1er Impayé;2023-08-09;2023-10-19;441.24
15842037;2263148231;1er Impayé;2023-08-09;2023-09-01;37.75
15855232;2265033231;1er Impayé;2023-08-09;2023-09-01;101.83
15860083;2265726231;1er Impayé;2023-08-09;2023-09-01;109.33
15862092;2266013231;1er Impayé;2023-08-09;2023-08-21;125.29
15470897;2210128231;1er Impayé;2023-03-13;2023-03-17;13.55
15473767;2210538231;1er Impayé;2023-03-13;2023-04-03;92.24
15501809;2214544231;1er Impayé;2023-03-13;2023-03-31;50.09
15564347;2223478231;1er Impayé;2023-03-13;2023-04-03;61.62
15612192;2230313231;1er Impayé;2023-03-13;2023-04-03;151.46
15616490;2230927231;1er Impayé;2023-03-13;2023-03-22;545.08
15621509;2231644231;1er Impayé;2023-03-13;2023-03-22;179.04
14532428;2076061233;1er Impayé;2023-07-09;2023-08-02;214.23
14564194;2080599231;1er Impayé;2023-07-09;2023-08-07;105.06
14576171;2082310231;1er Impayé;2023-07-09;2023-07-14;221.34
14695906;2099415231;1er Impayé;2023-07-09;2023-08-02;55.4
14717697;2102528231;1er Impayé;2023-07-09;2023-08-02;64.27
14779717;2111388231;1er Impayé;2023-07-09;2023-08-02;153.28
14830453;2118636232;1er Impayé;2023-07-09;2023-07-31;163.44
14844488;2120641232;1er Impayé;2023-07-09;2023-08-02;86.44
14856927;2122418235;1er Impayé;2023-07-09;2023-08-02;84.48
14865180;2123597234;1er Impayé;2023-07-09;2023-07-10;197.99
14869457;2124208231;1er Impayé;2023-07-09;2023-08-02;58.69
14881112;2125873234;1er Impayé;2023-07-09;2023-08-02;132.66
14894748;2127821232;1er Impayé;2023-07-09;2023-08-02;69.85
14909399;2129914231;1er Impayé;2023-07-09;2023-08-02;75.56
14914628;2130661231;1er Impayé;2023-07-09;2023-08-02;115.82
14928306;2132615231;1er Impayé;2023-07-09;2023-08-02;31.49
14931645;2133092231;1er Impayé;2023-07-09;2023-08-02;67.02
14981149;2140164231;1er Impayé;2023-07-09;2023-08-07;70.4
14982010;2140287233;1er Impayé;2023-07-09;2023-08-02;85.37
14984929;2140704234;1er Impayé;2023-07-09;2023-08-02;68.76
14990109;2141444233;1er Impayé;2023-07-09;2023-08-02;65.01
14997697;2142528232;1er Impayé;2023-07-09;2023-08-02;54.14
15029176;2147025232;1er Impayé;2023-07-09;2023-07-19;153.62
15044464;2149209232;1er Impayé;2023-07-09;2023-08-02;88.45
15046361;2149480231;1er Impayé;2023-07-09;2023-08-02;54.24
15073563;2153366233;1er Impayé;2023-07-09;2023-08-02;63.81
15074088;2153441233;1er Impayé;2023-07-09;2023-08-02;97.13
15079212;2154173231;1er Impayé;2023-07-09;2023-08-02;81.38
3979165;5684522321;1ere lettre de relance;2023-04-21;2023-05-01;569.16
3979165;5684522321;Mise en demeure;2023-05-02;2023-05-09;584.16
15768852;22526932301;1ere lettre de relance;2023-04-21;2023-05-04;388.55
4382092;6260132346;1ere lettre de relance;2023-04-21;2023-04-23;419.58
8276101;11823002344;1ere lettre de relance;2023-04-21;2023-05-01;268.68
8276101;11823002344;Mise en demeure;2023-05-02;2023-05-08;283.68
4314598;6163712365;1ere lettre de relance;2023-04-21;2023-05-01;1498.41
4314598;6163712365;Mise en demeure;2023-05-02;2023-05-03;1513.41
12457264;17796092318;1ere lettre de relance;2023-04-21;2023-05-01;427.41
12457264;17796092318;Mise en demeure;2023-05-02;2023-06-01;442.41
12457264;17796092318;Suspension de garanties;2023-06-02;2023-06-07;442.41
11012079;15731542312;1ere lettre de relance;2023-04-21;2023-05-01;372.63
11012079;15731542312;Annonce du contentieux;2023-06-09;2023-06-16;387.63
11012079;15731542312;Mise en demeure;2023-05-02;2023-06-01;387.63
11012079;15731542312;Suspension de garanties;2023-06-02;2023-06-08;387.63
9886633;14123762333;1ere lettre de relance;2023-04-21;2023-05-02;474.33
11386705;16266722307;1ere lettre de relance;2023-04-21;2023-05-01;257.73
11386705;16266722307;Mise en demeure;2023-05-02;2023-05-05;272.73
11146773;15923962323;1ere lettre de relance;2023-04-21;2023-05-01;410.04
11146773;15923962323;Mise en demeure;2023-05-02;2023-05-22;425.04
5868864;8384092354;1ere lettre de relance;2023-04-21;2023-05-01;981.72
5868864;8384092354;Mise en demeure;2023-05-02;2023-05-09;996.72
11995796;17136852316;1ere lettre de relance;2023-04-21;2023-05-01;129.81
11995796;17136852316;Mise en demeure;2023-05-02;2023-05-25;144.81
15339283;21913262303;1ere lettre de relance;2023-04-21;2023-05-01;157.56
15339283;21913262303;En recouvrement;2023-06-16;2023-07-11;487.68
15339283;21913262303;Mise en demeure;2023-05-02;2023-06-01;172.56
15339283;21913262303;Annonce du contentieux;2023-06-09;2023-06-15;172.56
15339283;21913262303;Suspension de garanties;2023-06-02;2023-06-08;172.56
5059314;7227592342;Mise en demeure;2023-05-02;2023-05-10;1167.87
5059314;7227592342;1ere lettre de relance;2023-04-21;2023-05-01;1152.87
9547623;13639462305;1ere lettre de relance;2023-04-21;2023-05-01;348.0
9547623;13639462305;Mise en demeure;2023-05-02;2023-05-09;363.0
3898567;5569382323;1ere lettre de relance;2023-04-21;2023-05-01;1250.82
3898567;5569382323;Annonce du contentieux;2023-06-09;2023-06-13;1265.82
3898567;5569382323;Mise en demeure;2023-05-02;2023-06-01;1265.82
3898567;5569382323;Suspension de garanties;2023-06-02;2023-06-08;1265.82
7610765;10872522320;1ere lettre de relance;2023-04-21;2023-05-01;562.26
7610765;10872522320;Mise en demeure;2023-05-02;2023-05-09;577.26
142983;204262306;1ere lettre de relance;2023-04-21;2023-05-01;554.82
142983;204262306;Mise en demeure;2023-05-02;2023-05-11;569.82
14501327;20716182304;1ere lettre de relance;2023-04-21;2023-05-01;263.67
14501327;20716182304;Annonce du contentieux;2023-06-09;2023-07-23;278.67
14501327;20716182304;Suspension de garanties;2023-06-02;2023-06-08;278.67
14501327;20716182304;Mise en demeure;2023-05-02;2023-06-01;278.67
13849620;19785172308;Suspension de garanties;2023-06-02;2023-06-08;370.29
13849620;19785172308;Mise en demeure;2023-05-02;2023-06-01;370.29
12217437;17453482311;1ere lettre de relance;2023-04-21;2023-04-23;331.17
13849620;19785172308;1ere lettre de relance;2023-04-21;2023-05-01;355.29
15485324;22121892302;1ere lettre de relance;2023-04-21;2023-05-01;315.18
15485324;22121892302;En recouvrement;2023-06-16;2023-10-20;945.54
15485324;22121892302;Mise en demeure;2023-05-02;2023-06-01;315.18
15485324;22121892302;Annonce du contentieux;2023-06-09;2023-06-15;315.18
15485324;22121892302;Suspension de garanties;2023-06-02;2023-06-08;315.18
15774256;22534652301;1ere lettre de relance;2023-04-21;2023-05-01;371.31
15774256;22534652301;Mise en demeure;2023-05-02;2023-05-16;371.31
14244245;20348922306;1ere lettre de relance;2023-04-21;2023-04-23;199.59
4671549;6673642330;1ere lettre de relance;2023-04-21;2023-05-01;513.81
4671549;6673642330;Mise en demeure;2023-05-02;2023-05-09;528.81
4459715;6371022307;1ere lettre de relance;2023-04-21;2023-05-01;467.67
4459715;6371022307;Mise en demeure;2023-05-02;2023-05-05;482.67
15341390;21916272303;1ere lettre de relance;2023-04-21;2023-05-01;118.92
15341390;21916272303;Mise en demeure;2023-05-02;2023-05-04;133.92
15518553;22169362301;1ere lettre de relance;2023-04-21;2023-04-27;151.8
93843;134062379;1ere lettre de relance;2023-04-21;2023-05-01;856.74
4568761;6526802357;1ere lettre de relance;2023-04-21;2023-04-27;477.03
15232708;21761012303;1ere lettre de relance;2023-04-21;2023-05-01;308.42
15232708;21761012303;Mise en demeure;2023-05-02;2023-05-04;323.42
10351748;14788212322;1ere lettre de relance;2023-04-21;2023-05-01;335.97
10351748;14788212322;Mise en demeure;2023-05-02;2023-05-08;350.97
4213602;6019432324;1ere lettre de relance;2023-04-21;2023-04-26;622.2
5550616;7929452302;1ere lettre de relance;2023-04-21;2023-05-01;144.95
5550616;7929452302;Mise en demeure;2023-05-02;2023-05-15;304.9
15744730;22492472301;1ere lettre de relance;2023-04-21;2023-05-03;486.23
15380303;21971862302;1ere lettre de relance;2023-04-21;2023-05-01;316.62
15380303;21971862302;Mise en demeure;2023-05-02;2023-06-01;331.62
15380303;21971862302;Annonce du contentieux;2023-06-09;2023-06-22;331.62
15380303;21971862302;Suspension de garanties;2023-06-02;2023-06-08;331.62
12813424;18304892302;1ere lettre de relance;2023-04-21;2023-05-01;97.83
12813424;18304892302;Mise en demeure;2023-05-02;2023-05-09;112.83
3897517;5567882345;1ere lettre de relance;2023-04-21;2023-05-01;480.15
5382546;7689352322;1ere lettre de relance;2023-04-21;2023-05-01;1633.14
5382546;7689352322;Annonce du contentieux;2023-06-09;2023-06-11;1648.14
5382546;7689352322;Mise en demeure;2023-05-02;2023-06-01;1648.14
5382546;7689352322;Suspension de garanties;2023-06-02;2023-06-08;1648.14
4524696;6463852323;1ere lettre de relance;2023-04-21;2023-05-01;926.7
4524696;6463852323;Mise en demeure;2023-05-02;2023-05-03;941.7
15225722;21751032302;1ere lettre de relance;2023-04-21;2023-05-01;139.61
15225722;21751032302;Mise en demeure;2023-05-02;2023-05-13;154.61
5185111;7407302328;1ere lettre de relance;2023-04-21;2023-04-25;419.28
14994666;21420952304;1ere lettre de relance;2023-10-20;2023-11-02;152.34
14994666;21420952304;Mise en demeure;2023-11-03;;167.34
4442698;6346712352;1ere lettre de relance;2023-10-20;2023-10-27;447.03
15519491;22170702302;1ere lettre de relance;2023-10-20;2023-11-02;211.05
15519491;22170702302;Mise en demeure;2023-11-03;;226.05
14336498;20480712307;1ere lettre de relance;2023-10-20;2023-10-30;441.99
13866770;19809672309;1ere lettre de relance;2023-10-20;2023-11-02;368.73
13866770;19809672309;Mise en demeure;2023-11-03;;383.73
15080122;21543032302;1ere lettre de relance;2023-10-20;2023-11-02;228.5
15080122;21543032302;Mise en demeure;2023-11-03;;243.5
14924099;21320142303;1ere lettre de relance;2023-10-20;2023-10-26;109.11
9054956;12935652336;1ere lettre de relance;2023-10-20;2023-11-02;258.96
9054956;12935652336;Mise en demeure;2023-11-03;2023-11-09;273.96
15924553;22749362302;1ere lettre de relance;2023-10-20;2023-11-02;185.16
15924553;22749362302;Mise en demeure;2023-11-03;;200.16
15098637;21569482304;1ere lettre de relance;2023-10-20;2023-11-02;309.93
15098637;21569482304;Mise en demeure;2023-11-03;;324.93
4461304;6373292341;1ere lettre de relance;2023-10-20;2023-10-27;1039.23
5749927;8214182310;1ere lettre de relance;2023-10-20;2023-11-02;974.07
5749927;8214182310;Mise en demeure;2023-11-03;2023-11-12;989.07
13989830;19985472306;1ere lettre de relance;2023-10-20;2023-11-02;105.99
13989830;19985472306;Mise en demeure;2023-11-03;;120.99
10360267;14800382319;1ere lettre de relance;2023-10-20;2023-10-27;794.28
7815837;11165482311;1ere lettre de relance;2023-10-20;2023-10-30;1160.34
13264182;18948832302;1ere lettre de relance;2023-10-20;2023-11-02;739.28
13264182;18948832302;Mise en demeure;2023-11-03;2023-11-26;754.28
4497571;6425102310;1ere lettre de relance;2023-10-20;2023-11-02;446.25
4497571;6425102310;Mise en demeure;2023-11-03;2023-11-07;461.25
14406813;20581162302;1ere lettre de relance;2023-10-20;2023-11-02;188.76
14406813;20581162302;Mise en demeure;2023-11-03;;203.76
126498;180712372;1ere lettre de relance;2023-10-20;2023-11-02;1004.04
126498;180712372;Mise en demeure;2023-11-03;2023-11-06;1019.04
9792385;13989122331;1ere lettre de relance;2023-10-20;2023-10-22;364.53
15605150;22293072303;1ere lettre de relance;2023-10-20;2023-11-02;169.5
15605150;22293072303;Mise en demeure;2023-11-03;2023-11-06;184.5
14311256;20444652303;1ere lettre de relance;2023-10-20;2023-11-02;259.95
14311256;20444652303;Mise en demeure;2023-11-03;2023-11-08;274.95
15293566;21847952302;1ere lettre de relance;2023-10-20;2023-11-02;435.62
15293566;21847952302;Mise en demeure;2023-11-03;2023-11-13;450.62
15968219;22811742302;1ere lettre de relance;2023-10-20;2023-11-02;787.98
15968219;22811742302;Mise en demeure;2023-11-03;2023-11-15;502.98
9325184;13321692342;1ere lettre de relance;2023-10-20;2023-10-29;96.33
5108993;7298562318;Mise en demeure;2023-11-03;2023-11-07;442.29
13407738;19153912313;Mise en demeure;2023-11-03;2023-11-19;343.35
5108993;7298562318;1ere lettre de relance;2023-10-20;2023-11-02;427.29
13407738;19153912313;1ere lettre de relance;2023-10-20;2023-11-02;328.35
5473630;7819472367;1ere lettre de relance;2023-10-20;2023-10-23;655.38
10969393;15670562307;1ere lettre de relance;2023-10-20;2023-11-02;447.51
10969393;15670562307;Mise en demeure;2023-11-03;2023-11-14;462.51
15946106;22780152302;1ere lettre de relance;2023-10-20;2023-11-02;192.66
15946106;22780152302;Mise en demeure;2023-11-03;;207.66
16067738;22953912301;1ere lettre de relance;2023-10-20;2023-11-02;129.56
16067738;22953912301;Mise en demeure;2023-11-03;;144.56
12839884;18342692305;1ere lettre de relance;2023-10-20;2023-11-02;446.34
12839884;18342692305;Mise en demeure;2023-11-03;2023-11-14;461.34
4432548;6332212339;1ere lettre de relance;2023-10-20;2023-10-30;931.14
13609772;19442532310;1ere lettre de relance;2023-10-20;2023-10-29;990.09
7322995;10461422347;1ere lettre de relance;2023-10-20;2023-10-26;1042.98
15141512;21630732302;1ere lettre de relance;2023-10-20;2023-11-02;344.46
15141512;21630732302;Mise en demeure;2023-11-03;;187.46
5307856;7582652305;1ere lettre de relance;2023-10-20;2023-10-25;988.62
11257275;16081822311;1ere lettre de relance;2023-10-20;2023-11-02;179.58
11257275;16081822311;Mise en demeure;2023-11-03;;194.58
15542472;22203532301;1ere lettre de relance;2023-10-20;2023-10-23;487.11
5558470;7940672376;1ere lettre de relance;2023-10-20;2023-11-02;1165.83
5558470;7940672376;Mise en demeure;2023-11-03;;1180.83
4319169;6170242348;1ere lettre de relance;2023-10-20;2023-11-02;969.45
4319169;6170242348;Mise en demeure;2023-11-03;2023-11-12;984.45
14245323;20350462310;1ere lettre de relance;2023-10-20;2023-11-02;198.57
14245323;20350462310;Mise en demeure;2023-11-03;2023-11-19;213.57
7670440;10957772313;1ere lettre de relance;2023-10-20;2023-11-02;604.5
7670440;10957772313;Mise en demeure;2023-11-03;2023-11-06;619.5
15694372;22420532303;1ere lettre de relance;2023-10-20;2023-11-02;201.63
15694372;22420532303;Mise en demeure;2023-11-03;;216.63
14747776;21068252301;1ere lettre de relance;2023-10-20;2023-11-02;246.84
14747776;21068252301;Mise en demeure;2023-11-03;2023-11-28;246.84
10635199;15193142313;1ere lettre de relance;2023-10-20;2023-11-02;694.95
10635199;15193142313;Mise en demeure;2023-11-03;2023-11-12;709.95
15308007;21868582303;1ere lettre de relance;2023-10-20;2023-11-02;158.1
15308007;21868582303;Mise en demeure;2023-11-03;;173.1
13090428;18700612304;1ere lettre de relance;2023-10-20;2023-11-02;579.63
13090428;18700612304;Mise en demeure;2023-11-03;2023-11-12;594.63
12698127;18140182313;1ere lettre de relance;2023-10-20;2023-10-29;250.35
15127757;21611082303;1ere lettre de relance;2023-10-20;2023-11-02;250.16
15127757;21611082303;Mise en demeure;2023-11-03;;265.16
13609758;19442512310;1ere lettre de relance;2023-10-20;2023-10-29;990.09
15427469;22039242303;1ere lettre de relance;2023-10-20;2023-11-02;103.82
15427469;22039242303;Mise en demeure;2023-11-03;2023-11-24;118.82
13105359;18721942316;1ere lettre de relance;2023-10-20;2023-10-23;283.5
14206998;20295712301;1ere lettre de relance;2023-10-20;2023-11-02;161.22
14206998;20295712301;Mise en demeure;2023-11-03;2023-11-09;176.22
262368;374812312;1ere lettre de relance;2023-10-20;2023-10-25;1431.18
15296191;21851702302;1ere lettre de relance;2023-10-20;2023-11-02;249.66
15296191;21851702302;Mise en demeure;2023-11-03;;264.66
4313331;6161902348;1ere lettre de relance;2023-10-20;2023-10-29;534.3
15274400;21820572303;1ere lettre de relance;2023-10-20;2023-11-02;576.33
15274400;21820572303;Mise en demeure;2023-11-03;2023-11-10;591.33
14142234;2020319231;2ème Impayé;2023-10-09;2023-10-26;385.24
14142234;2020319231;Mise en demeure;2023-10-27;2023-11-30;400.24
14142234;2020319231;1er Impayé;2023-09-07;2023-10-03;96.31
14156374;2022339232;1er Impayé;2023-09-07;2023-10-03;54.87
14210358;2030051232;1er Impayé;2023-09-07;2023-10-03;111.03
14217792;2031113234;Mise en demeure;2023-10-27;2023-11-30;159.68
14217792;2031113234;2ème Impayé;2023-10-08;2023-10-26;144.68
14217792;2031113234;1er Impayé;2023-09-07;2023-10-03;36.17
14253639;2036234231;1er Impayé;2023-09-07;2023-10-03;49.14
14266519;2038074235;1er Impayé;2023-09-07;2023-10-03;163.62
14282717;2040388232;1er Impayé;2023-09-07;2023-09-13;190.31
14305761;2043680231;1er Impayé;2023-09-07;2023-10-03;91.46
14345297;2049328231;1er Impayé;2023-09-07;2023-10-03;39.9
14364372;2052053238;1er Impayé;2023-09-07;2023-10-03;69.68
14377077;2053868238;Mise en demeure;2023-10-27;2023-11-30;590.56
14377077;2053868238;1er Impayé;2023-09-07;2023-10-03;143.89
14427197;2061028231;1er Impayé;2023-09-07;2023-09-10;97.25
14436199;2062314231;1er Impayé;2023-09-07;2023-09-09;23.44
14467356;2066765232;1er Impayé;2023-09-07;2023-10-03;64.15
14468294;2066899231;1er Impayé;2023-09-07;2023-10-03;57.52
14478976;2068425234;2ème Impayé;2023-10-09;2023-10-27;814.44
14377077;2053868238;2ème Impayé;2023-10-09;2023-10-26;575.56
14467356;2066765232;2ème Impayé;2023-10-09;2023-10-11;256.6
14478976;2068425234;1er Impayé;2023-09-07;2023-10-03;203.61
14486963;2069566231;2ème Impayé;2023-10-09;2023-10-26;224.46
14486963;2069566231;Mise en demeure;2023-10-27;2023-11-30;239.46
14486963;2069566231;1er Impayé;2023-09-07;2023-10-03;56.12
14504939;2072134234;2ème Impayé;2023-10-09;2023-10-26;234.76
14504939;2072134234;Mise en demeure;2023-10-27;2023-11-30;249.76
14504939;2072134234;1er Impayé;2023-09-07;2023-10-03;58.69
14509062;2072723231;1er Impayé;2023-09-07;2023-10-03;80.85
14564971;2080710232;1er Impayé;2023-09-07;2023-10-03;34.97
14607251;2086750232;1er Impayé;2023-09-07;2023-09-13;138.59
14613187;2087598235;2ème Impayé;2023-10-09;2023-10-26;230.68
14613187;2087598235;Mise en demeure;2023-10-27;2023-11-30;245.68
14613187;2087598235;1er Impayé;2023-09-07;2023-10-03;57.67
14627957;2089708233;1er Impayé;2023-09-07;2023-10-03;96.56
15019502;2145643232;1er Impayé;2023-07-05;2023-07-06;277.8
15251881;2178840232;1er Impayé;2023-07-05;2023-08-02;62.66
15297577;2185368231;1er Impayé;2023-07-05;2023-07-20;147.6
15297577;2185368231;Mise en demeure;2023-07-21;2023-07-23;162.6
15389396;2198485231;1er Impayé;2023-07-05;2023-08-07;174.21
15495866;2213695231;1er Impayé;2023-07-05;2023-07-20;645.12
15495866;2213695231;Mise en demeure;2023-07-21;2023-07-30;444.12
15534331;2219190231;1er Impayé;2023-07-05;2023-07-19;181.42
15617610;2231087231;1er Impayé;2023-07-05;2023-07-20;482.96
15617610;2231087231;Mise en demeure;2023-07-21;2023-07-27;329.64
15656600;2236657232;2ème Impayé;2023-08-07;2023-08-11;295.23
15656600;2236657232;1er Impayé;2023-07-05;2023-08-02;98.41
15660275;2237182231;1er Impayé;2023-07-05;2023-07-19;225.69
15765618;2252231232;1er Impayé;2023-07-05;2023-07-09;79.96
15768103;2252586231;2ème Impayé;2023-09-05;2023-09-08;3.92
15768103;2252586231;1er Impayé;2023-07-05;2023-07-16;287.82
15860216;2265745231;1er Impayé;2023-07-05;2023-08-02;122.67
14920256;2131465232;1er Impayé;2023-11-13;;171.36
14963278;2137611233;1er Impayé;2023-11-13;;128.0
14975563;2139366231;1er Impayé;2023-11-13;2023-11-20;136.24
15234759;2176394232;1er Impayé;2023-11-13;;218.41
15254268;2179181233;1er Impayé;2023-11-13;;34.61
15297479;2185354232;1er Impayé;2023-11-13;;57.91
15320390;2188627233;1er Impayé;2023-11-13;;71.17
15798777;2256968231;1er Impayé;2023-06-18;2023-06-30;187.19
15858809;2265544231;2ème Impayé;2023-07-09;2023-08-07;203.12
15858809;2265544231;1er Impayé;2023-06-18;2023-06-30;151.87
15859117;2265588231;1er Impayé;2023-06-18;2023-06-30;104.16
15866173;2266596231;1er Impayé;2023-06-18;2023-06-30;106.2
15884520;2269217231;2ème Impayé;2023-07-12;2023-07-25;96.03
15884520;2269217231;1er Impayé;2023-06-18;2023-06-29;44.04
12864244;1837749231;1er Impayé;2023-06-08;2023-07-03;117.32
13008402;1858343235;1er Impayé;2023-06-08;2023-06-27;240.73
13008402;1858343235;2ème Impayé;2023-07-10;2023-07-25;548.67
13085745;1869392232;1er Impayé;2023-06-08;2023-07-03;153.26
13199782;1885683231;1er Impayé;2023-06-08;2023-07-03;44.09
13328981;1904140237;1er Impayé;2023-06-08;2023-07-03;169.94
13468680;1924097235;2ème Impayé;2023-07-10;2023-07-24;143.98
13468680;1924097235;1er Impayé;2023-06-08;2023-06-12;71.99
13498269;1928324232;1er Impayé;2023-06-08;2023-07-03;67.81
13565511;1937930231;1er Impayé;2023-06-08;2023-07-05;196.01
13623128;1946161233;1er Impayé;2023-06-08;2023-06-21;67.95
14017515;2002502231;1er Impayé;2023-06-08;2023-07-13;82.28
14017515;2002502231;Mise en demeure;2023-07-14;2023-07-28;329.12
14164781;2023540231;1er Impayé;2023-06-08;2023-06-11;65.94
14383867;2054838231;1er Impayé;2023-06-08;2023-07-03;226.48
14608784;2086969231;1er Impayé;2023-06-08;2023-06-09;47.38
14608784;2086969231;2ème Impayé;2023-07-10;2023-07-19;142.14
14960205;2137172231;1er Impayé;2023-06-08;2023-06-26;165.78
14963691;2137670231;1er Impayé;2023-06-08;2023-07-03;35.43
15031500;2147357231;1er Impayé;2023-06-08;2023-07-03;88.83
15040614;2148659231;1er Impayé;2023-06-08;2023-07-03;69.86
15125167;2160738231;1er Impayé;2023-06-08;2023-07-05;212.04
15166334;2166619233;1er Impayé;2023-06-08;2023-07-03;62.3
15202216;2171745231;1er Impayé;2023-06-08;2023-07-03;75.63
15230279;2175754231;1er Impayé;2023-06-08;2023-06-11;66.47
15300881;2185840232;1er Impayé;2023-06-08;2023-07-03;69.57
15307321;2186760232;1er Impayé;2023-06-08;2023-07-03;58.4
15368767;2195538231;1er Impayé;2023-06-08;2023-07-03;202.47
15453894;2207699231;1er Impayé;2023-06-08;2023-06-13;89.67
15463211;2209030231;1er Impayé;2023-06-08;2023-07-03;50.33
15467005;2209572231;1er Impayé;2023-06-08;2023-06-16;137.53
15502950;2214707231;1er Impayé;2023-06-08;2023-06-26;160.7
15553091;2221870231;1er Impayé;2023-06-08;2023-06-30;58.31
15874671;2267810231;Mise en demeure;2023-11-06;;938.45
15874671;2267810231;1er Impayé;2023-08-09;2023-09-01;187.69
15874671;2267810231;2ème Impayé;2023-09-07;2023-11-05;375.38
15876239;2268034231;1er Impayé;2023-08-09;2023-09-01;164.7
15879753;2268536231;1er Impayé;2023-08-09;2023-09-01;105.15
15882728;2268961231;1er Impayé;2023-08-09;2023-08-15;136.89
15887817;2269688231;1er Impayé;2023-08-09;2023-09-01;236.49
15913941;2273420231;1er Impayé;2023-08-09;2023-09-01;132.6
15918162;2274023231;1er Impayé;2023-08-09;2023-08-13;101.89
15931476;2275925231;1er Impayé;2023-08-09;2023-09-01;173.94
15935557;2276508231;1er Impayé;2023-08-09;2023-09-01;56.87
15935557;2276508231;2ème Impayé;2023-09-07;2023-10-11;113.74
15937727;2276818231;1er Impayé;2023-08-09;2023-08-27;147.38
15943040;2277577231;1er Impayé;2023-08-09;2023-09-01;66.92
15968142;2281163231;1er Impayé;2023-08-09;2023-08-24;264.15
15986363;2283766231;1er Impayé;2023-08-09;2023-08-24;146.88
15986363;2283766231;Mise en demeure;2023-08-25;2023-09-10;161.88
15243362;2177623231;1er Impayé;2023-09-12;2023-10-05;84.88
10215143;1459306232;1er Impayé;2023-09-17;2023-10-05;116.62
13400157;1914308234;1er Impayé;2023-09-17;2023-10-05;55.91
14881420;2125917231;1er Impayé;2023-09-17;2023-10-05;92.56
14952757;2136108232;1er Impayé;2023-09-17;2023-10-27;146.24
15235816;2176545231;1er Impayé;2023-09-17;2023-10-05;158.57
15235816;2176545231;Mise en demeure;2023-10-27;2023-11-30;649.28
15235816;2176545231;2ème Impayé;2023-10-12;2023-10-26;634.28
15248661;2178380232;1er Impayé;2023-09-17;2023-10-05;175.44
15248661;2178380232;2ème Impayé;2023-10-15;2023-11-02;701.76
15248661;2178380232;Mise en demeure;2023-11-03;;716.76
15273889;2181984236;1er Impayé;2023-09-17;2023-09-24;109.36
15273889;2181984236;Mise en demeure;2023-10-27;2023-11-30;343.08
15273889;2181984236;2ème Impayé;2023-10-11;2023-10-26;328.08
15423472;2203353232;1er Impayé;2023-09-17;2023-10-05;45.4
15507367;2215338231;1er Impayé;2023-09-17;2023-09-29;131.83
15519981;2217140231;1er Impayé;2023-09-17;2023-09-29;48.38
15550515;2221502232;1er Impayé;2023-09-17;2023-09-29;85.47
15679511;2239930232;1er Impayé;2023-09-17;2023-09-29;58.53
15679511;2239930232;2ème Impayé;2023-10-16;2023-11-03;175.59
15699797;2242828231;1er Impayé;2023-09-17;2023-09-29;89.13
15699797;2242828231;2ème Impayé;2023-10-16;2023-11-02;356.52
15699797;2242828231;Mise en demeure;2023-11-03;;371.52
15782943;2254706231;1er Impayé;2023-09-17;2023-09-29;58.13
15792449;2256064231;1er Impayé;2023-09-17;2023-09-29;81.41
15830158;2261451231;1er Impayé;2023-09-17;2023-10-05;88.35
15688786;2241255231;1er Impayé;2023-03-13;2023-04-13;77.46
15688786;2241255231;Mise en demeure;2023-04-14;2023-05-18;243.36
15688786;2241255231;Annonce du contentieux;2023-05-26;2023-10-26;243.36
15688786;2241255231;Suspension de garanties;2023-05-19;2023-05-25;243.36
15694225;2242032231;1er Impayé;2023-03-13;2023-03-27;157.53
15695863;2242266231;1er Impayé;2023-03-13;2023-04-05;84.3
15695863;2242266231;2ème Impayé;2023-04-11;2023-04-27;530.24
15695982;2242283231;1er Impayé;2023-03-13;2023-03-31;134.55
15700966;2242995231;1er Impayé;2023-03-13;2023-03-31;84.44
15701736;2243105231;1er Impayé;2023-03-13;2023-03-22;161.62
15709709;2244244231;1er Impayé;2023-03-13;2023-03-15;87.62
15713860;2244837231;1er Impayé;2023-03-13;2023-04-05;63.62
15713860;2244837231;2ème Impayé;2023-04-12;2023-05-01;232.37
15713860;2244837231;Mise en demeure;2023-05-02;2023-06-04;247.37
4490361;641480231;1er Impayé;2023-04-05;2023-04-14;588.03
4754940;679277234;1er Impayé;2023-04-05;2023-04-13;1337.88
5310908;758701237;1er Impayé;2023-04-05;2023-04-07;1243.89
5975754;853679231;Mise en demeure;2023-04-21;2023-05-14;564.06
5975754;853679231;1er Impayé;2023-04-05;2023-04-20;549.06
10442587;1491798232;1er Impayé;2023-04-05;2023-04-20;184.08
10442587;1491798232;Mise en demeure;2023-04-21;2023-06-08;199.08
15121919;2160274231;1er Impayé;2023-07-09;2023-07-11;77.32
15126392;2160913231;2ème Impayé;2023-08-09;2023-08-24;403.05
15126392;2160913231;Mise en demeure;2023-08-25;2023-09-20;418.05
15126392;2160913231;1er Impayé;2023-07-09;2023-08-02;134.35
15127925;2161132233;1er Impayé;2023-07-09;2023-08-02;75.51
15132433;2161776231;2ème Impayé;2023-08-09;2023-08-29;430.98
15132433;2161776231;1er Impayé;2023-07-09;2023-08-02;143.66
15141288;2163041231;1er Impayé;2023-07-09;2023-08-02;129.77
15165655;2166522232;1er Impayé;2023-07-09;2023-07-17;355.44
15191457;2170208231;1er Impayé;2023-07-09;2023-08-10;82.28
15198086;2171155231;2ème Impayé;2023-08-09;2023-08-24;408.9
15198086;2171155231;1er Impayé;2023-07-09;2023-08-02;136.3
15205002;2172143231;1er Impayé;2023-07-09;2023-07-10;184.13
15206311;2172330231;Mise en demeure;2023-09-01;2023-09-03;134.74
15206311;2172330231;2ème Impayé;2023-08-07;2023-08-31;119.74
15206311;2172330231;1er Impayé;2023-07-09;2023-07-20;59.87
15210588;2172941233;1er Impayé;2023-07-09;2023-08-02;123.74
15215418;2173631231;2ème Impayé;2023-08-09;2023-08-24;418.68
15215418;2173631231;Mise en demeure;2023-08-25;2023-09-13;433.68
15215418;2173631231;1er Impayé;2023-07-09;2023-08-02;139.56
15235522;2176503231;1er Impayé;2023-07-09;2023-08-02;56.1
15242046;2177435231;1er Impayé;2023-07-09;2023-08-02;40.9
15248801;2178400231;1er Impayé;2023-07-09;2023-08-02;219.06
4867535;6953622364;1er Impayé;2023-11-26;;796.72
12727541;1818220232;1er Impayé;2023-11-26;;159.65
14394962;2056423233;1er Impayé;2023-11-26;;69.01
14588218;2084031231;1er Impayé;2023-11-26;;70.69
15655697;2236528232;1er Impayé;2023-11-26;2023-11-30;136.89
16047760;2292537231;1er Impayé;2023-11-26;;78.65
16055810;2293687231;1er Impayé;2023-11-26;;127.28
12297055;17567222309;1ere lettre de relance;2023-04-21;2023-04-25;235.62
15259231;21798902302;1ere lettre de relance;2023-04-21;2023-05-01;200.0
15259231;21798902302;Mise en demeure;2023-05-02;2023-06-07;125.0
10270597;14672282308;1ere lettre de relance;2023-04-21;2023-05-01;518.01
10270597;14672282308;Mise en demeure;2023-05-02;2023-05-12;533.01
7808886;11155552323;1ere lettre de relance;2023-04-21;2023-05-01;676.59
7808886;11155552323;Mise en demeure;2023-05-02;2023-05-03;691.59
4373412;6247732355;1ere lettre de relance;2023-04-21;2023-04-28;493.47
13628056;19468652312;1ere lettre de relance;2023-04-21;2023-05-01;352.59
13628056;19468652312;Mise en demeure;2023-05-02;2023-05-10;367.59
11116043;15880062302;1ere lettre de relance;2023-04-21;2023-04-29;103.23
4211768;6016812384;1ere lettre de relance;2023-04-21;2023-05-01;496.77
13119114;18741592307;1ere lettre de relance;2023-04-21;2023-04-24;98.34
14415185;20593122306;1ere lettre de relance;2023-04-21;2023-05-01;429.96
14415185;20593122306;Mise en demeure;2023-05-02;2023-05-21;444.96
15236376;21766252303;1ere lettre de relance;2023-04-21;2023-05-04;292.98
10228205;14611722302;1ere lettre de relance;2023-04-21;2023-05-01;190.77
10228205;14611722302;Mise en demeure;2023-05-02;2023-05-05;205.77
13863928;19805612305;1ere lettre de relance;2023-04-21;2023-05-01;292.65
13863928;19805612305;Mise en demeure;2023-05-02;2023-05-31;307.65
10363921;14805602308;1ere lettre de relance;2023-04-21;2023-05-01;302.13
10363921;14805602308;Mise en demeure;2023-05-02;2023-05-24;317.13
15017458;21453512304;En recouvrement;2023-06-16;2023-07-20;1495.59
15017458;21453512304;Mise en demeure;2023-05-02;2023-06-01;508.53
15017458;21453512304;Annonce du contentieux;2023-06-09;2023-06-15;508.53
15017458;21453512304;Suspension de garanties;2023-06-02;2023-06-08;508.53
11901135;17001622303;Mise en demeure;2023-05-02;2023-06-01;363.9
11901135;17001622303;Suspension de garanties;2023-06-02;2023-06-07;363.9
8166425;11666322333;Mise en demeure;2023-05-02;2023-05-15;830.25
13516371;19309102310;1ere lettre de relance;2023-04-21;2023-05-01;229.38
15017458;21453512304;1ere lettre de relance;2023-04-21;2023-05-01;493.53
11901135;17001622303;1ere lettre de relance;2023-04-21;2023-05-01;348.9
8166425;11666322333;1ere lettre de relance;2023-04-21;2023-05-01;815.25
13516371;19309102310;Mise en demeure;2023-05-02;2023-05-14;244.38
15533302;22190432302;1ere lettre de relance;2023-04-21;2023-05-25;311.73
15533302;22190432302;Mise en demeure;2023-05-26;2023-06-30;326.73
10856777;15509682317;1ere lettre de relance;2023-04-21;2023-05-01;1014.27
10856777;15509682317;Mise en demeure;2023-05-02;2023-06-01;1029.27
10856777;15509682317;Suspension de garanties;2023-06-02;2023-06-02;1029.27
15545531;22207902301;1ere lettre de relance;2023-04-21;2023-05-01;417.99
15545531;22207902301;Mise en demeure;2023-05-02;2023-05-15;432.99
5758677;8226682323;1ere lettre de relance;2023-04-21;2023-04-27;896.67
15203273;21718962303;1ere lettre de relance;2023-04-21;2023-05-01;903.3
15203273;21718962303;Mise en demeure;2023-05-02;2023-05-26;918.3
12565043;17950062304;1ere lettre de relance;2023-04-21;2023-05-01;729.0
12565043;17950062304;Mise en demeure;2023-05-02;2023-05-09;744.0
15263417;21804882302;Mise en demeure;2023-05-02;2023-05-03;277.64
4410414;6300592346;1ere lettre de relance;2023-04-21;2023-04-25;446.25
15263417;21804882302;1ere lettre de relance;2023-04-21;2023-05-01;262.64
13797316;19710452307;1ere lettre de relance;2023-04-21;2023-05-01;153.6
11975692;17108132318;1ere lettre de relance;2023-04-21;2023-05-01;253.35
11975692;17108132318;Mise en demeure;2023-05-02;2023-05-12;268.35
10762599;15375142306;1ere lettre de relance;2023-04-21;2023-05-01;307.56
10762599;15375142306;Mise en demeure;2023-05-02;2023-05-17;322.56
5498172;7854532342;1ere lettre de relance;2023-04-21;2023-05-01;1111.77
5498172;7854532342;Mise en demeure;2023-05-02;2023-05-15;1126.77
5946228;8494612381;1ere lettre de relance;2023-04-21;2023-05-01;419.64
5946228;8494612381;Mise en demeure;2023-05-02;2023-05-11;434.64
11364270;16234672306;1ere lettre de relance;2023-04-21;2023-04-22;361.02
14147855;20211222304;1ere lettre de relance;2023-04-21;2023-05-01;107.48
14147855;20211222304;Mise en demeure;2023-05-02;2023-05-24;107.48
14898437;21283482303;1ere lettre de relance;2023-04-21;2023-05-01;79.93
14898437;21283482303;En recouvrement;2023-06-16;2023-07-04;331.51
14898437;21283482303;Mise en demeure;2023-05-02;2023-06-01;94.93
14898437;21283482303;Annonce du contentieux;2023-06-09;2023-06-15;94.93
14898437;21283482303;Suspension de garanties;2023-06-02;2023-06-08;94.93
337191;481702337;1ere lettre de relance;2023-04-21;2023-04-26;289.68
4378704;6255292309;1ere lettre de relance;2023-04-21;2023-04-24;1048.56
13482330;19260472306;1ere lettre de relance;2023-04-21;2023-05-01;60.53
13482330;19260472306;Mise en demeure;2023-05-02;2023-05-23;60.53
5495652;7850932347;1ere lettre de relance;2023-04-21;2023-05-02;1096.08
8984389;12834842311;1ere lettre de relance;2023-04-21;2023-05-01;258.93
8984389;12834842311;Mise en demeure;2023-05-02;2023-05-21;273.93
14608049;20868642302;1ere lettre de relance;2023-04-21;2023-05-01;234.06
14608049;20868642302;Mise en demeure;2023-05-02;2023-05-10;249.06
12180148;17400212314;1ere lettre de relance;2023-04-21;2023-04-24;148.23
9817235;14024622310;1ere lettre de relance;2023-04-21;2023-05-02;22.36
13660935;19515622302;1ere lettre de relance;2023-04-21;2023-05-01;242.07
13660935;19515622302;En recouvrement;2023-06-16;2023-08-07;711.21
13660935;19515622302;Annonce du contentieux;2023-06-09;2023-06-15;257.07
13660935;19515622302;Suspension de garanties;2023-06-02;2023-06-08;257.07
13660935;19515622302;Mise en demeure;2023-05-02;2023-06-01;257.07
14609946;20871352302;1ere lettre de relance;2023-04-21;2023-05-01;274.35
14609946;20871352302;Mise en demeure;2023-05-02;2023-05-08;289.35
15634347;22334782301;1ere lettre de relance;2023-04-21;2023-05-01;271.17
15634347;22334782301;Mise en demeure;2023-05-02;2023-05-22;286.17
13676755;19538222309;1ere lettre de relance;2023-04-21;2023-04-26;356.46
4671542;6673632330;1ere lettre de relance;2023-04-21;2023-05-01;625.65
4671542;6673632330;Mise en demeure;2023-05-02;2023-05-09;640.65
15630182;22328832303;1ere lettre de relance;2023-10-20;2023-11-02;714.87
12654062;18077232312;1ere lettre de relance;2023-10-20;2023-11-02;129.43
12654062;18077232312;Mise en demeure;2023-11-03;2023-11-06;258.85
14757800;21082572305;1ere lettre de relance;2023-10-20;2023-11-02;900.69
14757800;21082572305;Mise en demeure;2023-11-03;;915.69
15572404;22246292302;1ere lettre de relance;2023-10-20;2023-11-02;214.74
15572404;22246292302;Mise en demeure;2023-11-03;;229.74
15789544;22556492303;1ere lettre de relance;2023-10-20;2023-11-02;376.64
15789544;22556492303;Mise en demeure;2023-11-03;;391.64
15656600;22366572303;1ere lettre de relance;2023-10-20;2023-11-02;295.23
15656600;22366572303;Mise en demeure;2023-11-03;;310.23
4574109;6534442360;1ere lettre de relance;2023-10-20;2023-11-22;577.17
15336441;21909202304;1ere lettre de relance;2023-10-20;2023-11-02;503.25
15336441;21909202304;Mise en demeure;2023-11-03;;335.5
10927967;15611382317;1ere lettre de relance;2023-10-20;2023-11-03;152.46
14934711;21335302303;1ere lettre de relance;2023-10-20;2023-10-26;99.9
9256654;13223792319;1ere lettre de relance;2023-10-20;2023-11-02;224.88
9256654;13223792319;Mise en demeure;2023-11-03;2023-11-27;239.88
14931463;21330662306;1ere lettre de relance;2023-10-20;2023-11-02;151.92
14931463;21330662306;Mise en demeure;2023-11-03;2023-11-05;166.92
14497729;20711042302;1ere lettre de relance;2023-10-20;2023-11-02;139.68
14497729;20711042302;Mise en demeure;2023-11-03;2023-11-08;154.68
10913925;15591322318;1ere lettre de relance;2023-10-20;2023-11-02;202.92
10913925;15591322318;Mise en demeure;2023-11-03;;217.92
4294760;6135372331;1ere lettre de relance;2023-10-20;2023-11-02;565.5
4294760;6135372331;Mise en demeure;2023-11-03;;580.5
5329864;7614092362;1ere lettre de relance;2023-10-20;2023-11-02;338.28
5329864;7614092362;Mise en demeure;2023-11-03;2023-11-07;353.28
13574163;19391662311;1ere lettre de relance;2023-10-20;2023-10-26;293.49
94158;134512323;1ere lettre de relance;2023-10-20;2023-10-25;272.58
13114494;18734992312;1ere lettre de relance;2023-10-20;2023-10-26;318.72
8782257;12546082308;1ere lettre de relance;2023-10-20;2023-11-02;165.5
8782257;12546082308;Mise en demeure;2023-11-03;2023-11-06;331.0
11772923;16818462313;1ere lettre de relance;2023-10-20;2023-10-29;523.71
15283136;21833052305;1ere lettre de relance;2023-10-20;2023-10-25;207.75
10233805;14619722333;1ere lettre de relance;2023-10-20;2023-11-02;980.25
10233805;14619722333;Mise en demeure;2023-11-03;2023-11-08;995.25
3901255;5573222327;1ere lettre de relance;2023-10-20;2023-10-27;513.0
5989089;8555842335;1ere lettre de relance;2023-10-20;2023-10-24;781.35
13890423;19843462312;1ere lettre de relance;2023-10-20;2023-10-23;125.23
4830351;6900502355;1ere lettre de relance;2023-10-20;2023-11-01;432.78
14415087;20592982309;1ere lettre de relance;2023-10-20;2023-11-02;125.98
14415087;20592982309;Mise en demeure;2023-11-03;2023-11-07;140.98
15410872;22015532304;1ere lettre de relance;2023-10-20;2023-11-01;692.04
13364485;19092122313;1ere lettre de relance;2023-10-20;2023-11-02;151.59
13364485;19092122313;Mise en demeure;2023-11-03;2023-11-30;166.59
8295456;11850652334;1ere lettre de relance;2023-10-20;2023-10-26;451.38
15133826;21619752303;1ere lettre de relance;2023-10-20;2023-11-02;375.93
15133826;21619752303;Mise en demeure;2023-11-03;2023-11-19;390.93
15697431;22424902302;Mise en demeure;2023-11-03;;225.57
15566202;22237432302;1ere lettre de relance;2023-10-20;2023-11-02;195.09
15697431;22424902302;1ere lettre de relance;2023-10-20;2023-11-02;210.57
11771026;16815752302;1ere lettre de relance;2023-10-20;2023-10-26;230.52
8431452;12044932306;1ere lettre de relance;2023-10-20;2023-10-25;768.3
15566202;22237432302;Mise en demeure;2023-11-03;;210.09
5503436;7862052346;Mise en demeure;2023-11-03;;206.52
15573748;22248212304;Mise en demeure;2023-11-03;2023-11-06;53.74
14608784;20869692302;1ere lettre de relance;2023-10-20;2023-11-02;142.14
5503436;7862052346;1ere lettre de relance;2023-10-20;2023-11-02;191.52
5386641;7695202350;1ere lettre de relance;2023-10-20;2023-10-22;731.37
15573748;22248212304;1ere lettre de relance;2023-10-20;2023-11-02;53.74
14608784;20869692302;Mise en demeure;2023-11-03;;157.14
15336042;21908632304;1ere lettre de relance;2023-10-20;2023-11-02;308.55
15336042;21908632304;Mise en demeure;2023-11-03;;323.55
5691540;8130772322;1ere lettre de relance;2023-10-20;2023-10-27;2751.3
10944515;15635022318;1ere lettre de relance;2023-10-20;2023-11-02;494.73
10944515;15635022318;Mise en demeure;2023-11-03;2023-11-16;509.73
14993182;21418832303;1ere lettre de relance;2023-10-20;2023-11-02;715.52
14993182;21418832303;Mise en demeure;2023-11-03;;730.52
15366520;21952172304;1ere lettre de relance;2023-10-20;2023-11-02;174.54
15366520;21952172304;Mise en demeure;2023-11-03;2023-11-23;189.54
4337054;6195792334;1ere lettre de relance;2023-10-20;2023-10-29;465.3
13484437;19263482312;1ere lettre de relance;2023-10-20;2023-11-02;291.66
13484437;19263482312;Mise en demeure;2023-11-03;;306.66
14366038;20522912306;1ere lettre de relance;2023-10-20;2023-10-29;130.32
4386138;6265912380;1ere lettre de relance;2023-10-20;2023-10-21;506.37
7197436;10282052347;1ere lettre de relance;2023-10-20;2023-11-02;268.53
11937087;17052982307;1ere lettre de relance;2023-10-20;2023-10-23;124.89
14553085;20790122305;1ere lettre de relance;2023-10-20;2023-11-02;286.8
14553085;20790122305;Mise en demeure;2023-11-03;2023-11-30;301.8
321210;458872306;1ere lettre de relance;2023-10-20;2023-10-30;776.37
15960603;22800862302;1ere lettre de relance;2023-10-20;2023-11-02;239.53
15960603;22800862302;Mise en demeure;2023-11-03;;254.53
319138;455912356;1ere lettre de relance;2023-10-20;2023-10-25;273.75
7735092;11050132352;1ere lettre de relance;2023-10-20;2023-11-02;1018.08
7735092;11050132352;Mise en demeure;2023-11-03;2023-11-14;1033.08
13901112;19858732314;1ere lettre de relance;2023-10-20;2023-11-02;171.36
13901112;19858732314;Mise en demeure;2023-11-03;2023-11-09;186.36
13856928;19795612307;1ere lettre de relance;2023-10-20;2023-11-02;164.7
13856928;19795612307;Mise en demeure;2023-11-03;2023-11-05;179.7
14578670;20826672303;1ere lettre de relance;2023-10-20;2023-10-26;374.04
13922413;19889162309;1ere lettre de relance;2023-10-20;2023-11-02;208.02
13922413;19889162309;Mise en demeure;2023-11-03;2023-11-27;223.02
14475049;20678642306;1ere lettre de relance;2023-10-20;2023-11-02;126.36
14475049;20678642306;Mise en demeure;2023-11-03;2023-11-05;141.36
15798917;22569882302;1ere lettre de relance;2023-10-20;2023-11-02;117.75
15798917;22569882302;Mise en demeure;2023-11-03;2023-11-07;132.75
7291586;10416552303;1ere lettre de relance;2023-10-20;2023-10-26;1016.46
5343941;7634202339;1ere lettre de relance;2023-10-20;2023-10-31;871.26
13957819;19939742320;1ere lettre de relance;2023-10-20;2023-10-24;112.59
8641697;12345282324;1ere lettre de relance;2023-10-20;2023-11-02;482.1
8641697;12345282324;Mise en demeure;2023-11-03;2023-11-22;497.1
14533905;20762722304;1ere lettre de relance;2023-10-20;2023-11-02;219.54
14533905;20762722304;Mise en demeure;2023-11-03;;234.54
5255307;7507582305;1ere lettre de relance;2023-10-20;2023-11-02;1263.78
5255307;7507582305;Mise en demeure;2023-11-03;2023-11-09;1278.78
11772356;16817652310;1ere lettre de relance;2023-10-20;2023-10-30;394.26
15186375;21694822303;1ere lettre de relance;2023-10-20;2023-11-02;153.68
15186375;21694822303;Mise en demeure;2023-11-03;2023-11-13;153.68
13828151;19754502308;1ere lettre de relance;2023-10-20;2023-11-02;434.37
13828151;19754502308;Mise en demeure;2023-11-03;2023-11-19;449.37
4815798;6879712376;1ere lettre de relance;2023-10-20;2023-10-25;776.97
10739793;15342562313;1ere lettre de relance;2023-10-20;2023-11-02;260.61
10739793;15342562313;Mise en demeure;2023-11-03;2023-11-09;275.61
14715702;2102243231;2ème Impayé;2023-10-09;2023-10-26;632.64
14715702;2102243231;Mise en demeure;2023-10-27;2023-11-06;331.32
14715702;2102243231;1er Impayé;2023-09-07;2023-10-03;158.16
14716052;2102293232;1er Impayé;2023-09-07;2023-10-03;64.28
14720679;2102954233;2ème Impayé;2023-10-09;2023-10-26;205.02
14720679;2102954233;Mise en demeure;2023-10-27;2023-11-09;220.02
14720679;2102954233;1er Impayé;2023-09-07;2023-09-10;68.34
14729744;2104249231;1er Impayé;2023-09-07;2023-10-03;172.03
14742561;2106080232;1er Impayé;2023-09-07;2023-10-03;73.17
14743177;2106168233;1er Impayé;2023-09-07;2023-10-03;99.89
14747601;2106800231;1er Impayé;2023-09-07;2023-10-03;74.09
14755091;2107870231;Mise en demeure;2023-10-20;2023-11-23;261.08
14755091;2107870231;Suspension de garanties;2023-11-24;2023-11-30;261.08
14755091;2107870231;2ème Impayé;2023-10-05;2023-10-19;246.08
14755091;2107870231;1er Impayé;2023-09-07;2023-10-03;61.52
14764667;2109238232;1er Impayé;2023-09-07;2023-10-03;405.09
14800395;2114342232;1er Impayé;2023-09-07;2023-10-03;142.47
14844509;2120644231;1er Impayé;2023-09-07;2023-10-03;186.11
14851803;2121686232;1er Impayé;2023-09-07;2023-10-03;65.39
14864214;2123459233;Mise en demeure;2023-10-27;2023-11-08;563.04
14864214;2123459233;1er Impayé;2023-09-07;2023-10-03;137.01
14864214;2123459233;2ème Impayé;2023-10-10;2023-10-26;548.04
14865180;2123597235;1er Impayé;2023-09-07;2023-10-03;197.99
14867679;2123954232;2ème Impayé;2023-10-09;2023-10-26;204.0
14867679;2123954232;Mise en demeure;2023-10-27;2023-11-30;219.0
14867679;2123954232;1er Impayé;2023-09-07;2023-10-03;51.0
14937798;2133971231;1er Impayé;2023-09-07;2023-10-03;107.12
14957258;2136751231;1er Impayé;2023-09-07;2023-10-03;57.19
14963614;2137659231;1er Impayé;2023-09-07;2023-10-03;58.3
14977698;2139671231;2ème Impayé;2023-10-09;2023-10-26;610.36
14977698;2139671231;Mise en demeure;2023-10-27;2023-11-30;625.36
14977698;2139671231;1er Impayé;2023-09-07;2023-09-29;152.59
14980134;2140019231;2ème Impayé;2023-10-08;2023-10-26;274.28
14980134;2140019231;Mise en demeure;2023-10-27;2023-11-30;289.28
14980134;2140019231;1er Impayé;2023-09-07;2023-10-03;68.57
14982010;2140287234;1er Impayé;2023-09-07;2023-10-03;85.37
14984159;2140594234;1er Impayé;2023-09-07;2023-09-08;183.66
14990109;2141444234;1er Impayé;2023-09-07;2023-10-03;65.01
14997851;2142550233;2ème Impayé;2023-10-09;2023-10-26;652.15
14997851;2142550233;Mise en demeure;2023-10-27;2023-11-30;667.15
14997851;2142550233;1er Impayé;2023-09-07;2023-10-03;163.06
15016877;2145268231;1er Impayé;2023-09-07;2023-10-03;92.5
15031500;2147357232;2ème Impayé;2023-10-09;2023-10-26;355.32
15031500;2147357232;Mise en demeure;2023-10-27;2023-11-30;370.32
15031500;2147357232;1er Impayé;2023-09-07;2023-10-03;88.83
15041692;2148813231;1er Impayé;2023-09-07;2023-09-11;239.76
15067319;2152474231;1er Impayé;2023-09-07;2023-10-03;86.99
15073423;2153346231;1er Impayé;2023-09-07;2023-10-03;66.97
15073563;2153366234;1er Impayé;2023-09-07;2023-10-03;63.81
15084525;2154932231;1er Impayé;2023-09-07;2023-10-03;148.61
15088312;2155473231;1er Impayé;2023-09-07;2023-10-03;58.1
15097846;2156835232;1er Impayé;2023-09-07;2023-10-03;118.9
15110915;2158702231;1er Impayé;2023-09-07;2023-10-03;58.61
15118517;2159788231;1er Impayé;2023-09-07;2023-10-03;32.16
15150682;2164383231;2ème Impayé;2023-10-09;2023-10-26;185.52
15150682;2164383231;Mise en demeure;2023-10-27;2023-11-30;200.52
15150682;2164383231;1er Impayé;2023-09-07;2023-10-03;46.38
15169666;2167095232;1er Impayé;2023-09-07;2023-09-10;58.19
15175721;2167960231;1er Impayé;2023-09-07;2023-09-18;83.52
15177219;2168174231;1er Impayé;2023-09-07;2023-10-03;53.53
15201145;2171592231;2ème Impayé;2023-10-09;2023-10-26;343.76
15201145;2171592231;Mise en demeure;2023-10-27;2023-11-30;358.76
15201145;2171592231;1er Impayé;2023-09-07;2023-10-03;85.94
15207648;2172521232;2ème Impayé;2023-10-09;2023-10-26;408.48
15207648;2172521232;Mise en demeure;2023-10-27;2023-11-30;423.48
15207648;2172521232;1er Impayé;2023-09-07;2023-10-03;102.12
15210588;2172941234;2ème Impayé;2023-10-09;2023-11-09;494.96
15210588;2172941234;1er Impayé;2023-09-07;2023-10-03;123.74
15210588;2172941234;Mise en demeure;2023-11-10;;509.96
15215873;2173696231;1er Impayé;2023-09-07;2023-10-03;153.46
15230034;2175719231;1er Impayé;2023-09-07;2023-09-19;111.99
15230034;2175719231;2ème Impayé;2023-10-24;2023-11-07;447.96
15419699;2202814232;1er Impayé;2023-11-13;;135.73
15382466;2197495233;1er Impayé;2023-11-13;2023-11-14;395.81
15385777;2197968233;1er Impayé;2023-11-13;;274.98
15415373;2202196232;1er Impayé;2023-11-13;;145.14
15473788;2210541232;1er Impayé;2023-11-13;;111.7
15514745;2216392231;1er Impayé;2023-11-13;;57.86
15519050;2217007231;1er Impayé;2023-11-13;;46.43
15555086;2222155231;1er Impayé;2023-11-13;;355.88
15576520;2225217233;1er Impayé;2023-11-13;;182.46
15632233;2233176231;1er Impayé;2023-11-13;;169.67
15656656;2236665233;1er Impayé;2023-11-13;;75.74
15694414;2242059232;1er Impayé;2023-11-13;2023-11-14;103.27
15700966;2242995232;1er Impayé;2023-11-13;;62.31
15701239;2243034233;1er Impayé;2023-11-13;;78.16
15710591;2244370231;1er Impayé;2023-11-13;;62.14
15733971;2247710231;1er Impayé;2023-11-13;;52.84
15745437;2249348231;1er Impayé;2023-11-13;;146.24
15753445;2250492231;1er Impayé;2023-11-13;;46.3
15846356;2263765231;1er Impayé;2023-11-13;;45.25
15879977;2268568232;1er Impayé;2023-11-13;2023-11-21;256.78
15927773;2275396231;1er Impayé;2023-11-13;;137.66
15932792;2276113231;1er Impayé;2023-11-13;;41.8
15950005;2278572231;1er Impayé;2023-11-13;;53.89
16010660;2287237231;1er Impayé;2023-11-13;;68.9
16063979;2294854231;1er Impayé;2023-11-13;;160.32
16065631;2295090231;1er Impayé;2023-11-13;2023-11-27;64.83
16077384;2296769231;1er Impayé;2023-11-13;;68.24
16094926;2299275231;1er Impayé;2023-11-13;;147.43
16095731;2299390231;1er Impayé;2023-11-13;;203.79
16098405;2299772231;1er Impayé;2023-11-13;2023-11-17;62.69
16103067;2300438231;1er Impayé;2023-11-13;2023-11-27;125.6
16107064;2301009231;1er Impayé;2023-11-13;;271.99
16110571;2301510231;1er Impayé;2023-11-13;;186.78
16117900;2302557231;1er Impayé;2023-11-13;;130.99
16118516;2302645231;1er Impayé;2023-11-13;;105.98
16120980;2302997231;1er Impayé;2023-11-13;;97.45
16122394;2303199231;1er Impayé;2023-11-13;;157.72
16129268;2304181231;1er Impayé;2023-11-13;;378.32
15578221;2225460231;1er Impayé;2023-06-08;2023-06-12;339.64
15584311;2226330231;1er Impayé;2023-06-08;2023-06-30;110.96
15630616;2232945231;1er Impayé;2023-06-08;2023-06-30;147.08
15632576;2233225231;1er Impayé;2023-06-08;2023-06-30;88.88
15639121;2234160231;1er Impayé;2023-06-08;2023-06-30;160.86
15639121;2234160231;Annonce du contentieux;2023-09-22;2023-11-01;338.44
15639121;2234160231;Mise en demeure;2023-07-28;2023-09-14;658.44
15639121;2234160231;Suspension de garanties;2023-09-15;2023-09-21;338.44
15639121;2234160231;2ème Impayé;2023-07-10;2023-07-27;643.44
15643307;2234758231;1er Impayé;2023-06-08;2023-06-30;107.69
15668059;2238294231;1er Impayé;2023-06-08;2023-06-30;42.02
15692552;2241793232;1er Impayé;2023-06-08;2023-06-30;61.49
15692552;2241793232;Mise en demeure;2023-07-28;2023-08-08;260.96
15692552;2241793232;2ème Impayé;2023-07-09;2023-07-27;245.96
15695863;2242266232;1er Impayé;2023-06-08;2023-06-09;130.87
15695982;2242283232;1er Impayé;2023-06-08;2023-06-30;91.64
15695982;2242283232;Mise en demeure;2023-07-28;2023-08-07;381.56
15695982;2242283232;2ème Impayé;2023-07-10;2023-07-27;366.56
15738493;2248356231;1er Impayé;2023-06-08;2023-07-03;45.22
15786653;2255236231;1er Impayé;2023-06-08;2023-06-30;84.01
15801402;2257343231;1er Impayé;2023-06-08;2023-06-30;78.15
15801402;2257343231;2ème Impayé;2023-07-10;2023-07-19;312.63
15823858;2260551231;1er Impayé;2023-06-08;2023-06-30;100.62
15848547;2264078231;1er Impayé;2023-06-08;2023-06-13;80.95
259813;371162344;1er Impayé;2023-06-15;2023-07-05;238.01
4499839;6428342377;1er Impayé;2023-06-15;2023-07-05;259.08
8549129;12213042321;1er Impayé;2023-06-15;2023-07-05;192.95
8866250;12666072314;1er Impayé;2023-06-15;2023-06-16;206.65
8866250;12666072314;2ème Impayé;2023-07-12;2023-07-27;619.95
8866250;12666072314;Mise en demeure;2023-07-28;2023-08-22;634.95
8878801;1268400235;Suspension de garanties;2023-09-01;2023-09-07;205.7
8878801;1268400235;1er Impayé;2023-06-15;2023-07-05;95.35
8878801;1268400235;2ème Impayé;2023-07-12;2023-07-27;381.4
8878801;1268400235;Mise en demeure;2023-07-28;2023-08-31;205.7
8878801;1268400235;Annonce du contentieux;2023-09-08;2023-09-11;205.7
10530542;1504363236;1er Impayé;2023-06-15;2023-07-05;111.48
11382813;1626116231;1er Impayé;2023-06-15;2023-07-05;103.36
11758923;1679846235;1er Impayé;2023-06-15;2023-07-05;77.13
12377464;1768209232;1er Impayé;2023-06-15;2023-07-05;126.96
12404848;1772121233;1er Impayé;2023-06-15;2023-07-05;159.93
15849779;2264254232;1er Impayé;2023-09-17;2023-09-29;175.33
15937937;2276848231;1er Impayé;2023-09-17;2023-09-29;151.86
15970970;2281567232;1er Impayé;2023-09-17;2023-09-29;170.67
15978054;2282579231;1er Impayé;2023-09-17;2023-10-05;107.43
16013250;2287607231;2ème Impayé;2023-10-09;2023-10-26;237.16
16013250;2287607231;1er Impayé;2023-09-17;2023-09-29;80.2
16013250;2287607231;Mise en demeure;2023-10-27;2023-11-30;252.16
16019956;2288565231;1er Impayé;2023-09-17;2023-09-29;86.61
16019956;2288565231;2ème Impayé;2023-10-16;2023-11-02;302.44
16019956;2288565231;Mise en demeure;2023-11-03;;317.44
15963592;2280513231;1er Impayé;2023-09-19;2023-10-12;166.89
15963592;2280513231;Mise en demeure;2023-10-13;2023-10-20;649.56
16025675;2289382231;1er Impayé;2023-09-19;2023-09-29;74.24
13187553;1883936237;1er Impayé;2023-09-21;2023-10-15;94.09
14090490;2012927235;1er Impayé;2023-09-21;2023-10-15;104.98
14577410;2082487233;1er Impayé;2023-09-21;2023-10-15;105.08
14995933;2142276232;1er Impayé;2023-09-21;2023-10-15;130.37
14995933;2142276232;2ème Impayé;2023-10-23;2023-11-09;521.48
14995933;2142276232;Mise en demeure;2023-11-10;2023-11-30;536.48
15807492;2258213232;1er Impayé;2023-09-21;2023-10-01;65.42
15826021;2260860231;1er Impayé;2023-09-21;2023-10-12;118.19
15826021;2260860231;Mise en demeure;2023-10-13;2023-11-27;487.76
16039556;2291365231;1er Impayé;2023-09-21;2023-09-22;157.34
15484827;2212118232;1er Impayé;2023-10-30;;482.66
15865760;2266537231;1er Impayé;2023-10-30;;531.18
14350078;2050011231;1er Impayé;2023-04-05;2023-04-20;244.59
14350078;2050011231;Mise en demeure;2023-04-21;2023-04-25;259.59
282353;403362341;1ere lettre de relance;2023-11-24;;203.85
8735980;12479972338;1ere lettre de relance;2023-11-24;;25.0
10444589;14920842321;1ere lettre de relance;2023-11-24;;15.9
11081918;15831312301;1ere lettre de relance;2023-11-24;;174.12
11443160;16347372301;1ere lettre de relance;2023-11-24;;210.12
11981369;17116242301;1ere lettre de relance;2023-11-24;;282.5
12250036;17500052301;1ere lettre de relance;2023-11-24;;210.12
13140023;18771462301;1ere lettre de relance;2023-11-24;;240.56
13188722;18841032302;1ere lettre de relance;2023-11-24;;245.04
13484507;19263582301;1ere lettre de relance;2023-11-24;;285.74
13599846;19428352301;1ere lettre de relance;2023-11-24;;255.96
13705805;19579722302;1ere lettre de relance;2023-11-24;;162.24
13585643;19408062301;1ere lettre de relance;2023-11-24;;151.71
13539142;19341632301;1ere lettre de relance;2023-11-24;;164.56
14195343;20279062303;1ere lettre de relance;2023-11-24;;329.94
14216966;20309952303;1ere lettre de relance;2023-11-24;;107.48
14103636;20148052301;1ere lettre de relance;2023-11-24;;210.12
10891126;15558752308;1ere lettre de relance;2023-04-21;2023-04-27;157.56
15764505;22520722301;1ere lettre de relance;2023-04-21;2023-04-26;266.15
5754449;8220642345;1ere lettre de relance;2023-04-21;2023-05-01;582.63
5754449;8220642345;Mise en demeure;2023-05-02;2023-05-25;597.63
9232889;13189842330;1ere lettre de relance;2023-04-21;2023-05-01;329.37
9232889;13189842330;Mise en demeure;2023-05-02;2023-05-17;344.37
11731028;16758612305;1ere lettre de relance;2023-04-21;2023-05-01;257.37
11731028;16758612305;Mise en demeure;2023-05-02;2023-05-15;272.37
8690039;12414342346;1ere lettre de relance;2023-04-21;2023-05-01;556.56
8690039;12414342346;Mise en demeure;2023-05-02;2023-05-03;571.56
5246375;7494822330;1ere lettre de relance;2023-04-21;2023-05-01;343.29
5246375;7494822330;Mise en demeure;2023-05-02;2023-05-14;358.29
11104759;15863942301;1ere lettre de relance;2023-04-21;2023-05-09;441.93
14421023;20601462304;1ere lettre de relance;2023-04-21;2023-05-01;69.81
14421023;20601462304;Mise en demeure;2023-05-02;2023-05-03;84.81
5763661;8233802348;1ere lettre de relance;2023-04-21;2023-05-01;506.37
5763661;8233802348;Mise en demeure;2023-05-02;2023-05-08;521.37
15078295;21540422303;1ere lettre de relance;2023-04-21;2023-05-01;387.9
15078295;21540422303;Mise en demeure;2023-05-02;2023-05-11;402.9
8082152;11545932355;1ere lettre de relance;2023-04-21;2023-05-01;758.58
10962918;15661312322;1ere lettre de relance;2023-04-21;2023-04-23;117.54
4359608;6228012336;1ere lettre de relance;2023-04-21;2023-04-25;616.02
14009164;20013092301;1ere lettre de relance;2023-04-21;2023-05-01;181.52
14009164;20013092301;Mise en demeure;2023-05-02;2023-05-10;196.52
9009400;12870572303;1ere lettre de relance;2023-04-21;2023-05-01;575.61
9009400;12870572303;Annonce du contentieux;2023-06-09;2023-06-25;590.61
9009400;12870572303;Mise en demeure;2023-05-02;2023-06-01;590.61
9009400;12870572303;Suspension de garanties;2023-06-02;2023-06-08;590.61
15233212;21761732303;1ere lettre de relance;2023-04-21;2023-05-01;192.21
15233212;21761732303;Mise en demeure;2023-05-02;2023-05-09;207.21
8548919;12212742304;1ere lettre de relance;2023-04-21;2023-05-01;208.98
8548919;12212742304;Mise en demeure;2023-05-02;2023-05-09;223.98
12189493;17413562301;1ere lettre de relance;2023-04-21;2023-05-01;230.52
12189493;17413562301;Mise en demeure;2023-05-02;2023-05-30;245.52
4442698;6346712350;1ere lettre de relance;2023-04-21;2023-05-02;447.03
13866770;19809672307;1ere lettre de relance;2023-04-21;2023-05-01;368.73
13866770;19809672307;Mise en demeure;2023-05-02;2023-06-01;383.73
15146846;21638352303;1ere lettre de relance;2023-04-21;2023-05-01;91.2
15146846;21638352303;Mise en demeure;2023-05-02;2023-05-14;106.2
4358978;6227112319;1ere lettre de relance;2023-04-21;2023-05-01;533.34
4358978;6227112319;Mise en demeure;2023-05-02;2023-05-03;548.34
4387846;6268352351;1ere lettre de relance;2023-04-21;2023-04-24;559.74
15198338;21711912304;1ere lettre de relance;2023-04-21;2023-05-01;307.02
15198338;21711912304;Mise en demeure;2023-05-02;2023-06-01;219.62
15198338;21711912304;Suspension de garanties;2023-06-02;2023-06-04;109.62
13935699;19908142302;1ere lettre de relance;2023-04-21;2023-05-01;312.54
13935699;19908142302;Mise en demeure;2023-05-02;2023-05-14;327.54
15452935;22075622302;1ere lettre de relance;2023-04-21;2023-05-01;204.06
15452935;22075622302;En recouvrement;2023-06-16;2023-07-25;434.64
15452935;22075622302;Mise en demeure;2023-05-02;2023-06-01;219.06
15452935;22075622302;Annonce du contentieux;2023-06-09;2023-06-15;56.52
15452935;22075622302;Suspension de garanties;2023-06-02;2023-06-08;56.52
10321620;14745172313;Mise en demeure;2023-05-02;2023-05-11;329.46
10321620;14745172313;1ere lettre de relance;2023-04-21;2023-05-01;314.46
14267534;20382192307;1ere lettre de relance;2023-04-21;2023-05-01;170.46
14267534;20382192307;Mise en demeure;2023-05-02;2023-05-22;185.46
12114187;17305982306;1ere lettre de relance;2023-04-21;2023-05-01;511.47
12114187;17305982306;Mise en demeure;2023-05-02;2023-05-23;526.47
15234227;21763182303;1ere lettre de relance;2023-04-21;2023-05-01;253.32
15234227;21763182303;Mise en demeure;2023-05-02;2023-05-23;268.32
9598205;13711722337;1ere lettre de relance;2023-04-21;2023-05-01;432.38
9598205;13711722337;Mise en demeure;2023-05-02;2023-05-31;447.38
11773147;16818782314;1ere lettre de relance;2023-04-21;2023-05-10;407.52
15603197;22290282302;1ere lettre de relance;2023-04-21;2023-05-01;500.88
15603197;22290282302;Mise en demeure;2023-05-02;2023-05-03;515.88
13185075;18835822311;1ere lettre de relance;2023-04-21;2023-05-01;677.82
13185075;18835822311;Mise en demeure;2023-05-02;2023-05-04;692.82
3914121;5591602343;1ere lettre de relance;2023-04-21;2023-04-24;475.38
14246688;20352412305;1ere lettre de relance;2023-04-21;2023-05-01;43.65
14246688;20352412305;Mise en demeure;2023-05-02;2023-05-10;102.3
38872;55532308;1ere lettre de relance;2023-04-21;2023-05-01;1306.26
38872;55532308;Mise en demeure;2023-05-02;2023-05-10;1321.26
3906813;5581162359;1ere lettre de relance;2023-04-21;2023-04-29;584.49
10444260;14920372302;1ere lettre de relance;2023-04-21;2023-05-01;1298.06
10444260;14920372302;En recouvrement;2023-06-16;2023-06-09;3909.16
10444260;14920372302;Annonce du contentieux;2023-06-09;2023-06-15;1313.06
10444260;14920372302;Mise en demeure;2023-05-02;2023-06-01;1313.06
10444260;14920372302;Suspension de garanties;2023-06-02;2023-06-08;1313.06
15410648;22015212302;1ere lettre de relance;2023-04-21;2023-05-01;225.66
15410648;22015212302;Mise en demeure;2023-05-02;2023-05-24;240.66
12281788;17545412304;1ere lettre de relance;2023-04-21;2023-05-01;239.58
12281788;17545412304;Mise en demeure;2023-05-02;2023-05-10;254.58
14963376;21376252304;1ere lettre de relance;2023-04-21;2023-05-01;138.39
14963376;21376252304;Mise en demeure;2023-05-02;2023-05-03;153.39
13590172;19414532304;1ere lettre de relance;2023-04-21;2023-05-01;365.46
13590172;19414532304;Mise en demeure;2023-05-02;2023-05-14;380.46
5157720;7368172313;1ere lettre de relance;2023-04-21;2023-05-01;611.55
11844736;16921052301;1ere lettre de relance;2023-10-20;2023-10-30;838.38
7692777;10989682343;1ere lettre de relance;2023-10-20;2023-11-02;575.64
7692777;10989682343;Mise en demeure;2023-11-03;2023-11-24;590.64
14674360;20963372309;1ere lettre de relance;2023-10-20;2023-11-02;147.76
14674360;20963372309;Mise en demeure;2023-11-03;;162.76
5203885;7434122323;1ere lettre de relance;2023-10-20;2023-11-01;589.53
10162531;14517902321;1ere lettre de relance;2023-10-20;2023-10-22;286.2
14044647;20063782302;1ere lettre de relance;2023-10-20;2023-11-02;487.83
14044647;20063782302;Mise en demeure;2023-11-03;2023-11-06;502.83
10307067;14724382317;1ere lettre de relance;2023-10-20;2023-11-02;150.33
10307067;14724382317;Mise en demeure;2023-11-03;;165.33
11931501;17045002303;1ere lettre de relance;2023-10-20;2023-11-01;499.32
7086416;10123452312;1ere lettre de relance;2023-10-20;2023-10-21;1935.78
648523;926462344;1ere lettre de relance;2023-10-20;2023-10-24;456.03
15926121;22751602302;1ere lettre de relance;2023-10-20;2023-10-29;133.68
3867193;5524562356;1ere lettre de relance;2023-10-20;2023-10-28;820.92
15427224;22038892303;1ere lettre de relance;2023-10-20;2023-11-01;146.61
107087;152982367;1ere lettre de relance;2023-10-20;2023-10-25;668.07
14766466;21094952306;1ere lettre de relance;2023-10-20;2023-11-02;225.18
14766466;21094952306;Mise en demeure;2023-11-03;;240.18
12837658;18339512304;1ere lettre de relance;2023-10-20;2023-11-01;148.98
12549797;17928282301;1ere lettre de relance;2023-10-20;2023-11-02;419.6
12549797;17928282301;Mise en demeure;2023-11-03;;434.6
14523244;20747492305;1ere lettre de relance;2023-10-20;2023-11-02;99.57
14523244;20747492305;Mise en demeure;2023-11-03;2023-11-06;114.57
12167268;17381812303;1ere lettre de relance;2023-10-20;2023-11-02;468.9
12167268;17381812303;Mise en demeure;2023-11-03;2023-11-06;483.9
3914142;5591632327;1ere lettre de relance;2023-10-20;2023-11-01;584.49
15759234;22513192302;1ere lettre de relance;2023-10-20;2023-11-02;463.53
15759234;22513192302;Mise en demeure;2023-11-03;2023-11-28;478.53
12920167;18457382306;1ere lettre de relance;2023-10-20;2023-10-23;301.68
14716199;21023142306;1ere lettre de relance;2023-10-20;2023-11-02;420.93
14716199;21023142306;Mise en demeure;2023-11-03;2023-11-28;435.93
9881656;14116652310;1ere lettre de relance;2023-10-20;2023-11-02;462.12
9881656;14116652310;Mise en demeure;2023-11-03;2023-11-05;477.12
5555943;7937062334;1ere lettre de relance;2023-10-20;2023-11-02;1059.48
5555943;7937062334;Mise en demeure;2023-11-03;2023-11-21;1074.48
11155803;15936862314;1ere lettre de relance;2023-10-20;2023-11-02;413.76
11155803;15936862314;Mise en demeure;2023-11-03;2023-11-24;428.76
10330461;14757802342;1ere lettre de relance;2023-10-20;2023-11-02;612.69
10330461;14757802342;Mise en demeure;2023-11-03;2023-11-06;627.69
13135270;18764672307;1ere lettre de relance;2023-10-20;2023-11-02;179.55
13135270;18764672307;Mise en demeure;2023-11-03;;104.55
14180258;20257512305;Mise en demeure;2023-11-03;;161.22
14180258;20257512305;1ere lettre de relance;2023-10-20;2023-11-02;161.22
4277428;6110612352;1ere lettre de relance;2023-10-20;2023-11-01;308.31
10685788;15265412334;1ere lettre de relance;2023-10-20;2023-11-02;622.53
10685788;15265412334;Mise en demeure;2023-11-03;2023-11-14;637.53
4515267;6450382384;1ere lettre de relance;2023-10-20;2023-11-02;173.13
4515267;6450382384;Mise en demeure;2023-11-03;;188.13
15444906;22064152303;1ere lettre de relance;2023-10-20;2023-11-02;595.96
15444906;22064152303;Mise en demeure;2023-11-03;;610.96
10496039;14994342315;1ere lettre de relance;2023-10-20;2023-11-02;514.62
10496039;14994342315;Mise en demeure;2023-11-03;2023-11-13;529.62
5573702;7962432342;1ere lettre de relance;2023-10-20;2023-11-02;222.21
5573702;7962432342;Mise en demeure;2023-11-03;2023-11-29;237.21
15707077;22438682302;1ere lettre de relance;2023-10-20;2023-11-19;298.68
8081634;11545192336;1ere lettre de relance;2023-10-20;2023-11-02;808.26
8081634;11545192336;Mise en demeure;2023-11-03;2023-11-15;823.26
12761169;18230242316;1ere lettre de relance;2023-10-20;2023-11-02;285.99
12761169;18230242316;Mise en demeure;2023-11-03;2023-11-12;300.99
15307412;21867732303;1ere lettre de relance;2023-10-20;2023-11-02;287.67
15307412;21867732303;Mise en demeure;2023-11-03;;302.67
3917467;5596382364;1ere lettre de relance;2023-10-20;2023-10-26;487.77
12732826;18189752307;1ere lettre de relance;2023-10-20;2023-11-02;272.1
12732826;18189752307;Mise en demeure;2023-11-03;2023-11-09;287.1
15212079;21731542303;1ere lettre de relance;2023-10-20;2023-11-02;372.76
15212079;21731542303;Mise en demeure;2023-11-03;2023-11-10;387.76
4319820;6171172330;1ere lettre de relance;2023-10-20;2023-10-27;1087.77
15528808;22184012310;1ere lettre de relance;2023-10-20;2023-11-03;411.4
12309186;17584552318;1ere lettre de relance;2023-10-20;2023-11-02;285.87
12309186;17584552318;Mise en demeure;2023-11-03;2023-11-06;300.87
12162970;17375672304;1ere lettre de relance;2023-10-20;2023-11-02;199.65
12162970;17375672304;Mise en demeure;2023-11-03;;214.65
14761657;21088082305;1ere lettre de relance;2023-10-20;2023-11-02;45.86
4891958;6988512350;1ere lettre de relance;2023-10-20;2023-11-02;1078.86
4891958;6988512350;Mise en demeure;2023-11-03;2023-11-06;1093.86
7747195;11067422309;1ere lettre de relance;2023-10-20;2023-11-02;1411.05
4323166;6175952368;1ere lettre de relance;2023-10-20;2023-11-03;463.74
14836053;21194362306;1ere lettre de relance;2023-10-20;2023-11-02;164.4
14836053;21194362306;Mise en demeure;2023-11-03;;179.4
11980116;17114452314;1ere lettre de relance;2023-10-20;2023-10-26;167.58
14595862;20851232302;1ere lettre de relance;2023-10-20;2023-11-03;53.74
4222149;6031642333;1ere lettre de relance;2023-10-20;2023-10-27;455.16
9047830;12925472330;1ere lettre de relance;2023-10-20;2023-11-02;212.37
9047830;12925472330;Mise en demeure;2023-11-03;;115.0
150837;215482346;1ere lettre de relance;2023-10-20;2023-10-26;477.45
15481929;22117042303;1ere lettre de relance;2023-10-20;2023-11-02;177.18
15481929;22117042303;Mise en demeure;2023-11-03;2023-11-27;192.18
3851772;5502532309;1ere lettre de relance;2023-10-20;2023-10-30;970.95
4392914;6275592332;1ere lettre de relance;2023-10-20;2023-10-25;543.24
13036941;18624202309;1ere lettre de relance;2023-10-20;2023-10-25;156.66
8425810;12036872328;1ere lettre de relance;2023-10-20;2023-11-01;621.78
11502387;1643198236;1er Impayé;2023-03-14;2023-04-05;107.37
12629114;1804159235;2ème Impayé;2023-04-13;2023-05-01;384.06
12629114;1804159235;En recouvrement;2023-06-16;2023-06-18;783.12
12629114;1804159235;Suspension de garanties;2023-06-02;2023-06-08;399.06
12629114;1804159235;Annonce du contentieux;2023-06-09;2023-06-15;399.06
12629114;1804159235;Mise en demeure;2023-05-02;2023-06-01;399.06
12629114;1804159235;1er Impayé;2023-03-14;2023-03-31;192.03
13581002;1940143239;1er Impayé;2023-03-14;2023-04-05;100.34
13936021;1990860233;1er Impayé;2023-03-14;2023-03-26;66.5
13947767;1992538232;1er Impayé;2023-03-14;2023-04-05;184.82
14520787;2074398231;1er Impayé;2023-03-14;2023-03-15;225.85
14782517;2111788231;1er Impayé;2023-03-14;2023-03-22;80.67
15000070;2142867234;2ème Impayé;2023-04-13;2023-05-01;550.28
15000070;2142867234;1er Impayé;2023-03-14;2023-04-05;137.57
15000070;2142867234;Mise en demeure;2023-05-02;2023-06-01;565.28
15081018;2154431232;1er Impayé;2023-03-14;2023-03-15;105.99
15127890;2161127231;1er Impayé;2023-03-14;2023-03-29;84.73
15132090;2161727231;1er Impayé;2023-03-14;2023-04-05;58.77
16140146;2305735231;1er Impayé;2023-11-13;;72.88
16152949;2307564231;1er Impayé;2023-11-13;2023-11-15;45.7
12554613;1793516232;1er Impayé;2023-06-15;2023-07-18;88.7
12559149;1794164231;1er Impayé;2023-06-15;2023-07-05;409.92
12574948;1796421234;1er Impayé;2023-06-15;2023-07-05;78.77
12671632;1810233231;1er Impayé;2023-06-15;2023-07-05;64.82
12702880;1814697232;1er Impayé;2023-06-15;2023-07-05;144.73
12712953;1816136231;1er Impayé;2023-06-15;2023-07-05;57.46
12905341;1843620237;1er Impayé;2023-06-15;2023-07-05;141.85
13012294;1858899236;1er Impayé;2023-06-15;2023-07-05;74.47
13303711;1900530234;1er Impayé;2023-06-15;2023-06-16;12.21
13368524;1909789235;1er Impayé;2023-06-15;2023-06-16;113.06
13386430;1912347235;1er Impayé;2023-06-15;2023-07-05;191.1
13436620;1919517233;1er Impayé;2023-06-15;2023-07-05;79.86
13486348;1926621233;1er Impayé;2023-06-15;2023-06-19;171.48
13498850;1928407233;1er Impayé;2023-06-15;2023-07-05;94.96
13508538;1929791232;1er Impayé;2023-06-15;2023-07-05;139.77
13568451;1938350231;1er Impayé;2023-06-15;2023-07-05;130.79
13581002;19401432310;1er Impayé;2023-06-15;2023-07-05;100.34
13583571;1940510233;1er Impayé;2023-06-15;2023-07-05;172.47
13931443;1990206233;1er Impayé;2023-06-15;2023-07-05;70.08
13939325;1991332231;1er Impayé;2023-06-15;2023-07-05;92.86
13951645;1993092235;1er Impayé;2023-06-15;2023-07-05;105.6
13951645;1993092235;2ème Impayé;2023-07-12;2023-07-27;422.4
13951645;1993092235;Mise en demeure;2023-07-28;2023-08-30;437.4
14022338;2003191231;1er Impayé;2023-06-15;2023-06-29;160.5
14035589;2005084231;1er Impayé;2023-06-15;2023-07-05;79.82
14038690;2005527235;1er Impayé;2023-06-15;2023-07-05;60.04
15621698;2231671232;1er Impayé;2023-09-27;2023-09-29;75.04
16044575;2292082231;1er Impayé;2023-09-27;2023-09-29;60.01
4681734;6688192326;1ere lettre de relance;2023-11-17;2023-11-22;147.0
8782257;12546082309;1ere lettre de relance;2023-11-17;;180.5
11127215;15896022385;1ere lettre de relance;2023-11-17;2023-11-26;150.01
12078809;17255442301;1ere lettre de relance;2023-11-17;;959.47
12654062;18077232313;1ere lettre de relance;2023-11-17;;30.01
13548977;19355682310;1ere lettre de relance;2023-11-17;;164.56
13957819;19939742321;1ere lettre de relance;2023-11-17;2023-11-22;112.59
14246688;20352412312;1ere lettre de relance;2023-11-17;2023-11-22;58.65
14222237;20317482304;1ere lettre de relance;2023-11-17;;48.8
14070792;20101132302;1ere lettre de relance;2023-11-17;;771.92
14663692;20948132310;1ere lettre de relance;2023-11-17;2023-11-30;176.98
14568989;20812842301;1ere lettre de relance;2023-11-17;;281.0
14400464;20572092307;1ere lettre de relance;2023-11-17;2023-11-22;64.8
14478346;20683352307;1ere lettre de relance;2023-11-17;;465.6
14595862;20851232303;1ere lettre de relance;2023-11-17;;53.74
14399449;20570642305;1ere lettre de relance;2023-11-17;;137.08
14761657;21088082306;1ere lettre de relance;2023-11-17;;45.86
15391657;21988082302;1ere lettre de relance;2023-11-17;;53.74
15315273;21878962305;1ere lettre de relance;2023-11-17;2023-11-19;85.55
15101213;21573162301;1ere lettre de relance;2023-11-17;;107.48
15176995;21681422301;1ere lettre de relance;2023-11-17;;62.11
15379932;21971332304;1ere lettre de relance;2023-11-17;;102.29
15410081;22014402301;1ere lettre de relance;2023-11-17;;253.96
14980127;21400182318;1ere lettre de relance;2023-11-17;2023-11-22;72.41
15169449;2167064231;1er Impayé;2023-04-05;2023-04-20;314.55
15169449;2167064231;Mise en demeure;2023-04-21;2023-05-08;224.7
15193333;2170476231;1er Impayé;2023-04-05;2023-04-20;222.9
15193333;2170476231;Mise en demeure;2023-04-21;2023-07-03;237.9
15212506;2173215231;1er Impayé;2023-04-05;2023-05-04;263.52
15361207;2194458232;1er Impayé;2023-04-05;2023-04-20;302.4
15361207;2194458232;Mise en demeure;2023-04-21;2023-04-24;317.4
15396501;2199500231;1er Impayé;2023-04-05;2023-04-10;144.27
15416409;2202344232;1er Impayé;2023-04-05;2023-04-20;681.64
15416409;2202344232;Mise en demeure;2023-04-21;2023-05-25;696.64
15416409;2202344232;Suspension de garanties;2023-05-26;2023-06-05;696.64
15507269;2215324231;1er Impayé;2023-04-05;2023-04-20;459.45
15507269;2215324231;Mise en demeure;2023-04-21;2023-05-15;474.45
15656600;2236657231;1er Impayé;2023-04-05;2023-05-08;287.1
15689479;2241354231;1er Impayé;2023-04-05;2023-04-17;305.19
15693609;2241944231;1er Impayé;2023-04-05;2023-04-16;76.27
15693609;2241944231;2ème Impayé;2023-05-07;2023-05-25;152.54
15693609;2241944231;Mise en demeure;2023-05-26;2023-06-09;91.27
13292847;1898978233;1er Impayé;2023-05-10;2023-06-01;50.91
13319272;1902753233;2ème Impayé;2023-06-07;2023-07-13;378.56
13319272;1902753233;1er Impayé;2023-05-10;2023-06-01;189.28
13319272;1902753233;Annonce du contentieux;2023-08-25;;961.4
13319272;1902753233;Suspension de garanties;2023-08-18;2023-08-24;961.4
13319272;1902753233;Mise en demeure;2023-07-14;2023-08-17;961.4
13366557;1909508233;1er Impayé;2023-05-10;2023-06-01;47.16
14773165;21104522301;1ere lettre de relance;2023-11-24;;164.56
14308372;20440532302;1ere lettre de relance;2023-11-24;;361.54
14478969;20684242302;1ere lettre de relance;2023-11-24;;153.18
15411327;22016182301;1ere lettre de relance;2023-11-24;;100.54
15416409;22023442305;1ere lettre de relance;2023-11-24;;15.03
15385413;21979162301;1ere lettre de relance;2023-11-24;;57.47
15376754;21966792301;1ere lettre de relance;2023-11-24;;194.44
15439649;22056642301;1ere lettre de relance;2023-11-24;;207.02
15385770;21979672301;1ere lettre de relance;2023-11-24;;304.3
15483770;22119672303;1ere lettre de relance;2023-11-24;;155.72
15563143;22233062301;1ere lettre de relance;2023-11-24;;277.94
15750078;22500112302;1ere lettre de relance;2023-11-24;;411.84
15555093;22221562303;1ere lettre de relance;2023-11-24;;401.34
15753459;22504942305;1ere lettre de relance;2023-11-24;;895.07
15576898;22252712303;1ere lettre de relance;2023-11-24;;209.24
16154559;23077942301;1ere lettre de relance;2023-11-24;2023-11-29;215.16
16158752;23083932301;1ere lettre de relance;2023-11-24;;104.01
15845957;22637082302;1ere lettre de relance;2023-11-24;;259.08
16162168;23088812301;1ere lettre de relance;2023-11-24;2023-11-26;57.98
16165297;23093282301;1ere lettre de relance;2023-11-24;;108.07
7119050;1017007231;1er Impayé;2023-11-27;;1266.15
15378280;2196897234;1er Impayé;2023-11-27;;121.95
9121540;1303077232;1er Impayé;2023-02-13;2023-03-02;64.81
11444441;1634920231;1er Impayé;2023-02-13;2023-03-02;271.69
12190949;1741564238;1er Impayé;2023-02-13;2023-03-02;22.73
12309186;17584552316;1er Impayé;2023-02-13;2023-03-02;190.58
12309186;17584552316;Mise en demeure;2023-03-03;2023-04-03;205.58
12751495;1821642232;1er Impayé;2023-02-13;2023-02-22;77.87
13047140;1863877232;1er Impayé;2023-02-13;2023-03-02;89.48
13597893;1942556233;1er Impayé;2023-02-13;2023-03-02;90.22
14221684;2031669232;1er Impayé;2023-02-13;2023-03-02;45.92
14537398;2076771232;1er Impayé;2023-02-13;2023-03-02;54.82
14770925;2110132232;1er Impayé;2023-02-13;2023-05-11;616.92
14770925;2110132232;Mise en demeure;2023-05-12;2023-09-28;720.84
15239120;2177017231;1er Impayé;2023-02-13;2023-03-07;55.06
15314111;2187730231;1er Impayé;2023-02-13;2023-02-20;45.55
15329490;2189927231;1er Impayé;2023-02-13;2023-02-21;136.88
14223644;20319492304;1ere lettre de relance;2023-04-21;2023-05-01;226.71
14223644;20319492304;Mise en demeure;2023-05-02;2023-05-11;241.71
13604305;19434722305;1ere lettre de relance;2023-04-21;2023-04-22;990.09
11141768;15916812320;1ere lettre de relance;2023-04-21;2023-04-25;94.41
14243881;20348402307;1ere lettre de relance;2023-04-21;2023-04-23;218.13
8889637;12699482302;1ere lettre de relance;2023-04-21;2023-05-02;698.04
15093709;21562442303;1ere lettre de relance;2023-04-21;2023-05-01;204.26
15093709;21562442303;Mise en demeure;2023-05-02;2023-05-08;219.26
4497669;6425242351;1ere lettre de relance;2023-04-21;2023-05-01;493.47
4497669;6425242351;Mise en demeure;2023-05-02;2023-05-23;508.47
12617592;18025132312;1ere lettre de relance;2023-04-21;2023-04-30;402.63
4967817;7096882320;1ere lettre de relance;2023-04-21;2023-05-01;741.96
3858562;5512232308;1ere lettre de relance;2023-04-21;2023-05-01;240.3
3858562;5512232308;Mise en demeure;2023-05-02;2023-05-23;255.3
13607630;19439472302;1ere lettre de relance;2023-04-21;2023-06-01;371.31
3893261;5561802351;1ere lettre de relance;2023-04-21;2023-05-01;395.15
3893261;5561802351;Mise en demeure;2023-05-02;2023-05-14;410.15
15083426;21547752302;1ere lettre de relance;2023-04-21;2023-05-01;318.69
15775999;22537142301;1ere lettre de relance;2023-04-21;2023-05-01;329.12
15775999;22537142301;Suspension de garanties;2023-06-02;2023-06-08;329.12
15775999;22537142301;Mise en demeure;2023-05-02;2023-06-01;329.12
15775999;22537142301;Annonce du contentieux;2023-06-09;2023-06-14;329.12
15273357;21819082303;1ere lettre de relance;2023-04-21;2023-05-01;489.48
15273357;21819082303;Mise en demeure;2023-05-02;2023-06-01;504.48
12918669;18455242312;1ere lettre de relance;2023-04-21;2023-04-30;205.38
9887221;14124602310;1ere lettre de relance;2023-04-21;2023-05-01;1004.94
13524673;19320962304;1ere lettre de relance;2023-10-20;2023-11-02;117.15
13524673;19320962304;Mise en demeure;2023-11-03;2023-11-05;132.15
13591348;19416212303;1ere lettre de relance;2023-10-20;2023-10-25;221.91
3924201;5606002379;1ere lettre de relance;2023-10-20;2023-10-23;393.27
15034636;21478052302;1ere lettre de relance;2023-10-20;2023-11-02;216.99
15034636;21478052302;Mise en demeure;2023-11-03;;231.99
14189687;20270982304;1ere lettre de relance;2023-10-20;2023-11-02;269.4
14189687;20270982304;Mise en demeure;2023-11-03;;284.4
16012179;22874542302;1ere lettre de relance;2023-10-20;2023-11-02;105.39
16012179;22874542302;Mise en demeure;2023-11-03;;120.39
12354679;17649542315;1ere lettre de relance;2023-10-20;2023-11-02;407.1
12354679;17649542315;Mise en demeure;2023-11-03;2023-11-07;422.1
14878991;21255702306;1ere lettre de relance;2023-10-20;2023-10-26;197.19
15110481;21586402305;1ere lettre de relance;2023-10-20;2023-11-02;245.85
15110481;21586402305;Mise en demeure;2023-11-03;2023-11-19;260.85
15492149;22131642303;1ere lettre de relance;2023-10-20;2023-11-02;236.97
15492149;22131642303;Mise en demeure;2023-11-03;2023-11-12;251.97
16023610;22890872301;1ere lettre de relance;2023-10-20;2023-11-02;76.84
14868736;21241052303;1ere lettre de relance;2023-10-20;2023-11-01;344.97
13574177;19391682310;1ere lettre de relance;2023-10-20;2023-10-26;205.38
11127215;15896022384;1ere lettre de relance;2023-10-20;2023-10-25;150.02
12978288;18540412309;1ere lettre de relance;2023-10-20;2023-10-26;225.84
13980261;19971802302;1ere lettre de relance;2023-10-20;2023-11-02;179.34
13980261;19971802302;Mise en demeure;2023-11-03;2023-11-07;194.34
13452209;19217442313;1ere lettre de relance;2023-10-20;2023-11-02;251.67
13452209;19217442313;Mise en demeure;2023-11-03;;266.67
13297950;18997072302;1ere lettre de relance;2023-10-20;2023-10-22;250.8
15767893;22525562301;1ere lettre de relance;2023-10-20;2023-10-22;469.86
15148624;21640892301;1ere lettre de relance;2023-10-20;2023-11-02;440.7
15148624;21640892301;Mise en demeure;2023-11-03;;455.7
14384889;20549842303;1ere lettre de relance;2023-10-20;2023-11-02;446.94
14384889;20549842303;Mise en demeure;2023-11-03;2023-11-13;461.94
12223037;17461482302;1ere lettre de relance;2023-10-20;2023-10-24;455.31
15872536;22675052303;1ere lettre de relance;2023-10-20;2023-11-01;146.4
5136013;7337162351;1ere lettre de relance;2023-10-20;2023-11-02;1883.01
13424650;19178072311;1ere lettre de relance;2023-10-20;2023-10-28;114.35
8144095;11634422307;1ere lettre de relance;2023-10-20;2023-10-23;685.63
16071567;22959382301;1ere lettre de relance;2023-10-20;2023-11-02;329.12
16071567;22959382301;Mise en demeure;2023-11-03;;329.12
14578313;20826162305;1ere lettre de relance;2023-10-20;2023-11-02;240.45
14578313;20826162305;Mise en demeure;2023-11-03;2023-11-04;255.45
9932581;14189402307;1ere lettre de relance;2023-10-20;2023-10-29;185.82
14588988;20841412304;1ere lettre de relance;2023-10-20;2023-11-02;203.82
14588988;20841412304;Mise en demeure;2023-11-03;2023-11-14;218.82
8061145;11515922315;1ere lettre de relance;2023-10-20;2023-10-29;401.22
12316144;17594492312;1ere lettre de relance;2023-10-20;2023-10-27;259.59
13128354;18754792304;1ere lettre de relance;2023-10-20;2023-11-02;434.31
13128354;18754792304;Mise en demeure;2023-11-03;2023-11-16;449.31
15166572;21666532305;1ere lettre de relance;2023-10-20;2023-11-02;151.32
15166572;21666532305;Mise en demeure;2023-11-03;;166.32
14996990;21424272303;1ere lettre de relance;2023-10-20;2023-11-02;186.4
14996990;21424272303;Mise en demeure;2023-11-03;;201.4
9231006;13187152324;1ere lettre de relance;2023-10-20;2023-11-02;390.63
9231006;13187152324;Mise en demeure;2023-11-03;2023-11-08;405.63
4890901;6987002336;1ere lettre de relance;2023-10-20;2023-10-22;264.72
10297582;14710832315;1ere lettre de relance;2023-10-20;2023-11-02;360.66
10297582;14710832315;Mise en demeure;2023-11-03;;375.66
14407331;20581902305;1ere lettre de relance;2023-10-20;2023-11-02;402.33
14407331;20581902305;Mise en demeure;2023-11-03;2023-11-08;417.33
14557992;20797132305;1ere lettre de relance;2023-10-20;2023-11-02;296.58
14557992;20797132305;Mise en demeure;2023-11-03;2023-11-07;311.58
3985108;5693012370;1ere lettre de relance;2023-10-20;2023-11-02;458.38
15122325;21603322305;1ere lettre de relance;2023-10-20;2023-11-02;44.26
15122325;21603322305;Mise en demeure;2023-11-03;2023-11-07;103.52
14294393;20420562304;1ere lettre de relance;2023-10-20;2023-11-02;150.39
14294393;20420562304;Mise en demeure;2023-11-03;2023-11-17;165.39
7860609;11229442382;1ere lettre de relance;2023-10-20;2023-11-02;182.82
7860609;11229442382;Mise en demeure;2023-11-03;2023-11-23;380.64
15602070;22288672304;1ere lettre de relance;2023-10-20;2023-11-02;118.59
12663666;18090952310;1ere lettre de relance;2023-10-20;2023-11-02;418.63
12663666;18090952310;Mise en demeure;2023-11-03;2023-11-15;433.63
4287389;6124842309;1ere lettre de relance;2023-10-20;2023-10-30;584.49
6112499;8732142306;1ere lettre de relance;2023-10-20;2023-11-02;1098.48
6112499;8732142306;Mise en demeure;2023-11-03;;1113.48
9662682;13803832304;1ere lettre de relance;2023-10-20;2023-11-02;160.29
9662682;13803832304;Mise en demeure;2023-11-03;2023-11-04;175.29
15315518;21879312303;1ere lettre de relance;2023-10-20;2023-11-02;207.51
15315518;21879312303;Mise en demeure;2023-11-03;;222.51
7786122;11123032328;1ere lettre de relance;2023-10-20;2023-11-02;323.43
7786122;11123032328;Mise en demeure;2023-11-03;;338.43
15642544;22346492304;1ere lettre de relance;2023-10-20;2023-11-02;481.8
15642544;22346492304;Mise en demeure;2023-11-03;2023-11-12;255.9
14038634;20055192307;1ere lettre de relance;2023-10-20;2023-11-02;384.81
14038634;20055192307;Mise en demeure;2023-11-03;2023-11-07;399.81
4312435;6160622380;1ere lettre de relance;2023-10-20;2023-11-02;272.58
4312435;6160622380;Mise en demeure;2023-11-03;;287.58
15844431;22634902302;1ere lettre de relance;2023-10-20;2023-11-02;192.0
15844431;22634902302;Mise en demeure;2023-11-03;;207.0
7104497;10149282303;1ere lettre de relance;2023-10-20;2023-11-02;1311.54
7104497;10149282303;Mise en demeure;2023-11-03;2023-11-04;1326.54
13913999;19877142309;1ere lettre de relance;2023-10-20;2023-11-02;53.74
13913999;19877142309;Mise en demeure;2023-11-03;2023-11-16;53.74
4849965;6928522316;1ere lettre de relance;2023-10-20;2023-11-02;1276.41
4849965;6928522316;Mise en demeure;2023-11-03;2023-11-09;1291.41
9478435;13540622303;1ere lettre de relance;2023-10-20;2023-11-02;172.65
9478435;13540622303;Mise en demeure;2023-11-03;2023-11-06;187.65
7273232;10390332339;1ere lettre de relance;2023-10-20;2023-11-01;435.9
10815967;15451382314;1ere lettre de relance;2023-10-20;2023-10-27;189.69
15245749;2177964231;1er Impayé;2023-03-14;2023-04-05;56.91
15246953;2178136231;1er Impayé;2023-03-14;2023-04-05;61.43
15262129;2180304231;1er Impayé;2023-03-14;2023-03-17;90.19
15304997;2186428231;1er Impayé;2023-03-14;2023-04-05;55.99
15314412;2187773231;1er Impayé;2023-03-14;2023-04-05;57.32
15319480;2188497231;1er Impayé;2023-03-14;2023-04-03;106.37
15336042;2190863232;1er Impayé;2023-03-14;2023-04-05;102.7
15336441;2190920231;1er Impayé;2023-03-14;2023-03-23;178.75
15369684;2195669231;Mise en demeure;2023-04-14;2023-05-18;471.83
15369684;2195669231;1er Impayé;2023-03-14;2023-04-13;179.42
15369684;2195669231;Suspension de garanties;2023-05-19;2023-05-25;292.41
15369684;2195669231;Annonce du contentieux;2023-05-26;2023-06-13;292.41
15375207;2196458231;2ème Impayé;2023-04-13;2023-05-01;220.16
15375207;2196458231;1er Impayé;2023-03-14;2023-04-05;55.04
15375207;2196458231;En recouvrement;2023-06-16;2023-09-17;565.4
15375207;2196458231;Mise en demeure;2023-05-02;2023-06-01;235.16
15375207;2196458231;Annonce du contentieux;2023-06-09;2023-06-15;235.16
15375207;2196458231;Suspension de garanties;2023-06-02;2023-06-08;235.16
15442099;2206014232;1er Impayé;2023-03-14;2023-04-05;57.36
15444423;2206346232;2ème Impayé;2023-04-13;2023-05-01;206.92
15444423;2206346232;1er Impayé;2023-03-14;2023-04-05;51.73
15444423;2206346232;Mise en demeure;2023-05-02;2023-05-29;221.92
15502733;2214676231;1er Impayé;2023-03-14;2023-03-31;74.56
15553763;2221966231;1er Impayé;2023-03-14;2023-03-29;100.85
14058374;2008339232;1er Impayé;2023-06-15;2023-07-05;95.94
14246401;2035200231;1er Impayé;2023-06-15;2023-07-12;169.13
14346599;2049514232;1er Impayé;2023-06-15;2023-07-05;165.54
14379030;2054147234;1er Impayé;2023-06-15;2023-07-05;81.02
14386086;2055155231;1er Impayé;2023-06-15;2023-07-05;31.52
14399589;2057084231;1er Impayé;2023-06-15;2023-06-25;46.05
14408199;2058314232;1er Impayé;2023-06-15;2023-07-05;64.58
14482441;2068920231;1er Impayé;2023-06-15;2023-09-14;101.94
14563067;2080438235;1er Impayé;2023-06-15;2023-07-05;130.75
14563067;2080438235;Suspension de garanties;2023-09-01;2023-09-07;538.0
14563067;2080438235;2ème Impayé;2023-07-12;2023-07-27;523.0
14563067;2080438235;Mise en demeure;2023-07-28;2023-08-31;538.0
14563067;2080438235;Annonce du contentieux;2023-09-08;2023-09-20;38.0
14563942;2080563231;1er Impayé;2023-06-15;2023-07-05;103.91
14620411;2088630232;1er Impayé;2023-06-15;2023-07-05;99.93
14692182;2098883233;1er Impayé;2023-06-15;2023-07-05;57.03
14692182;2098883233;2ème Impayé;2023-07-12;2023-07-27;228.12
14692182;2098883233;Mise en demeure;2023-07-28;2023-08-21;243.12
14802411;2114630232;1er Impayé;2023-06-15;2023-07-05;73.77
14918940;2131277232;1er Impayé;2023-06-15;2023-07-05;143.07
14921586;2131655232;1er Impayé;2023-06-15;2023-07-05;84.89
14921943;2131706232;1er Impayé;2023-06-15;2023-07-05;94.75
14938183;2134026231;1er Impayé;2023-06-15;2023-07-05;140.36
14955907;2136558231;1er Impayé;2023-06-15;2023-07-05;134.98
14963278;2137611232;1er Impayé;2023-06-15;2023-07-05;64.0
14970040;2138577233;1er Impayé;2023-06-15;2023-07-05;133.54
14992300;2141757232;1er Impayé;2023-06-15;2023-07-05;116.4
14992300;2141757232;Suspension de garanties;2023-09-01;2023-09-06;480.61
14992300;2141757232;2ème Impayé;2023-07-12;2023-07-27;465.61
14992300;2141757232;Mise en demeure;2023-07-28;2023-08-31;480.61
14996878;2142411232;1er Impayé;2023-06-15;2023-07-05;37.96
15230034;21757192302;1ere lettre de relance;2023-11-17;;335.97
15785946;22551352303;1ere lettre de relance;2023-11-17;;216.04
15510699;22158142306;1ere lettre de relance;2023-11-17;2023-11-24;124.2
15644602;22349432305;1ere lettre de relance;2023-11-17;;41.44
15566930;22238472304;1ere lettre de relance;2023-11-17;2023-11-29;84.18
15639121;22341602302;1ere lettre de relance;2023-11-17;;482.58
15528808;22184012311;1ere lettre de relance;2023-11-17;2023-11-30;82.28
16013404;22876292303;1ere lettre de relance;2023-11-17;;344.89
16123458;23033512301;1ere lettre de relance;2023-11-17;;208.2
16098839;22998342301;1ere lettre de relance;2023-11-17;;184.56
16112776;23018252301;1ere lettre de relance;2023-11-17;;277.66
15826707;22609582307;1ere lettre de relance;2023-11-17;;411.4
13396013;1913716232;1er Impayé;2023-05-10;2023-06-01;21.62
13498108;1928301234;1er Impayé;2023-05-10;2023-06-01;171.62
13512997;1930428232;2ème Impayé;2023-06-07;2023-06-08;174.72
13512997;1930428232;1er Impayé;2023-05-10;2023-05-14;174.72
13531652;1933093231;1er Impayé;2023-05-10;2023-06-01;288.68
13547766;1935395236;1er Impayé;2023-05-10;2023-05-15;112.54
13567044;1938149232;1er Impayé;2023-05-10;2023-06-01;112.79
13570971;1938710232;1er Impayé;2023-05-10;2023-06-01;56.23
13608932;1944133232;1er Impayé;2023-05-10;2023-06-01;273.72
13739643;1962806232;1er Impayé;2023-05-10;2023-06-01;110.23
13784702;1969243238;1er Impayé;2023-05-10;2023-06-01;148.59
13812436;1973205232;1er Impayé;2023-05-10;2023-06-01;89.43
13849998;1978571235;2ème Impayé;2023-06-07;2023-06-12;93.62
13849998;1978571235;1er Impayé;2023-05-10;2023-06-01;46.81
13864229;1980604232;1er Impayé;2023-05-10;2023-06-01;156.86
13911045;1987292233;1er Impayé;2023-05-10;2023-06-01;52.51
14010172;2001453231;1er Impayé;2023-05-10;2023-06-01;63.48
14097728;2013961232;1er Impayé;2023-05-10;2023-06-06;90.6
14189687;2027098233;2ème Impayé;2023-06-11;2023-07-13;179.6
14189687;2027098233;1er Impayé;2023-05-10;2023-06-01;89.8
14189687;2027098233;Annonce du contentieux;2023-08-25;2023-09-06;464.0
14189687;2027098233;Suspension de garanties;2023-08-18;2023-08-24;464.0
14189687;2027098233;Mise en demeure;2023-07-14;2023-08-17;464.0
14352423;2050346232;1er Impayé;2023-05-10;2023-06-01;65.38
14390069;2055724231;1er Impayé;2023-05-10;2023-06-01;70.51
14390573;2055796232;1er Impayé;2023-05-10;2023-06-01;138.93
14423172;2060453233;1er Impayé;2023-05-10;2023-06-01;77.9
14542074;2077439231;1er Impayé;2023-05-10;2023-06-01;165.35
14564971;2080710231;1er Impayé;2023-05-10;2023-05-21;35.61
15484827;2212118231;Suspension de garanties;2023-04-14;2023-04-20;336.88
15484827;2212118231;1er Impayé;2023-02-20;2023-03-09;321.88
15484827;2212118231;Mise en demeure;2023-03-10;2023-04-13;336.88
15484827;2212118231;Annonce du contentieux;2023-04-21;2023-07-27;336.88
15584794;2226399231;Mise en demeure;2023-03-17;2023-03-28;102.15
15584794;2226399231;1er Impayé;2023-02-20;2023-03-16;139.49
14665946;2095135234;1er Impayé;2023-05-25;2023-06-13;107.55
14772878;2110411234;2ème Impayé;2023-06-15;2023-07-13;224.6
14772878;2110411234;1er Impayé;2023-05-14;2023-06-06;112.3
14772878;2110411234;Suspension de garanties;2023-08-18;2023-10-01;576.5
14772878;2110411234;Mise en demeure;2023-07-14;2023-08-17;576.5
14829522;2118503232;1er Impayé;2023-05-14;2023-06-06;95.0
14843711;2120530232;1er Impayé;2023-05-14;2023-06-01;51.84
14848023;2121146231;1er Impayé;2023-05-14;2023-06-01;72.74
14942936;2134705231;1er Impayé;2023-05-14;2023-06-01;41.36
14971727;2138818231;1er Impayé;2023-05-14;2023-06-06;63.69
15108549;2158364231;1er Impayé;2023-05-14;2023-05-24;109.43
15158935;2165562233;2ème Impayé;2023-06-07;2023-07-13;283.76
15158935;2165562233;1er Impayé;2023-05-14;2023-06-01;141.88
15158935;2165562233;Mise en demeure;2023-07-14;2023-08-02;724.4
15195979;2170854232;1er Impayé;2023-05-14;2023-06-06;135.0
15198849;2171264232;1er Impayé;2023-05-14;2023-06-01;34.21
15336042;2190863233;Suspension de garanties;2023-09-01;2023-09-07;528.5
15336042;2190863233;2ème Impayé;2023-06-15;2023-07-13;205.4
15336042;2190863233;1er Impayé;2023-05-14;2023-06-06;102.7
15304997;2186428232;1er Impayé;2023-05-14;2023-06-06;55.99
15336042;2190863233;Annonce du contentieux;2023-09-08;2023-09-24;528.5
15336042;2190863233;Mise en demeure;2023-07-14;2023-08-31;528.5
15336252;2190893232;1er Impayé;2023-05-14;2023-06-06;61.53
15345807;2192258231;1er Impayé;2023-05-14;2023-06-01;49.13
15354445;2193492231;1er Impayé;2023-05-14;2023-06-06;59.63
15362271;2194610231;1er Impayé;2023-05-14;2023-06-06;63.92
15369523;2195646231;2ème Impayé;2023-06-15;2023-06-17;158.64
15369523;2195646231;1er Impayé;2023-05-14;2023-06-06;79.32
15377356;2196765231;2ème Impayé;2023-06-15;2023-07-11;105.68
15377356;2196765231;1er Impayé;2023-05-14;2023-06-06;52.84
15434539;2204934231;1er Impayé;2023-05-14;2023-06-06;87.44
15442099;2206014233;2ème Impayé;2023-06-15;2023-07-13;114.72
15442099;2206014233;1er Impayé;2023-05-14;2023-06-06;57.36
15442099;2206014233;Mise en demeure;2023-07-14;2023-07-28;301.8
15457618;2208231231;1er Impayé;2023-05-14;2023-06-06;80.17
15465437;2209348231;1er Impayé;2023-05-14;2023-06-30;129.49
15279027;2182718231;1er Impayé;2023-03-07;2023-03-10;116.83
15279027;2182718231;2ème Impayé;2023-04-04;2023-05-04;350.49
15284865;2183552231;1er Impayé;2023-03-07;2023-03-29;81.38
15612633;2230376231;1er Impayé;2023-03-07;2023-03-10;85.2
15632653;2233236232;1er Impayé;2023-03-07;2023-05-02;258.22
15632919;2233274231;1er Impayé;2023-03-07;2023-03-08;166.87
13980261;1997180231;1er Impayé;2023-09-10;2023-09-25;62.55
13921013;1988716234;1er Impayé;2023-09-10;2023-09-29;136.43
13957826;1993975234;1er Impayé;2023-09-10;2023-10-03;80.3
13957826;1993975234;Mise en demeure;2023-10-27;2023-11-26;336.2
13957826;1993975234;2ème Impayé;2023-10-10;2023-10-26;321.2
14080193;2011456232;1er Impayé;2023-09-10;2023-10-03;81.77
14412595;2058942234;1er Impayé;2023-09-10;2023-09-15;114.08
14412595;2058942234;2ème Impayé;2023-10-10;2023-10-16;342.24
14413428;2059061232;1er Impayé;2023-09-10;2023-10-03;143.79
14428114;2061159234;1er Impayé;2023-09-10;2023-09-15;74.97
14428114;2061159234;2ème Impayé;2023-10-16;2023-11-02;224.91
14428114;2061159234;Mise en demeure;2023-11-03;;239.91
14518841;2074120235;2ème Impayé;2023-10-09;2023-10-26;132.2
14518841;2074120235;1er Impayé;2023-09-10;2023-10-03;33.05
14518841;2074120235;Mise en demeure;2023-10-27;2023-11-30;147.2
14803153;2114736232;1er Impayé;2023-09-10;2023-09-29;135.13
14803153;2114736232;Mise en demeure;2023-10-27;2023-11-01;420.39
14803153;2114736232;2ème Impayé;2023-10-10;2023-10-26;405.39
14878858;2125551231;2ème Impayé;2023-10-09;2023-10-26;250.08
14878858;2125551231;1er Impayé;2023-09-10;2023-10-03;62.52
14878858;2125551231;Mise en demeure;2023-10-27;2023-11-30;265.08
14973120;2139017233;1er Impayé;2023-09-10;2023-09-12;58.34
14998341;2142620233;1er Impayé;2023-09-10;2023-10-03;55.25
15001841;2143120234;2ème Impayé;2023-10-09;2023-10-26;255.24
15001841;2143120234;1er Impayé;2023-09-10;2023-10-03;63.81
15001841;2143120234;Mise en demeure;2023-10-27;2023-11-30;270.24
15109270;2158467234;Annonce du contentieux;2023-11-24;2023-11-30;146.3
15109270;2158467234;Suspension de garanties;2023-11-17;2023-11-23;146.3
15109270;2158467234;1er Impayé;2023-09-10;2023-10-12;26.26
15109270;2158467234;Mise en demeure;2023-10-13;2023-11-16;146.3
15149394;2164199231;Mise en demeure;2023-10-20;2023-11-22;572.16
15149394;2164199231;1er Impayé;2023-09-10;2023-10-19;139.29
15197673;2171096232;1er Impayé;2023-09-10;2023-10-03;122.18
15198177;2171168232;1er Impayé;2023-09-10;2023-10-03;59.2
15204099;2172014232;1er Impayé;2023-09-10;2023-10-03;168.61
15258447;2179778231;1er Impayé;2023-09-10;2023-10-02;63.9
15277704;2182529232;2ème Impayé;2023-10-09;2023-10-26;267.12
15277704;2182529232;1er Impayé;2023-09-10;2023-10-03;66.78
15277704;2182529232;Mise en demeure;2023-10-27;2023-11-19;282.12
15278418;2182631231;1er Impayé;2023-09-10;2023-10-03;126.52
15278418;2182631231;Mise en demeure;2023-10-27;2023-11-30;521.08
15278418;2182631231;2ème Impayé;2023-10-10;2023-10-26;506.08
15288526;2184075232;1er Impayé;2023-09-10;2023-10-03;71.47
15300881;2185840233;1er Impayé;2023-09-10;2023-10-03;69.57
15300881;2185840233;Mise en demeure;2023-10-27;2023-11-30;293.28
15300881;2185840233;2ème Impayé;2023-10-10;2023-10-26;278.28
15328916;2189845231;1er Impayé;2023-09-10;2023-10-03;179.4
15391587;2198798231;1er Impayé;2023-09-10;2023-10-03;94.36
15421274;2203039231;1er Impayé;2023-09-10;2023-10-12;127.14
15421274;2203039231;Mise en demeure;2023-10-13;2023-10-26;523.56
15440069;2205724231;1er Impayé;2023-09-10;2023-09-15;59.47
15440111;2205730231;1er Impayé;2023-09-10;2023-10-03;63.2
15471212;2210173234;1er Impayé;2023-09-10;2023-10-03;63.27
15471212;2210173234;2ème Impayé;2023-10-08;2023-10-26;253.08
15471212;2210173234;Mise en demeure;2023-10-27;2023-11-30;268.08
15553812;2221973231;1er Impayé;2023-09-10;2023-09-29;79.07
15555366;2222195231;2ème Impayé;2023-10-09;2023-10-26;155.4
15555366;2222195231;1er Impayé;2023-09-10;2023-09-29;38.85
15555366;2222195231;Mise en demeure;2023-10-27;2023-11-30;170.4
15663180;2237597231;1er Impayé;2023-09-10;2023-09-29;57.41
15706797;2243828231;2ème Impayé;2023-10-09;2023-10-26;312.48
15706797;2243828231;1er Impayé;2023-09-10;2023-09-29;78.12
15706797;2243828231;Mise en demeure;2023-10-27;2023-11-30;327.48
15759234;2251319231;1er Impayé;2023-09-10;2023-09-19;154.51
15883456;2269065231;Mise en demeure;2023-10-13;2023-11-16;342.36
15883456;2269065231;1er Impayé;2023-09-10;2023-10-12;81.84
15891891;2270270231;1er Impayé;2023-09-10;2023-09-29;61.04
15894159;2270594231;1er Impayé;2023-09-10;2023-09-29;211.0
15926135;2275162231;1er Impayé;2023-09-10;2023-09-27;142.44
15930860;2275837231;2ème Impayé;2023-10-09;2023-10-11;333.57
15930860;2275837231;1er Impayé;2023-09-10;2023-09-13;111.19
15931959;2275994232;1er Impayé;2023-09-10;2023-09-21;104.15
15970837;2281548231;2ème Impayé;2023-10-09;2023-10-26;107.92
15970837;2281548231;1er Impayé;2023-09-10;2023-10-03;26.98
15970837;2281548231;Mise en demeure;2023-10-27;2023-11-30;122.92
9113322;1301903234;1er Impayé;2023-11-09;2023-11-13;436.79
7083329;10119042317;1er Impayé;2023-11-09;;104.11
9750651;1392950233;1er Impayé;2023-11-09;2023-11-19;56.14
9994118;1427731231;1er Impayé;2023-11-09;;153.79
11294032;16134332317;1er Impayé;2023-11-09;;366.39
11653587;1664798238;1er Impayé;2023-11-09;;156.61
11904012;1700573231;1er Impayé;2023-11-09;;188.4
12028458;1718351231;1er Impayé;2023-11-09;;113.1
12446883;1778126231;1er Impayé;2023-11-09;;195.99
12446890;1778127232;1er Impayé;2023-11-09;2023-11-19;152.28
13481777;1925968234;1er Impayé;2023-11-09;;63.2
13531652;1933093233;1er Impayé;2023-11-09;;288.68
13585503;19407862310;1er Impayé;2023-11-09;;149.33
13598481;19426402310;1er Impayé;2023-11-09;;50.33
13629953;1947136232;1er Impayé;2023-11-09;;67.62
13895197;1985028231;1er Impayé;2023-11-09;;184.39
14083161;2011880232;1er Impayé;2023-11-09;;75.44
14413428;2059061233;1er Impayé;2023-11-09;2023-11-22;143.79
14443304;2063329231;1er Impayé;2023-11-09;;43.22
14457339;2065334232;1er Impayé;2023-11-09;;87.23
14516860;2073837234;1er Impayé;2023-11-09;;58.96
14575387;2082198233;1er Impayé;2023-11-09;;99.5
14653374;2093339231;1er Impayé;2023-11-09;;90.15
14665365;2095052232;1er Impayé;2023-11-09;;88.66
14928306;2132615232;1er Impayé;2023-11-09;;31.49
14980897;2140128233;1er Impayé;2023-11-09;;182.17
14998341;2142620234;1er Impayé;2023-11-09;;55.25
15090356;2155765234;1er Impayé;2023-11-09;;41.3
15062531;2151790232;1er Impayé;2023-11-09;;263.39
15078995;2154142231;1er Impayé;2023-11-09;;78.49
15083594;2154799231;1er Impayé;2023-11-09;;89.27
15135296;2162185235;1er Impayé;2023-11-09;;67.48
15146048;2163721231;1er Impayé;2023-11-09;;138.85
15208425;2172632233;1er Impayé;2023-11-09;2023-11-15;300.3
15466683;2209526231;1er Impayé;2023-05-14;2023-06-06;24.2
15485940;2212277231;1er Impayé;2023-05-14;2023-06-06;59.84
15496342;2213763231;1er Impayé;2023-05-14;2023-06-01;106.08
15526435;2218062231;2ème Impayé;2023-06-15;2023-06-16;70.63
15526435;2218062231;1er Impayé;2023-05-14;2023-05-16;70.63
15542185;2220312231;1er Impayé;2023-05-14;2023-06-02;80.44
15542185;2220312231;2ème Impayé;2023-06-13;2023-06-30;241.32
15548170;2221167231;1er Impayé;2023-05-14;2023-06-02;47.05
15572782;2224683232;1er Impayé;2023-05-14;2023-06-01;89.01
15574133;2224876231;1er Impayé;2023-05-14;2023-06-30;79.77
15582799;2226114232;1er Impayé;2023-05-14;2023-06-06;78.03
15616987;2230998232;2ème Impayé;2023-06-11;2023-06-22;153.66
15616987;2230998232;1er Impayé;2023-05-14;2023-06-01;76.83
15619752;2231393232;2ème Impayé;2023-06-15;2023-07-04;274.98
15619752;2231393232;1er Impayé;2023-05-14;2023-06-02;137.49
15621894;2231699231;1er Impayé;2023-05-14;2023-05-19;60.82
15622321;2231760231;1er Impayé;2023-05-14;2023-06-02;113.92
15628047;2232578231;1er Impayé;2023-05-14;2023-06-01;163.02
15647815;2235402231;1er Impayé;2023-05-14;2023-06-02;52.84
15658938;2236991231;2ème Impayé;2023-06-15;2023-07-04;134.16
15658938;2236991231;1er Impayé;2023-05-14;2023-06-02;67.08
15661122;2237303231;1er Impayé;2023-05-14;2023-06-06;40.04
15665105;2237872231;1er Impayé;2023-05-14;2023-06-02;80.83
15671790;2238827232;2ème Impayé;2023-06-15;2023-07-13;103.76
15671790;2238827232;1er Impayé;2023-05-14;2023-06-01;103.88
15671790;2238827232;Mise en demeure;2023-07-14;2023-07-19;430.4
15682507;2240358231;1er Impayé;2023-05-14;2023-06-02;163.44
11660895;1665842232;1er Impayé;2023-05-10;2023-06-01;60.79
15979314;2282759231;1er Impayé;2023-09-10;2023-09-26;177.91
16023757;2289108231;1er Impayé;2023-09-10;2023-09-15;73.18
12167954;1738279235;1er Impayé;2023-10-23;2023-11-14;192.75
13188071;1884010233;1er Impayé;2023-10-23;2023-11-14;226.56
14328364;2046909231;1er Impayé;2023-10-23;2023-11-09;415.83
14328364;2046909231;Mise en demeure;2023-11-10;;430.83
15091042;2155863232;2ème Impayé;2023-11-22;;187.7
15091042;2155863232;1er Impayé;2023-10-23;2023-11-14;281.7
15429793;2204256231;2ème Impayé;2023-11-21;;148.5
15429793;2204256231;1er Impayé;2023-10-23;2023-11-14;49.5
15564795;2223542231;1er Impayé;2023-10-23;2023-11-09;147.57
15564795;2223542231;Mise en demeure;2023-11-10;;211.76
15869925;2267132232;1er Impayé;2023-10-23;;196.84
15966833;2280976231;1er Impayé;2023-10-23;2023-11-09;381.32
15966833;2280976231;Mise en demeure;2023-11-10;;396.32
15971775;2281682231;1er Impayé;2023-10-23;2023-11-09;459.17
15971775;2281682231;Mise en demeure;2023-11-10;;474.17
15976108;2282301231;1er Impayé;2023-10-23;2023-11-09;351.15
15976108;2282301231;Mise en demeure;2023-11-10;;476.01
15993034;2284719231;1er Impayé;2023-10-23;2023-11-09;445.91
15993034;2284719231;Mise en demeure;2023-11-10;;460.91
16050462;2292923231;1er Impayé;2023-10-23;2023-11-03;94.17
16095829;2299404231;1er Impayé;2023-10-23;2023-11-02;59.53
16107610;2301087231;1er Impayé;2023-10-23;2023-11-02;166.04
15778589;2254084231;1er Impayé;2023-11-12;;157.04
15208495;2172642232;1er Impayé;2023-11-09;;112.62
15274925;2182132231;1er Impayé;2023-11-09;2023-11-27;84.28
15318059;2188294234;1er Impayé;2023-11-09;;91.32
15339591;2191370231;1er Impayé;2023-11-09;;114.26
15388983;2198426231;1er Impayé;2023-11-09;;95.0
15477582;2211083233;1er Impayé;2023-11-09;;111.97
15480550;2211507232;1er Impayé;2023-11-09;;27.72
15487207;2212458231;1er Impayé;2023-11-09;;130.44
15492653;2213236231;1er Impayé;2023-11-09;;195.16
15529193;2218456231;1er Impayé;2023-11-09;;214.88
15539294;2219899231;1er Impayé;2023-11-09;2023-11-11;26.84
15571571;2224510231;1er Impayé;2023-11-09;;362.26
15579747;2225678231;1er Impayé;2023-11-09;;224.69
15590121;2227160231;1er Impayé;2023-11-09;;128.58
15601608;2228801232;1er Impayé;2023-11-09;;46.51
15618422;2231203231;1er Impayé;2023-11-09;;103.81
15643307;2234758232;1er Impayé;2023-11-09;;107.69
15664118;2237731231;1er Impayé;2023-11-09;;165.7
15718375;2245482231;1er Impayé;2023-11-09;;72.25
15760879;2251554233;1er Impayé;2023-11-09;;63.75
15785918;2255131232;1er Impayé;2023-11-09;;101.43
15807751;2258250232;1er Impayé;2023-11-09;;228.77
15824796;2260685231;1er Impayé;2023-11-09;;350.88
15839391;2262770231;1er Impayé;2023-11-09;;98.82
15877814;2268259231;1er Impayé;2023-11-09;;136.28
15880670;2268667231;1er Impayé;2023-11-09;;90.51
15891891;2270270232;1er Impayé;2023-11-09;;61.04
15896511;2270930231;1er Impayé;2023-11-09;;33.29
15904505;2272072231;1er Impayé;2023-11-09;;76.6
15926135;2275162232;1er Impayé;2023-11-09;;394.32
15931203;2275886231;1er Impayé;2023-11-09;;28.65
15940002;2277143231;1er Impayé;2023-11-09;;92.8
15940100;2277157232;1er Impayé;2023-11-09;2023-11-14;77.39
15949865;2278552232;1er Impayé;2023-11-09;;117.81
15957670;2279667231;1er Impayé;2023-11-09;;149.32
15957978;2279711231;1er Impayé;2023-11-09;;217.84
16014146;2287735231;1er Impayé;2023-11-09;2023-11-10;126.16
16095829;2299404231;2ème Impayé;2023-11-09;;94.35
15971894;2281699232;1er Impayé;2023-11-09;;105.09
16001399;2285914232;1er Impayé;2023-11-09;;116.48
16003100;2286157231;1er Impayé;2023-11-09;;90.43
16010891;2287270231;1er Impayé;2023-11-09;;161.64
16042909;2291844231;1er Impayé;2023-11-09;2023-11-12;44.56
16073737;2296248231;1er Impayé;2023-11-09;;82.96
16130871;2304410231;1er Impayé;2023-11-09;;141.21
16131137;2304448231;1er Impayé;2023-11-09;;243.71
15697522;2242503231;2ème Impayé;2023-06-15;2023-06-16;216.18
15697522;2242503231;1er Impayé;2023-05-14;2023-06-06;108.09
15707147;2243878231;1er Impayé;2023-05-14;2023-06-02;132.92
15710017;2244288231;1er Impayé;2023-05-14;2023-06-01;118.28
15712208;2244601231;2ème Impayé;2023-06-15;2023-07-13;423.16
15712208;2244601231;1er Impayé;2023-05-14;2023-06-02;211.58
15712208;2244601231;Mise en demeure;2023-07-14;2023-07-23;1072.9
15721497;2245928231;1er Impayé;2023-05-14;2023-06-02;72.3
15722155;2246022231;1er Impayé;2023-05-14;2023-06-02;279.04
15734118;2247731231;1er Impayé;2023-05-14;2023-06-30;192.54
15747600;2249657231;1er Impayé;2023-05-14;2023-05-16;108.05
15770819;2252974231;1er Impayé;2023-05-14;2023-06-01;18.55
15771449;2253064231;1er Impayé;2023-05-14;2023-06-02;141.15
15785722;2255103231;2ème Impayé;2023-06-15;2023-06-29;237.08
15785722;2255103231;1er Impayé;2023-05-14;2023-06-02;124.04
15789705;2255672231;1er Impayé;2023-05-14;2023-06-01;684.5
15789705;2255672231;Mise en demeure;2023-06-02;2023-06-25;374.96
15812021;2258860231;1er Impayé;2023-05-14;2023-06-23;178.31
11376275;1625182233;1er Impayé;2023-11-14;2023-11-22;57.81
11918376;17026252311;1er Impayé;2023-11-14;;300.84
12187197;1741028231;1er Impayé;2023-11-14;;89.61
13546961;1935280233;1er Impayé;2023-11-14;;74.78
13570663;1938666234;1er Impayé;2023-11-14;;70.38
13610150;1944307231;1er Impayé;2023-11-14;2023-11-29;136.74
14097287;2013898234;1er Impayé;2023-11-14;;56.03
14314553;2044936232;1er Impayé;2023-11-14;;300.58
14447392;2063913232;1er Impayé;2023-11-14;;116.66
14563067;2080438236;1er Impayé;2023-11-14;;130.75
14576150;2082307232;1er Impayé;2023-11-14;;72.31
15195979;2170854233;1er Impayé;2023-11-14;;135.0
15223244;2174749231;1er Impayé;2023-11-14;;76.3
15433951;2204850232;1er Impayé;2023-11-14;;50.3
15459571;2208510232;1er Impayé;2023-11-14;;38.92
15548212;2221173233;1er Impayé;2023-11-14;2023-11-17;52.89
15463225;2209032232;1er Impayé;2023-11-14;2023-11-20;116.47
15473340;2210477232;1er Impayé;2023-11-14;;61.73
15567539;2223934232;1er Impayé;2023-11-14;;128.47
15630735;2232962232;1er Impayé;2023-11-14;;167.82
15672987;2238998231;1er Impayé;2023-11-14;;72.1
15704655;2243522232;1er Impayé;2023-11-14;;61.08
15706076;2243725231;1er Impayé;2023-11-14;;61.08
15706881;2243840231;1er Impayé;2023-11-14;;102.8
15748167;2249738232;1er Impayé;2023-11-14;;123.34
15814366;2259195231;1er Impayé;2023-11-14;;169.09
15818916;2259845232;1er Impayé;2023-11-14;;169.2
15891709;2270244232;1er Impayé;2023-11-14;;181.7
4746729;678104235;1er Impayé;2023-05-11;2023-06-01;617.21
9509970;1358567234;1er Impayé;2023-05-11;2023-06-01;75.57
10572773;1510396231;1er Impayé;2023-05-11;2023-05-22;165.16
11369562;1624223233;1er Impayé;2023-05-11;2023-06-01;115.95
11431701;16331002314;1er Impayé;2023-05-11;2023-05-25;131.53
11445477;1635068233;1er Impayé;2023-05-11;2023-06-01;58.22
11734710;1676387233;1er Impayé;2023-05-11;2023-06-01;77.62
12131428;1733061231;1er Impayé;2023-05-11;2023-06-06;61.48
12190949;1741564239;1er Impayé;2023-05-11;2023-06-01;22.72
13158440;1879777231;1er Impayé;2023-05-11;2023-05-15;52.98
13418630;1916947232;1er Impayé;2023-05-11;2023-05-14;166.44
13598600;1942657234;1er Impayé;2023-05-11;2023-06-01;70.12
13963321;1994760232;1er Impayé;2023-05-11;2023-05-12;159.87
13944036;1992005233;1er Impayé;2023-05-11;2023-06-06;79.47
14247591;2035370233;1er Impayé;2023-05-11;2023-05-25;88.2
14247591;2035370233;Mise en demeure;2023-05-26;2023-06-05;103.2
14247976;2035425233;1er Impayé;2023-05-11;2023-06-01;279.81
14247976;2035425233;Mise en demeure;2023-06-02;2023-06-28;294.81
14431635;2061662231;1er Impayé;2023-05-11;2023-06-06;220.13
14684741;2097820231;1er Impayé;2023-05-11;2023-05-16;164.46
15820190;2260027231;1er Impayé;2023-05-14;2023-06-01;302.91
15825104;2260729231;1er Impayé;2023-05-14;2023-06-01;232.4
15825104;2260729231;Mise en demeure;2023-06-02;2023-11-10;247.4
15828436;2261205231;1er Impayé;2023-05-14;2023-06-02;73.34
15830634;2261519231;1er Impayé;2023-05-14;2023-06-02;78.1
15830942;2261563231;1er Impayé;2023-05-14;2023-05-16;177.84
15834904;2262129231;1er Impayé;2023-05-14;2023-06-01;48.84
15839790;2262827231;2ème Impayé;2023-06-07;2023-07-13;432.73
15839790;2262827231;Suspension de garanties;2023-08-18;2023-08-24;602.57
15839790;2262827231;Annonce du contentieux;2023-08-25;2023-09-10;602.57
15839790;2262827231;1er Impayé;2023-05-14;2023-06-01;228.67
15839790;2262827231;Mise en demeure;2023-07-14;2023-08-17;831.24
15839839;2262834231;1er Impayé;2023-05-14;2023-06-01;87.17
13801936;1971705231;1er Impayé;2023-07-12;2023-08-02;60.23
13621854;1945979231;1er Impayé;2023-07-12;2023-08-02;107.55
13907426;1986775231;Mise en demeure;2023-09-01;2023-09-18;213.0
13907426;1986775231;1er Impayé;2023-07-12;2023-08-07;66.0
13907426;1986775231;2ème Impayé;2023-08-14;2023-08-31;198.0
13936021;1990860235;1er Impayé;2023-07-12;2023-07-25;66.5
13939101;1991300237;Mise en demeure;2023-09-01;2023-09-10;104.7
13939101;1991300237;1er Impayé;2023-07-12;2023-07-13;44.85
13939101;1991300237;2ème Impayé;2023-08-14;2023-08-31;89.7
13960094;1994299232;1er Impayé;2023-07-12;2023-08-07;180.37
14153546;2021935234;1er Impayé;2023-07-12;2023-08-04;127.11
14247976;2035425234;1er Impayé;2023-07-12;2023-07-27;279.81
14247976;2035425234;Mise en demeure;2023-07-28;2023-08-02;294.81
14274338;2039191233;1er Impayé;2023-07-12;2023-08-02;82.55
14447392;2063913231;1er Impayé;2023-07-12;2023-08-07;116.66
14448869;2064124233;Mise en demeure;2023-09-01;2023-09-17;234.5
14448869;2064124233;1er Impayé;2023-07-12;2023-08-07;219.5
14448869;2064124233;2ème Impayé;2023-08-14;2023-08-31;658.5
15895993;2270856231;1er Impayé;2023-11-14;2023-11-17;158.64
15910574;2272939231;1er Impayé;2023-11-14;;229.71
15925498;2275071231;1er Impayé;2023-11-14;;217.86
16043133;2291876231;1er Impayé;2023-11-14;;105.48
16088262;2298323231;1er Impayé;2023-11-14;;95.25
16098426;2299775231;1er Impayé;2023-11-14;2023-11-19;163.06
16098524;2299789231;1er Impayé;2023-11-14;2023-11-23;46.18
16098783;2299826231;1er Impayé;2023-11-14;;81.78
16099119;2299874231;1er Impayé;2023-11-14;2023-11-27;131.33
16109878;2301411231;1er Impayé;2023-11-14;;85.39
16112923;2301846231;1er Impayé;2023-11-14;;139.81
16119314;2302759231;1er Impayé;2023-11-14;2023-11-28;116.86
16119783;2302826231;1er Impayé;2023-11-14;;160.37
16121036;2303005231;1er Impayé;2023-11-14;;118.71
16121946;2303135231;1er Impayé;2023-11-14;;106.08
16144752;2306393231;1er Impayé;2023-11-14;;132.92
16154426;2307775231;1er Impayé;2023-11-14;;77.25
15385833;2197976231;1er Impayé;2023-11-19;;130.25
15692265;2241752231;1er Impayé;2023-11-19;2023-11-29;69.31
15694946;2242135231;1er Impayé;2023-11-19;;75.82
15766367;2252338231;1er Impayé;2023-11-19;;57.19
15875602;2267943232;1er Impayé;2023-11-19;;439.24
16085084;2297869231;1er Impayé;2023-11-19;;164.91
14956516;2136645231;1er Impayé;2023-05-11;2023-05-12;106.5
14997851;2142550231;1er Impayé;2023-05-11;2023-06-01;163.03
15029421;2147060232;1er Impayé;2023-05-11;2023-06-01;51.66
15090356;2155765233;1er Impayé;2023-05-11;2023-06-01;41.3
15133140;2161877231;1er Impayé;2023-05-11;2023-05-22;218.15
15151060;2164437232;1er Impayé;2023-05-11;2023-06-01;79.98
15157353;2165336232;1er Impayé;2023-05-11;2023-06-01;113.9
15198177;2171168231;1er Impayé;2023-05-11;2023-06-01;59.2
15208495;2172642231;1er Impayé;2023-05-11;2023-06-01;112.62
15477253;2211036231;1er Impayé;2023-05-11;2023-06-06;164.98
15504105;2214872231;1er Impayé;2023-05-11;2023-05-17;56.73
15504126;2214875231;1er Impayé;2023-05-11;2023-05-17;130.72
15617127;2231018232;1er Impayé;2023-05-11;2023-06-01;103.45
15627193;2232456231;1er Impayé;2023-05-11;2023-06-01;127.11
15643447;2234778231;1er Impayé;2023-05-11;2023-05-30;248.54
15653772;2236253231;2ème Impayé;2023-06-14;2023-07-13;154.08
15653772;2236253231;1er Impayé;2023-05-11;2023-06-02;77.04
15653772;2236253231;Mise en demeure;2023-07-14;2023-08-09;400.2
15679511;2239930231;1er Impayé;2023-05-11;2023-06-02;58.53
15681317;2240188231;1er Impayé;2023-05-11;2023-05-25;124.02
15681317;2240188231;Mise en demeure;2023-05-26;2023-06-20;139.02
15691341;2241620231;1er Impayé;2023-05-11;2023-05-16;416.26
15706832;2243833231;1er Impayé;2023-05-11;2023-05-23;209.92
14555164;2079309235;1er Impayé;2023-07-12;2023-07-27;327.45
14555164;2079309235;Mise en demeure;2023-07-28;2023-08-27;342.45
14662194;2094599232;1er Impayé;2023-07-12;2023-08-02;75.61
14919682;2131383233;1er Impayé;2023-07-12;2023-08-07;89.72
14994666;2142095233;Mise en demeure;2023-09-01;2023-09-11;167.34
14994666;2142095233;1er Impayé;2023-07-12;2023-08-07;50.78
14994666;2142095233;2ème Impayé;2023-08-14;2023-08-31;152.34
15029001;2147000234;1er Impayé;2023-07-12;2023-08-07;50.15
15086149;2155164234;1er Impayé;2023-07-12;2023-08-07;99.89
15230055;2175722231;1er Impayé;2023-07-12;2023-08-07;95.83
15232715;2176102231;1er Impayé;2023-07-12;2023-08-07;82.91
15233296;2176185231;1er Impayé;2023-07-12;2023-08-07;68.49
15278677;2182668231;1er Impayé;2023-07-12;2023-07-18;58.45
15423850;2203407231;1er Impayé;2023-07-12;2023-08-07;158.26
15440258;2205751232;1er Impayé;2023-07-12;2023-07-26;77.81
15454314;2207759232;1er Impayé;2023-07-12;2023-08-07;62.68
15494459;2213494231;1er Impayé;2023-07-12;2023-08-04;47.27
15508487;2215498232;1er Impayé;2023-07-12;2023-08-04;97.41
15287217;2183888231;Suspension de garanties;2023-11-17;2023-11-23;431.76
15287217;2183888231;Annonce du contentieux;2023-11-24;;431.76
15287217;2183888231;Mise en demeure;2023-10-13;2023-11-16;431.76
15287217;2183888231;1er Impayé;2023-09-25;2023-10-12;104.19
16032948;2290421231;1er Impayé;2023-09-25;2023-10-05;79.98
15722561;2246080231;1er Impayé;2023-05-11;2023-06-04;260.61
15733026;2247575231;1er Impayé;2023-05-11;2023-05-29;503.29
15747789;2249684231;1er Impayé;2023-05-11;2023-06-06;325.76
15750008;2250001231;1er Impayé;2023-05-11;2023-05-26;370.48
15754040;2250577231;1er Impayé;2023-05-11;2023-06-01;215.82
15754040;2250577231;Mise en demeure;2023-06-02;2023-06-11;117.41
15757813;2251116231;1er Impayé;2023-05-11;2023-06-01;51.74
15768712;2252673231;2ème Impayé;2023-06-06;2023-06-30;341.82
15768712;2252673231;1er Impayé;2023-05-11;2023-06-01;191.46
15775691;2253670231;1er Impayé;2023-05-11;2023-06-06;114.64
15787857;2255408231;2ème Impayé;2023-06-11;2023-07-13;153.68
15787857;2255408231;Suspension de garanties;2023-08-18;2023-08-21;384.2
15787857;2255408231;1er Impayé;2023-05-11;2023-06-01;76.84
15787857;2255408231;Mise en demeure;2023-07-14;2023-08-17;384.2
15830697;2261528231;1er Impayé;2023-05-11;2023-05-14;300.4
15837676;2262525231;2ème Impayé;2023-06-06;2023-07-13;148.44
15837676;2262525231;En recouvrement;2023-09-24;2023-10-05;427.32
15837676;2262525231;Suspension de garanties;2023-08-18;2023-08-24;221.16
15837676;2262525231;Annonce du contentieux;2023-08-25;2023-09-23;221.16
15837676;2262525231;1er Impayé;2023-05-11;2023-06-01;79.72
15837676;2262525231;Mise en demeure;2023-07-14;2023-08-17;369.6
15411376;22016252301;1ere lettre de relance;2023-05-12;2023-06-01;258.64
15086569;21552242303;1ere lettre de relance;2023-05-12;2023-05-22;530.58
15104174;21577392302;1ere lettre de relance;2023-05-12;2023-05-31;196.86
13661635;19516622301;1ere lettre de relance;2023-05-12;2023-05-25;186.82
13661635;19516622301;Mise en demeure;2023-05-26;2023-06-09;186.82
15462056;22088652302;1ere lettre de relance;2023-05-12;2023-06-06;864.74
15554904;2222129231;1er Impayé;2023-07-12;2023-08-04;95.01
15588406;2226915231;1er Impayé;2023-07-12;2023-08-02;69.87
15590191;2227170231;1er Impayé;2023-07-12;2023-08-04;152.34
15606830;2229547231;1er Impayé;2023-07-12;2023-08-04;79.29
15614978;2230711231;1er Impayé;2023-07-12;2023-08-04;66.59
15618044;2231149231;1er Impayé;2023-07-12;2023-08-04;40.78
15622755;2231822231;1er Impayé;2023-07-12;2023-08-04;94.17
15628047;2232578232;1er Impayé;2023-07-12;2023-08-02;163.02
15630574;2232939232;1er Impayé;2023-07-12;2023-08-02;384.98
15630735;2232962231;1er Impayé;2023-07-12;2023-08-04;167.82
15634634;2233519231;1er Impayé;2023-07-12;2023-08-04;85.64
15637938;2233991231;1er Impayé;2023-07-12;2023-07-14;182.77
15642544;2234649233;Suspension de garanties;2023-09-01;2023-09-07;496.8
15642544;2234649233;1er Impayé;2023-07-12;2023-07-27;722.7
15642544;2234649233;Mise en demeure;2023-07-28;2023-08-31;496.8
15650923;2235846231;1er Impayé;2023-07-12;2023-08-04;69.57
15652841;2236120231;1er Impayé;2023-07-12;2023-08-02;59.84
15652841;2236120231;2ème Impayé;2023-08-14;2023-08-22;119.68
15683928;2240561231;1er Impayé;2023-07-12;2023-08-04;55.65
15694099;2242014231;1er Impayé;2023-07-12;2023-08-04;52.67
15701351;2243050232;1er Impayé;2023-07-12;2023-08-07;120.31
15707238;2243891231;1er Impayé;2023-07-12;2023-08-04;59.82
15727314;2246759231;1er Impayé;2023-07-12;2023-08-04;55.46
15727916;2246845231;1er Impayé;2023-07-12;2023-08-04;100.0
15762783;2251826231;1er Impayé;2023-07-12;2023-08-07;62.51
15767445;2252492231;1er Impayé;2023-07-12;2023-08-07;249.98
15770791;2252970231;1er Impayé;2023-07-12;2023-07-18;72.08
15780367;2254338231;1er Impayé;2023-07-12;2023-08-04;149.62
15785519;2255074231;1er Impayé;2023-07-12;2023-08-04;115.79
15785659;2255094231;1er Impayé;2023-07-12;2023-07-13;93.56
15788991;2255570231;1er Impayé;2023-07-12;2023-08-04;67.28
15792162;2256023231;1er Impayé;2023-07-12;2023-08-07;55.46
15798469;2256924231;1er Impayé;2023-07-12;2023-08-04;75.77
3899631;557090236;1er Impayé;2023-02-21;2023-02-24;503.4
9842022;14060032301;1ere lettre de relance;2023-05-12;2023-05-25;306.28
9842022;14060032301;Mise en demeure;2023-05-26;2023-06-11;321.28
6015962;8594232301;1ere lettre de relance;2023-05-12;2023-05-23;619.46
15472591;22103702302;1ere lettre de relance;2023-05-12;2023-05-25;459.02
15472591;22103702302;Mise en demeure;2023-05-26;2023-06-15;313.68
15576898;22252712302;1ere lettre de relance;2023-05-12;2023-05-25;300.51
15576898;22252712302;Mise en demeure;2023-05-26;2023-06-29;300.51
15576898;22252712302;Suspension de garanties;2023-06-30;2023-07-06;300.51
15576898;22252712302;Annonce du contentieux;2023-07-07;2023-09-11;300.51
14077365;20110522308;1ere lettre de relance;2023-05-12;2023-05-25;304.18
14077365;20110522308;Suspension de garanties;2023-06-30;2023-07-06;266.6
14077365;20110522308;Mise en demeure;2023-05-26;2023-06-29;319.18
14077365;20110522308;Annonce du contentieux;2023-07-07;2023-07-12;266.6
12243603;17490862301;1ere lettre de relance;2023-05-12;2023-05-25;153.68
12243603;17490862301;Mise en demeure;2023-05-26;2023-06-05;153.68
11790437;16843482316;1ere lettre de relance;2023-05-12;2023-05-25;46.76
11790437;16843482316;Suspension de garanties;2023-06-30;2023-07-03;558.65
11790437;16843482316;Mise en demeure;2023-05-26;2023-06-29;61.76
14979945;21399922303;1ere lettre de relance;2023-05-12;2023-05-25;391.79
14979945;21399922303;Mise en demeure;2023-05-26;2023-06-20;219.79
15832762;22618232301;1ere lettre de relance;2023-05-12;2023-05-14;83.15
15778344;22540492301;1ere lettre de relance;2023-05-12;2023-05-25;123.59
15778344;22540492301;Mise en demeure;2023-05-26;2023-06-08;138.59
13590872;19415532306;1ere lettre de relance;2023-05-12;2023-05-25;121.56
13590872;19415532306;Mise en demeure;2023-05-26;2023-06-19;136.56
15829066;22612952301;1ere lettre de relance;2023-05-12;2023-05-25;231.93
15829066;22612952301;Mise en demeure;2023-05-26;2023-06-05;246.93
15822360;22603372301;1ere lettre de relance;2023-05-12;2023-05-16;952.31
13913999;19877142307;1ere lettre de relance;2023-05-12;2023-05-25;107.48
13913999;19877142307;Mise en demeure;2023-05-26;2023-06-02;107.48
5535146;790735234;1er Impayé;2023-08-23;2023-09-07;583.8
5535146;790735234;Mise en demeure;2023-09-08;2023-09-10;598.8
9663284;1380469234;1er Impayé;2023-08-23;2023-09-13;194.46
9911301;1415900234;1er Impayé;2023-08-23;2023-09-13;116.0
11359811;1622830233;1er Impayé;2023-08-23;2023-09-13;58.37
12004014;17148592312;1er Impayé;2023-08-23;2023-09-13;57.28
9190588;13129412308;1ere lettre de relance;2023-03-03;2023-03-16;139.93
9190588;13129412308;Mise en demeure;2023-03-17;2023-03-23;154.93
8202699;11718142301;1ere lettre de relance;2023-03-03;2023-03-16;177.08
8202699;11718142301;Mise en demeure;2023-03-17;2023-04-09;192.08
15687141;22410202301;1ere lettre de relance;2023-03-03;2023-03-22;65.55
8348110;11925872306;1ere lettre de relance;2023-03-03;2023-03-16;387.14
8348110;11925872306;Mise en demeure;2023-03-17;2023-03-30;402.14
15467096;22095852301;1ere lettre de relance;2023-03-03;2023-03-14;143.9
14570403;20814862301;1ere lettre de relance;2023-03-03;2023-03-12;63.25
15428407;22040582303;1ere lettre de relance;2023-03-03;2023-03-09;115.22
13568423;19383462301;1ere lettre de relance;2023-03-03;2023-03-16;80.15
13568423;19383462301;Mise en demeure;2023-03-17;2023-03-22;95.15
15440174;22057392301;1ere lettre de relance;2023-03-03;2023-03-15;78.29
15335986;21908552301;1ere lettre de relance;2023-03-03;2023-03-16;109.85
15335986;21908552301;Mise en demeure;2023-03-17;2023-03-22;124.85
12813424;18304892301;1ere lettre de relance;2023-03-03;2023-03-09;32.61
15472017;22102882301;1ere lettre de relance;2023-03-03;2023-04-05;153.85
14440133;20628762307;1ere lettre de relance;2023-03-03;2023-03-16;30.0
14440133;20628762307;Mise en demeure;2023-03-17;2023-04-02;45.0
14427351;2061050231;1er Impayé;2023-03-29;2023-04-06;117.91
15038948;2148421231;1er Impayé;2023-03-29;2023-04-13;42.58
15038948;2148421231;Mise en demeure;2023-04-14;2023-05-10;185.32
15805245;2257892231;1er Impayé;2023-07-12;2023-08-04;135.5
15814828;2259261231;1er Impayé;2023-07-12;2023-08-04;109.79
15815710;2259387231;1er Impayé;2023-07-12;2023-08-04;55.2
15822990;2260427231;1er Impayé;2023-07-12;2023-07-14;330.2
15826217;2260888231;1er Impayé;2023-07-12;2023-08-04;73.36
15833000;2261857231;1er Impayé;2023-07-12;2023-07-17;62.4
15846727;2263818231;2ème Impayé;2023-08-09;2023-08-24;175.74
15846727;2263818231;Mise en demeure;2023-08-25;2023-09-23;190.74
15846727;2263818231;1er Impayé;2023-07-12;2023-07-13;139.87
15847238;2263891231;1er Impayé;2023-07-12;2023-08-04;90.49
15849779;2264254231;1er Impayé;2023-07-12;2023-08-04;186.33
15857087;2265298231;1er Impayé;2023-07-12;2023-08-04;157.97
15866383;2266626231;1er Impayé;2023-07-12;2023-08-07;57.59
15889112;2269873231;1er Impayé;2023-07-12;2023-07-16;102.54
15890183;2270026231;1er Impayé;2023-07-12;2023-08-04;36.11
15904365;2272052231;1er Impayé;2023-07-12;2023-08-04;66.47
15913150;2273307231;2ème Impayé;2023-08-09;2023-08-24;214.94
15913150;2273307231;Mise en demeure;2023-08-25;2023-09-10;229.94
15913150;2273307231;1er Impayé;2023-07-12;2023-08-02;100.58
15923153;2274736231;1er Impayé;2023-07-12;2023-09-07;373.84
15923153;2274736231;Mise en demeure;2023-09-08;2023-10-12;139.92
15931889;2275984231;1er Impayé;2023-07-12;2023-08-07;205.77
15933177;2276168231;2ème Impayé;2023-08-09;2023-08-24;304.41
15933177;2276168231;Mise en demeure;2023-08-25;2023-09-13;319.41
15933177;2276168231;1er Impayé;2023-07-12;2023-08-02;115.11
15937062;2276723231;2ème Impayé;2023-08-17;2023-11-02;424.64
15937062;2276723231;1er Impayé;2023-07-12;2023-08-04;148.88
15937062;2276723231;Mise en demeure;2023-11-03;;713.28
15937181;2276740231;1er Impayé;2023-07-12;2023-07-30;47.5
15938182;2276883231;1er Impayé;2023-07-12;2023-08-02;67.31
15553049;22218642301;1ere lettre de relance;2023-08-18;2023-08-21;53.74
15146132;2163733232;1er Impayé;2023-05-04;2023-05-25;163.52
15146132;2163733232;Mise en demeure;2023-05-26;2023-06-27;178.52
3919679;559954231;1er Impayé;2023-02-15;2023-03-07;451.47
14977481;2139640232;1er Impayé;2023-02-15;2023-03-07;25.78
15439180;2205597231;1er Impayé;2023-02-15;2023-03-07;142.7
15442323;2206046231;Mise en demeure;2023-03-03;2023-03-08;163.29
15442323;2206046231;1er Impayé;2023-02-15;2023-03-02;381.06
15473193;2210456231;1er Impayé;2023-02-15;2023-03-03;199.34
15567812;2223973231;Mise en demeure;2023-03-03;2023-03-12;195.44
15567812;2223973231;1er Impayé;2023-02-15;2023-03-02;180.44
15595469;2227924231;1er Impayé;2023-02-15;2023-03-02;70.88
15617127;2231018231;1er Impayé;2023-02-15;2023-03-02;134.49
15621425;2231632231;1er Impayé;2023-02-15;2023-02-19;187.65
15621425;2231632231;2ème Impayé;2023-03-08;2023-03-09;161.1
13060629;1865804231;1er Impayé;2023-08-23;2023-09-12;192.09
13223470;1889067231;1er Impayé;2023-08-23;2023-09-13;78.42
14092919;2013274232;1er Impayé;2023-08-23;2023-09-13;82.12
14402928;2057561231;1er Impayé;2023-08-23;2023-09-13;99.9
14698412;2099773231;1er Impayé;2023-08-23;2023-08-31;137.89
14880874;2125839235;1er Impayé;2023-08-23;2023-09-13;359.48
15035525;2147932233;1er Impayé;2023-08-23;2023-09-13;167.57
15134694;2162099232;1er Impayé;2023-08-23;2023-09-13;85.53
15175798;2167971231;1er Impayé;2023-08-23;2023-09-13;43.01
15376369;2196624232;1er Impayé;2023-08-23;2023-09-02;96.34
15429576;2204225232;1er Impayé;2023-08-23;2023-09-13;49.67
15624869;2232124232;1er Impayé;2023-08-23;2023-09-07;262.74
15624869;2232124232;Mise en demeure;2023-09-08;2023-09-12;146.37
15664321;2237760232;1er Impayé;2023-08-23;2023-09-01;47.24
15696913;2242416231;1er Impayé;2023-08-23;2023-09-01;69.85
15773808;2253401231;1er Impayé;2023-08-23;2023-09-13;155.29
15815269;2259324231;1er Impayé;2023-08-23;2023-08-28;98.41
15826714;2260959231;1er Impayé;2023-08-23;2023-09-13;57.91
15859194;2265599232;Annonce du contentieux;2023-11-24;;66.23
15859194;2265599232;Suspension de garanties;2023-11-17;2023-11-23;346.15
15859194;2265599232;Mise en demeure;2023-10-13;2023-11-16;346.15
15859194;2265599232;1er Impayé;2023-08-23;2023-09-01;66.23
15859194;2265599232;2ème Impayé;2023-09-24;2023-10-12;132.46
15973252;2281893231;1er Impayé;2023-08-23;2023-09-01;99.54
15973252;2281893231;2ème Impayé;2023-09-24;2023-11-10;188.08
10439941;14914202317;1er Impayé;2023-08-27;2023-09-07;144.66
12663645;1809092232;1er Impayé;2023-08-27;2023-09-13;45.8
15541240;2220177231;1er Impayé;2023-08-27;2023-09-13;86.81
15541240;2220177231;Mise en demeure;2023-10-13;;449.05
15541240;2220177231;2ème Impayé;2023-09-24;2023-10-12;173.62
15750372;2250053231;1er Impayé;2023-08-27;2023-09-13;171.53
15501732;22145332303;1ere lettre de relance;2023-08-18;2023-08-21;186.95
15949606;22785152301;Mise en demeure;2023-09-01;2023-09-13;325.66
15949606;22785152301;1ere lettre de relance;2023-08-18;2023-08-31;310.66
15218155;21740222305;Mise en demeure;2023-09-01;2023-09-26;117.06
15218155;21740222305;1ere lettre de relance;2023-08-18;2023-08-31;51.03
4681734;6688192325;1ere lettre de relance;2023-08-18;2023-08-21;147.0
15926975;22752822301;1ere lettre de relance;2023-08-18;2023-09-01;200.74
15511567;22159382301;1ere lettre de relance;2023-08-18;2023-08-21;53.74
13957819;19939742318;1ere lettre de relance;2023-08-18;2023-08-28;112.59
15768187;22525982301;Mise en demeure;2023-09-01;;136.59
15768187;22525982301;1ere lettre de relance;2023-08-18;2023-08-31;121.59
15528808;22184012308;1ere lettre de relance;2023-08-18;2023-09-01;246.84
15339780;21913972305;1ere lettre de relance;2023-08-18;2023-08-31;132.96
7860609;11229442380;1ere lettre de relance;2023-08-18;2023-08-30;182.82
11198853;15998362316;Mise en demeure;2023-09-01;2023-09-05;153.68
11198853;15998362316;1ere lettre de relance;2023-08-18;2023-08-31;76.84
15955612;22793732301;1ere lettre de relance;2023-08-18;2023-08-21;67.76
14891437;21273482304;1ere lettre de relance;2023-08-04;2023-08-17;93.95
14891437;21273482304;Mise en demeure;2023-08-18;2023-08-21;93.95
15945028;22778612301;Mise en demeure;2023-08-18;2023-08-21;664.5
15945028;22778612301;1ere lettre de relance;2023-08-04;2023-08-17;649.5
13021548;18602212301;1ere lettre de relance;2023-08-04;2023-08-15;145.74
15345828;21922612302;Mise en demeure;2023-09-01;2023-10-04;210.96
15345828;21922612302;1ere lettre de relance;2023-08-04;2023-08-31;291.96
15272265;21817522301;1ere lettre de relance;2023-08-04;2023-08-17;218.1
15272265;21817522301;Mise en demeure;2023-08-18;2023-09-06;233.1
15626199;22323142302;1ere lettre de relance;2023-08-04;2023-08-10;231.48
14931078;21330112301;Suspension de garanties;2023-09-22;2023-09-25;107.48
14931078;21330112301;1ere lettre de relance;2023-08-04;2023-08-17;107.48
14931078;21330112301;Mise en demeure;2023-08-18;2023-09-21;107.48
15452935;22075622303;Annonce du contentieux;2023-09-29;2023-10-18;35.76
15452935;22075622303;Suspension de garanties;2023-09-22;2023-09-28;35.76
15452935;22075622303;1ere lettre de relance;2023-08-04;2023-08-17;20.76
15452935;22075622303;Mise en demeure;2023-08-18;2023-09-21;35.76
11402840;16289772303;1ere lettre de relance;2023-08-04;2023-08-10;125.34
10671501;15245002310;Mise en demeure;2023-08-25;2023-10-02;714.08
10671501;15245002310;1ere lettre de relance;2023-08-04;2023-08-24;699.08
15502852;22146932304;1ere lettre de relance;2023-08-04;2023-08-17;119.2
15502852;22146932304;Mise en demeure;2023-08-18;2023-08-31;134.2
15712208;22446012302;1ere lettre de relance;2023-08-04;2023-08-16;1072.9
15920514;22743592302;Mise en demeure;2023-08-18;2023-09-10;192.74
15920514;22743592302;1ere lettre de relance;2023-08-04;2023-08-17;177.74
5821208;831601231;1er Impayé;2023-03-08;2023-03-10;170.65
8120421;1160060232;1er Impayé;2023-03-08;2023-03-09;238.83
8270088;1181441232;1er Impayé;2023-03-08;2023-04-03;137.66
8275261;11821802314;1er Impayé;2023-03-08;2023-03-21;148.6
8407463;12010662312;1er Impayé;2023-03-08;2023-04-03;392.03
8557536;1222505234;1er Impayé;2023-03-08;2023-04-03;42.88
8724136;12463052311;1er Impayé;2023-03-08;2023-04-03;66.96
8922894;1274699235;1er Impayé;2023-03-08;2023-03-29;227.45
9128750;1304107234;1er Impayé;2023-03-08;2023-03-09;252.57
9215816;1316545237;1er Impayé;2023-03-08;2023-04-03;131.89
9314425;1330632231;1er Impayé;2023-03-08;2023-04-03;90.12
9317134;1331019232;1er Impayé;2023-03-08;2023-04-03;79.11
9658594;1379799234;1er Impayé;2023-03-08;2023-04-03;80.63
9750651;1392950231;1er Impayé;2023-03-08;2023-03-12;56.14
9814330;1402047233;1er Impayé;2023-03-08;2023-04-03;98.15
9854447;14077782314;1er Impayé;2023-03-08;2023-03-10;273.41
10106608;1443801233;1er Impayé;2023-03-08;2023-04-03;186.52
10123478;14462112326;2ème Impayé;2023-04-11;2023-05-01;539.94
10123478;14462112326;1er Impayé;2023-03-08;2023-03-11;179.98
10123478;14462112326;Mise en demeure;2023-05-02;2023-05-03;374.96
10297582;14710832313;1er Impayé;2023-03-08;2023-04-03;120.22
10386244;1483749232;1er Impayé;2023-03-08;2023-04-03;86.76
10460108;1494301232;1er Impayé;2023-03-08;2023-03-11;79.36
10511439;1501634231;1er Impayé;2023-03-08;2023-04-03;64.96
10548623;1506946232;1er Impayé;2023-03-08;2023-03-09;139.14
10724330;15320472312;1er Impayé;2023-03-08;2023-04-03;238.75
10864099;1552014231;1er Impayé;2023-03-08;2023-04-11;134.83
11130862;1590123232;1er Impayé;2023-03-08;2023-04-03;78.85
11265227;1609318233;1er Impayé;2023-03-08;2023-04-03;101.98
11277841;1611120236;1er Impayé;2023-03-08;2023-04-03;56.66
15429037;2204148232;1er Impayé;2023-10-11;2023-10-13;157.11
15699188;2242741231;Mise en demeure;2023-08-04;2023-10-01;250.95
15699188;2242741231;1er Impayé;2023-07-19;2023-08-03;235.95
11134096;1590585235;2ème Impayé;2023-10-10;2023-10-26;1233.33
11134096;1590585235;Mise en demeure;2023-10-27;2023-11-30;1248.33
11134096;1590585235;1er Impayé;2023-09-10;2023-10-03;308.35
11296153;1613736233;1er Impayé;2023-03-08;2023-04-03;68.67
11311630;1615947232;1er Impayé;2023-03-08;2023-04-03;142.84
11373804;1624829235;1er Impayé;2023-03-08;2023-04-03;58.13
11379663;1625666232;1er Impayé;2023-03-08;2023-03-15;67.65
11426017;1632288231;1er Impayé;2023-03-08;2023-04-03;68.87
11552017;1650288233;1er Impayé;2023-03-08;2023-03-14;257.35
11963414;1709059232;1er Impayé;2023-03-08;2023-03-10;106.01
12027765;1718252231;1er Impayé;2023-03-08;2023-03-29;137.46
12027765;1718252231;Mise en demeure;2023-05-02;2023-05-22;427.38
12027765;1718252231;2ème Impayé;2023-04-11;2023-05-01;412.38
12249112;1749873233;1er Impayé;2023-03-08;2023-04-03;111.66
12288319;1755474233;2ème Impayé;2023-04-11;2023-05-04;211.71
12288319;1755474233;1er Impayé;2023-03-08;2023-03-10;100.9
12301801;1757400232;1er Impayé;2023-03-08;2023-04-03;101.74
12560913;1794416231;1er Impayé;2023-03-08;2023-04-03;128.53
12565659;1795094233;1er Impayé;2023-03-08;2023-04-03;175.42
12606973;1800996232;1er Impayé;2023-03-08;2023-03-16;122.81
12720072;1817153232;1er Impayé;2023-03-08;2023-04-03;73.79
12830798;1832971233;1er Impayé;2023-03-08;2023-04-03;56.78
12839884;1834269233;2ème Impayé;2023-04-11;2023-04-13;575.12
12839884;1834269233;1er Impayé;2023-03-08;2023-04-03;143.78
12840332;1834333235;1er Impayé;2023-03-08;2023-04-03;137.52
13103567;1871938233;1er Impayé;2023-03-08;2023-04-03;107.11
13109629;1872804231;1er Impayé;2023-03-08;2023-04-03;118.89
13128354;1875479232;1er Impayé;2023-03-08;2023-04-02;144.77
13148255;1878322232;1er Impayé;2023-03-08;2023-04-03;103.9
13179685;1882812231;1er Impayé;2023-03-08;2023-04-03;216.5
8161847;1165978236;1er Impayé;2023-08-16;2023-08-18;1611.66
3982672;568953231;Mise en demeure;2023-10-20;2023-11-08;321.4
3982672;568953231;1er Impayé;2023-10-05;2023-10-19;459.6
5883977;840568231;Mise en demeure;2023-10-20;2023-10-30;1368.18
5883977;840568231;1er Impayé;2023-10-05;2023-10-19;1353.18
9567468;1366781233;Suspension de garanties;2023-11-24;2023-11-30;300.69
9567468;1366781233;Mise en demeure;2023-10-20;2023-11-23;300.69
9567468;1366781233;1er Impayé;2023-10-05;2023-10-19;285.69
10851429;1550204231;Mise en demeure;2023-10-20;2023-10-23;371.54
10851429;1550204231;1er Impayé;2023-10-05;2023-10-19;534.81
11967642;1709663231;Mise en demeure;2023-10-20;2023-10-26;676.11
11967642;1709663231;1er Impayé;2023-10-05;2023-10-19;661.11
13134269;1876324231;Mise en demeure;2023-10-20;2023-10-31;398.73
13134269;1876324231;1er Impayé;2023-10-05;2023-10-19;383.73
13280961;1897280231;Suspension de garanties;2023-11-24;2023-11-30;309.33
13280961;1897280231;Mise en demeure;2023-10-20;2023-11-23;309.33
13280961;1897280231;1er Impayé;2023-10-05;2023-10-19;294.33
13341770;1905967232;Mise en demeure;2023-10-20;2023-11-23;182.52
13341770;1905967232;Suspension de garanties;2023-11-24;2023-11-30;182.52
13341770;1905967232;1er Impayé;2023-10-05;2023-10-19;167.52
13519255;1931322232;Mise en demeure;2023-10-20;2023-11-23;413.52
13519255;1931322232;Suspension de garanties;2023-11-24;2023-11-30;413.52
13519255;1931322232;1er Impayé;2023-10-05;2023-10-19;398.52
13913117;1987588231;Mise en demeure;2023-10-20;2023-11-30;601.02
13913117;1987588231;1er Impayé;2023-10-05;2023-10-19;586.02
13974731;1996390232;Mise en demeure;2023-10-20;2023-11-23;187.47
13974731;1996390232;Suspension de garanties;2023-11-24;2023-11-30;187.47
13974731;1996390232;1er Impayé;2023-10-05;2023-10-19;172.47
14030528;2004361231;Mise en demeure;2023-10-20;2023-10-25;439.32
14030528;2004361231;1er Impayé;2023-10-05;2023-10-19;424.32
14101543;2014506233;Suspension de garanties;2023-11-24;2023-11-30;272.31
14101543;2014506233;Mise en demeure;2023-10-20;2023-11-23;272.31
14101543;2014506233;1er Impayé;2023-10-05;2023-10-19;257.31
14192648;2027521232;Mise en demeure;2023-10-20;2023-11-23;138.06
14192648;2027521232;Suspension de garanties;2023-11-24;2023-11-30;138.06
14192648;2027521232;1er Impayé;2023-10-05;2023-10-19;123.06
14317374;2045339231;Mise en demeure;2023-10-20;2023-11-23;220.77
14317374;2045339231;Suspension de garanties;2023-11-24;2023-11-30;170.77
14317374;2045339231;1er Impayé;2023-10-05;2023-10-19;205.77
14324794;2046399231;Mise en demeure;2023-10-20;2023-11-23;213.39
14324794;2046399231;Suspension de garanties;2023-11-24;2023-11-30;213.39
14324794;2046399231;1er Impayé;2023-10-05;2023-10-19;198.39
14397167;2056738232;Mise en demeure;2023-10-20;2023-11-23;303.57
14397167;2056738232;Suspension de garanties;2023-11-24;2023-11-30;303.57
14397167;2056738232;1er Impayé;2023-10-05;2023-10-19;288.57
14402263;2057466231;Mise en demeure;2023-10-20;2023-11-23;368.73
14402263;2057466231;Suspension de garanties;2023-11-24;2023-11-30;368.73
14402263;2057466231;1er Impayé;2023-10-05;2023-10-19;353.73
14435926;2062275231;Mise en demeure;2023-10-20;2023-11-23;73.86
14435926;2062275231;Suspension de garanties;2023-11-24;2023-11-30;73.86
14435926;2062275231;1er Impayé;2023-10-05;2023-10-19;58.86
14530118;2075731231;Mise en demeure;2023-10-20;2023-11-23;177.45
14530118;2075731231;Suspension de garanties;2023-11-24;2023-11-30;177.45
14530118;2075731231;1er Impayé;2023-10-05;2023-10-19;162.45
14576150;2082307231;1er Impayé;2023-10-05;2023-10-15;216.72
14613110;2087587231;Mise en demeure;2023-10-20;2023-10-29;158.01
14613110;2087587231;1er Impayé;2023-10-05;2023-10-19;143.01
14614426;2087775234;Mise en demeure;2023-10-20;2023-11-23;120.96
14614426;2087775234;Suspension de garanties;2023-11-24;2023-11-30;120.96
14614426;2087775234;1er Impayé;2023-10-05;2023-10-19;105.96
14657546;2093935231;1er Impayé;2023-10-05;2023-10-26;177.9
14657546;2093935231;Mise en demeure;2023-10-27;2023-11-30;192.9
14710774;2101539232;Mise en demeure;2023-10-20;2023-11-23;171.39
14710774;2101539232;Suspension de garanties;2023-11-24;2023-11-30;171.39
14710774;2101539232;1er Impayé;2023-10-05;2023-10-19;156.39
14884290;2126327231;Mise en demeure;2023-10-20;2023-10-25;151.99
14884290;2126327231;1er Impayé;2023-10-05;2023-10-19;204.99
14885816;2126545231;Mise en demeure;2023-10-20;2023-11-05;294.69
14885816;2126545231;1er Impayé;2023-10-05;2023-10-19;279.69
14942936;2134705233;1er Impayé;2023-10-05;2023-11-07;159.7
13404770;1914967232;1er Impayé;2023-03-08;2023-04-03;187.55
13393556;1913365232;1er Impayé;2023-03-08;2023-04-03;144.54
13447673;1921096231;1er Impayé;2023-03-08;2023-04-03;112.67
13465418;1923631231;1er Impayé;2023-03-08;2023-03-27;121.97
13469121;1924160231;2ème Impayé;2023-04-11;2023-05-01;453.56
13469121;1924160231;1er Impayé;2023-03-08;2023-04-03;113.39
13469121;1924160231;Mise en demeure;2023-05-02;2023-06-07;468.56
13487097;1926728231;2ème Impayé;2023-04-11;2023-05-01;281.6
13487097;1926728231;1er Impayé;2023-03-08;2023-04-03;70.4
13487097;1926728231;Mise en demeure;2023-05-02;2023-06-22;296.6
13543167;1934738233;1er Impayé;2023-03-08;2023-04-03;258.29
13570971;1938710231;1er Impayé;2023-03-08;2023-03-10;56.23
13575864;1939409233;1er Impayé;2023-03-08;2023-04-03;188.64
13725930;1960847232;1er Impayé;2023-03-08;2023-04-03;68.28
13765361;1966480233;1er Impayé;2023-03-08;2023-04-03;64.09
13784702;1969243237;1er Impayé;2023-03-08;2023-03-16;148.59
13849375;1978482231;1er Impayé;2023-03-08;2023-03-11;83.78
13970363;1995766235;2ème Impayé;2023-04-11;2023-05-01;336.52
13970363;1995766235;1er Impayé;2023-03-08;2023-04-03;84.13
13970363;1995766235;Suspension de garanties;2023-06-02;2023-06-08;351.52
13970363;1995766235;Mise en demeure;2023-05-02;2023-06-01;351.52
13970734;1995819233;1er Impayé;2023-03-08;2023-04-03;122.95
14071317;2010188232;1er Impayé;2023-03-08;2023-04-03;82.28
14082076;2011725231;1er Impayé;2023-03-08;2023-04-12;70.27
14097728;2013961231;1er Impayé;2023-03-08;2023-04-03;40.87
14106051;2015150236;1er Impayé;2023-03-08;2023-03-16;174.93
14200376;2028625231;2ème Impayé;2023-04-11;2023-04-19;245.1
14200376;2028625231;1er Impayé;2023-03-08;2023-03-12;81.7
14240752;2034393231;1er Impayé;2023-03-08;2023-04-03;88.73
15647269;2235324231;1er Impayé;2023-10-17;2023-11-03;133.73
16053689;2293384231;1er Impayé;2023-10-17;2023-10-18;236.74
16070972;2295853231;1er Impayé;2023-10-17;2023-11-01;101.83
13592692;1941813237;1er Impayé;2023-09-20;2023-09-22;359.97
15876540;2268077232;1er Impayé;2023-09-20;2023-09-25;283.97
15930328;2275761232;1er Impayé;2023-09-20;2023-10-05;160.86
16043371;2291910231;Suspension de garanties;2023-11-24;2023-11-30;545.32
16043371;2291910231;Mise en demeure;2023-10-20;2023-11-23;545.32
16043371;2291910231;2ème Impayé;2023-10-05;2023-10-19;530.32
16043371;2291910231;1er Impayé;2023-09-20;2023-09-29;101.53
14975339;2139334231;1er Impayé;2023-10-05;2023-10-08;52.5
15015687;2145098231;Mise en demeure;2023-10-20;2023-11-23;292.05
15015687;2145098231;Suspension de garanties;2023-11-24;2023-11-30;292.05
15015687;2145098231;1er Impayé;2023-10-05;2023-10-19;277.05
15039249;2148464232;Mise en demeure;2023-10-20;2023-11-23;164.52
15039249;2148464232;Suspension de garanties;2023-11-24;2023-11-30;164.52
15039249;2148464232;1er Impayé;2023-10-05;2023-10-19;149.52
15062692;2151813231;Mise en demeure;2023-10-20;2023-11-23;87.6
15062692;2151813231;Suspension de garanties;2023-11-24;2023-11-30;87.6
15062692;2151813231;1er Impayé;2023-10-05;2023-10-19;72.6
15091910;2155987231;Mise en demeure;2023-10-20;2023-11-23;712.98
15091910;2155987231;Suspension de garanties;2023-11-24;2023-11-30;712.98
15091910;2155987231;1er Impayé;2023-10-05;2023-10-19;697.98
14975339;2139334231;2ème Impayé;2023-11-06;;105.0
15215859;2173694231;Mise en demeure;2023-10-20;2023-11-23;447.9
15215859;2173694231;Suspension de garanties;2023-11-24;2023-11-30;447.9
15215859;2173694231;1er Impayé;2023-10-05;2023-10-19;432.9
15306628;2186661232;Mise en demeure;2023-10-20;2023-11-23;173.28
15306628;2186661232;Suspension de garanties;2023-11-24;2023-11-30;173.28
15306628;2186661232;1er Impayé;2023-10-05;2023-10-19;158.28
15309505;2187072232;1er Impayé;2023-10-05;2023-11-02;136.6
15309505;2187072232;2ème Impayé;2023-11-06;2023-11-30;409.8
15557207;2222458231;Mise en demeure;2023-10-20;2023-11-23;405.72
15557207;2222458231;Suspension de garanties;2023-11-24;2023-11-30;405.72
15557207;2222458231;1er Impayé;2023-10-05;2023-10-19;390.72
15629888;2232841231;Mise en demeure;2023-10-20;2023-11-23;412.48
15629888;2232841231;Suspension de garanties;2023-11-24;2023-11-30;412.48
15629888;2232841231;1er Impayé;2023-10-05;2023-10-19;298.11
15703696;2243385231;Mise en demeure;2023-10-20;2023-11-23;212.65
15703696;2243385231;Suspension de garanties;2023-11-24;2023-11-30;212.65
15703696;2243385231;1er Impayé;2023-10-05;2023-10-19;197.65
15792876;2256125231;1er Impayé;2023-10-05;2023-10-12;782.77
15812392;2258913231;Mise en demeure;2023-10-20;2023-11-23;153.36
15812392;2258913231;Suspension de garanties;2023-11-24;2023-11-30;153.36
15812392;2258913231;1er Impayé;2023-10-05;2023-10-19;138.36
15931483;2275926231;Mise en demeure;2023-10-20;2023-11-23;335.94
15931483;2275926231;Suspension de garanties;2023-11-24;2023-11-30;335.94
15931483;2275926231;1er Impayé;2023-10-05;2023-10-19;320.94
15964061;2280580231;Mise en demeure;2023-10-20;2023-11-23;266.01
15964061;2280580231;Suspension de garanties;2023-11-24;2023-11-30;266.01
15964061;2280580231;1er Impayé;2023-10-05;2023-10-19;251.01
15969542;2281363231;Mise en demeure;2023-10-20;2023-11-23;183.6
15969542;2281363231;Suspension de garanties;2023-11-24;2023-11-30;183.6
15969542;2281363231;1er Impayé;2023-10-05;2023-10-19;168.6
15970634;2281519231;Mise en demeure;2023-10-20;2023-11-23;416.4
15970634;2281519231;Suspension de garanties;2023-11-24;2023-11-30;416.4
15970634;2281519231;1er Impayé;2023-10-05;2023-10-19;401.4
15978859;2282694231;1er Impayé;2023-10-05;2023-11-02;25.45
15978859;2282694231;2ème Impayé;2023-11-06;;76.35
15983388;2283341231;Mise en demeure;2023-10-20;2023-11-20;224.31
15983388;2283341231;1er Impayé;2023-10-05;2023-10-19;209.31
16017926;2288275231;1er Impayé;2023-10-05;2023-11-03;110.45
15176743;2168106233;1er Impayé;2023-11-23;;115.24
15366688;2195241233;1er Impayé;2023-11-23;;15.01
15369775;2195682234;1er Impayé;2023-11-23;2023-11-26;103.94
15703598;2243371232;1er Impayé;2023-11-23;2023-11-26;132.38
16003198;2286171231;1er Impayé;2023-11-23;;68.85
16012718;2287531231;1er Impayé;2023-11-23;;122.96
14301778;2043111231;1er Impayé;2023-03-08;2023-04-03;126.49
14382999;2054714232;1er Impayé;2023-03-08;2023-03-13;69.65
14390573;2055796231;1er Impayé;2023-03-08;2023-04-03;138.93
14403033;2057576231;1er Impayé;2023-03-08;2023-03-24;93.45
14421240;2060177231;1er Impayé;2023-03-08;2023-03-23;124.0
14464458;2066351232;1er Impayé;2023-03-08;2023-03-12;164.71
14478976;2068425233;1er Impayé;2023-03-08;2023-03-19;203.61
14487355;2069622231;1er Impayé;2023-03-08;2023-04-03;87.58
14493907;2070558231;1er Impayé;2023-03-08;2023-04-03;62.87
14503840;2071977231;1er Impayé;2023-03-08;2023-03-09;64.11
14555976;2079425232;1er Impayé;2023-03-08;2023-04-03;21.32
14578404;2082629231;1er Impayé;2023-03-08;2023-04-03;51.22
14588988;2084141232;2ème Impayé;2023-04-11;2023-05-01;271.76
14588988;2084141232;1er Impayé;2023-03-08;2023-04-03;67.94
14588988;2084141232;Mise en demeure;2023-05-02;2023-05-09;286.76
14589184;2084169232;1er Impayé;2023-03-08;2023-04-03;76.31
14599880;2085697232;1er Impayé;2023-03-08;2023-03-16;63.94
14660990;2094427232;1er Impayé;2023-03-08;2023-04-03;23.04
14678105;2096872231;1er Impayé;2023-03-08;2023-03-16;83.8
14698230;2099747231;1er Impayé;2023-03-08;2023-03-23;53.89
14727161;2103880231;1er Impayé;2023-03-08;2023-04-03;29.27
14738312;2105473232;1er Impayé;2023-03-08;2023-04-03;74.7
14771135;2110162232;2ème Impayé;2023-04-11;2023-05-01;387.08
14771135;2110162232;1er Impayé;2023-03-08;2023-04-03;96.77
14771135;2110162232;Mise en demeure;2023-05-02;2023-05-14;305.31
14819463;2117066231;1er Impayé;2023-03-08;2023-04-03;66.43
14860987;2122998232;1er Impayé;2023-03-08;2023-03-10;66.56
14863892;2123413231;1er Impayé;2023-03-08;2023-03-09;139.43
14864214;2123459232;1er Impayé;2023-03-08;2023-04-03;137.01
14881196;2125885231;1er Impayé;2023-03-08;2023-04-03;59.36
14908755;2129822232;1er Impayé;2023-03-08;2023-04-03;85.22
14909028;2129861232;1er Impayé;2023-03-08;2023-04-03;173.85
5349513;764216231;Suspension de garanties;2023-09-01;2023-09-07;79.85
5349513;764216231;1er Impayé;2023-07-13;2023-07-27;239.55
5349513;764216231;Mise en demeure;2023-07-28;2023-08-31;254.55
5349513;764216231;Annonce du contentieux;2023-09-08;2023-09-13;79.85
13626747;1946678231;1er Impayé;2023-07-13;2023-08-02;56.53
14771058;2110151232;1er Impayé;2023-07-13;2023-08-07;110.01
15134743;2162106234;1er Impayé;2023-07-13;2023-08-07;100.39
15566930;2223847231;1er Impayé;2023-07-13;2023-07-17;84.18
15576520;2225217232;Mise en demeure;2023-09-01;2023-10-05;197.46
15576520;2225217232;Suspension de garanties;2023-10-06;2023-10-12;197.46
15576520;2225217232;1er Impayé;2023-07-13;2023-08-04;60.82
15576520;2225217232;Annonce du contentieux;2023-10-13;2023-10-17;197.46
15576520;2225217232;2ème Impayé;2023-08-14;2023-08-31;182.46
15637532;2233933231;1er Impayé;2023-07-13;2023-08-04;48.38
15660121;2237160231;1er Impayé;2023-07-13;2023-08-04;66.77
15693672;2241953232;1er Impayé;2023-07-13;2023-08-04;91.26
15563780;2223397231;1er Impayé;2023-04-03;2023-04-20;242.95
15563780;2223397231;Mise en demeure;2023-04-21;2023-05-25;318.89
15563780;2223397231;Suspension de garanties;2023-05-26;2023-05-29;318.89
13946605;1992372231;1er Impayé;2023-05-17;2023-06-06;100.58
14509398;2072771234;1er Impayé;2023-05-17;2023-06-06;45.42
15379883;2197126231;1er Impayé;2023-05-17;2023-05-22;63.22
15704186;2243455231;1er Impayé;2023-05-17;2023-05-25;65.69
15709240;2244177231;1er Impayé;2023-05-17;2023-06-02;51.38
14960275;2137182232;1er Impayé;2023-03-08;2023-04-03;68.26
14967401;2138200231;1er Impayé;2023-03-08;2023-04-03;81.59
14968213;2138316231;1er Impayé;2023-03-08;2023-03-09;96.19
14980218;2140031231;1er Impayé;2023-03-08;2023-04-03;89.83
14980897;2140128232;1er Impayé;2023-03-08;2023-03-22;182.17
14985265;2140752232;1er Impayé;2023-03-08;2023-04-03;33.48
14985825;2140832232;1er Impayé;2023-03-08;2023-04-03;75.48
14987568;2141081232;1er Impayé;2023-03-08;2023-03-17;248.63
14990109;2141444232;1er Impayé;2023-03-08;2023-04-03;130.02
14998908;2142701232;2ème Impayé;2023-04-11;2023-05-01;319.52
14998908;2142701232;1er Impayé;2023-03-08;2023-04-03;79.88
14998908;2142701232;Suspension de garanties;2023-06-16;2023-07-27;220.52
14998908;2142701232;Annonce du contentieux;2023-07-28;2023-08-22;346.16
14998908;2142701232;Mise en demeure;2023-05-02;2023-06-15;334.52
15003990;2143427231;1er Impayé;2023-03-08;2023-03-27;97.93
15073563;2153366232;1er Impayé;2023-03-08;2023-04-03;63.81
15101948;2157421231;1er Impayé;2023-03-08;2023-04-03;29.83
15127925;2161132232;1er Impayé;2023-03-08;2023-04-03;75.51
15134512;2162073231;1er Impayé;2023-03-08;2023-04-03;80.68
15145271;2163610231;1er Impayé;2023-03-08;2023-04-03;76.4
15146132;2163733231;1er Impayé;2023-03-08;2023-04-03;81.76
15147889;2163984231;2ème Impayé;2023-04-11;2023-04-18;741.72
15147889;2163984231;1er Impayé;2023-03-08;2023-04-03;185.43
15166250;2166607231;1er Impayé;2023-03-08;2023-04-02;108.6
15169666;2167095231;1er Impayé;2023-03-08;2023-03-10;58.19
15175231;2167890231;1er Impayé;2023-03-08;2023-04-12;136.73
15196161;2170880231;1er Impayé;2023-03-08;2023-04-03;59.16
15203959;2171994231;Mise en demeure;2023-04-14;2023-05-18;731.92
15203959;2171994231;1er Impayé;2023-03-08;2023-04-13;179.23
15203959;2171994231;Suspension de garanties;2023-05-19;2023-06-05;731.92
15225323;2175046233;1er Impayé;2023-03-08;2023-04-03;328.82
15225442;2175063231;1er Impayé;2023-03-08;2023-04-03;144.25
15268576;2181225231;1er Impayé;2023-03-08;2023-04-03;66.34
15273364;2181909231;1er Impayé;2023-03-08;2023-04-05;177.52
15283556;2183365231;1er Impayé;2023-03-08;2023-04-03;67.6
15284179;2183454231;1er Impayé;2023-03-08;2023-04-03;132.12
15288435;2184062231;1er Impayé;2023-03-08;2023-04-03;165.11
15290794;2184399231;1er Impayé;2023-03-08;2023-04-03;123.3
5680158;811451238;1er Impayé;2023-05-07;2023-05-25;368.74
5680158;811451238;Mise en demeure;2023-05-26;2023-06-11;199.37
10963408;1566201232;1er Impayé;2023-05-07;2023-05-13;152.82
12187470;1741067235;1er Impayé;2023-05-07;2023-06-08;202.06
12187470;1741067235;Mise en demeure;2023-06-09;2023-06-29;318.09
12362750;1766107231;1er Impayé;2023-05-07;2023-05-25;107.48
12362750;1766107231;Suspension de garanties;2023-06-30;2023-07-06;107.48
12362750;1766107231;Mise en demeure;2023-05-26;2023-06-29;107.48
12362750;1766107231;Annonce du contentieux;2023-07-07;2023-09-05;107.48
13925297;1989328231;1er Impayé;2023-05-07;2023-05-11;533.58
14497729;2071104231;1er Impayé;2023-05-07;2023-05-25;103.12
14497729;2071104231;Suspension de garanties;2023-06-30;2023-07-06;118.12
14497729;2071104231;Mise en demeure;2023-05-26;2023-06-29;118.12
14497729;2071104231;Annonce du contentieux;2023-07-07;2023-07-13;118.12
14400464;20572092305;1ere lettre de relance;2023-08-18;2023-08-24;64.26
15941682;22773832301;Mise en demeure;2023-09-01;2023-09-05;132.04
15941682;22773832301;1ere lettre de relance;2023-08-18;2023-08-31;117.04
8725403;12464862344;1ere lettre de relance;2023-08-18;2023-08-22;274.31
15956172;22794532301;1ere lettre de relance;2023-08-18;2023-09-13;130.69
15671993;22388562302;1ere lettre de relance;2023-08-18;2023-08-23;97.07
15391657;21988082301;1ere lettre de relance;2023-08-18;2023-08-21;53.74
12654062;18077232311;Mise en demeure;2023-09-01;2023-09-05;243.85
12654062;18077232311;1ere lettre de relance;2023-08-18;2023-08-31;114.43
8782257;12546082307;Mise en demeure;2023-09-01;2023-09-06;316.0
8782257;12546082307;1ere lettre de relance;2023-08-18;2023-08-31;150.5
11127215;15896022382;1ere lettre de relance;2023-08-18;2023-08-28;150.01
13933704;19905292302;1ere lettre de relance;2023-08-18;2023-09-06;256.28
13424650;19178072310;Mise en demeure;2023-09-01;2023-09-05;272.7
13424650;19178072310;1ere lettre de relance;2023-08-18;2023-08-31;128.85
15566930;22238472302;1ere lettre de relance;2023-08-18;2023-08-21;84.18
14980127;21400182315;1ere lettre de relance;2023-08-18;2023-08-23;72.41
15826707;22609582304;1ere lettre de relance;2023-08-18;2023-09-01;493.68
15510699;22158142303;1ere lettre de relance;2023-08-18;2023-08-30;124.6
11620092;16600132309;1ere lettre de relance;2023-08-18;2023-08-21;107.4
14396726;20566752301;Mise en demeure;2023-09-01;2023-09-14;53.74
14396726;20566752301;1ere lettre de relance;2023-08-18;2023-08-31;53.74
15982128;22831612301;1ere lettre de relance;2023-08-18;2023-09-01;62.41
15975695;22822422301;1ere lettre de relance;2023-08-18;2023-08-21;75.41
14246688;20352412309;1ere lettre de relance;2023-08-18;2023-08-23;58.65
15422891;22032702301;1ere lettre de relance;2023-08-18;2023-08-21;82.28
13930127;19900182311;Mise en demeure;2023-09-01;2023-10-05;185.11
13930127;19900182311;1ere lettre de relance;2023-08-18;2023-08-31;91.74
13930127;19900182311;Suspension de garanties;2023-10-06;2023-10-12;184.48
13930127;19900182311;Annonce du contentieux;2023-10-13;2023-11-27;124.48
15301665;2185952232;1er Impayé;2023-03-08;2023-04-03;55.92
15308007;2186858231;2ème Impayé;2023-04-11;2023-05-01;210.8
15308007;2186858231;1er Impayé;2023-03-08;2023-04-03;52.7
15308007;2186858231;Mise en demeure;2023-05-02;2023-05-23;225.8
15318059;2188294232;1er Impayé;2023-03-08;2023-03-13;91.32
15329924;2189989231;1er Impayé;2023-03-08;2023-03-13;76.97
15367710;2195387232;1er Impayé;2023-03-08;2023-03-22;81.07
15378280;2196897231;1er Impayé;2023-03-08;2023-04-03;84.37
15382466;2197495231;1er Impayé;2023-03-08;2023-03-17;395.83
15388920;2198417231;1er Impayé;2023-03-08;2023-04-03;232.2
15393351;2199050232;2ème Impayé;2023-04-06;2023-04-20;266.24
15393351;2199050232;1er Impayé;2023-03-08;2023-04-03;66.56
15393351;2199050232;Mise en demeure;2023-04-21;2023-06-01;281.24
15393351;2199050232;Suspension de garanties;2023-06-02;2023-06-06;281.24
15402360;2200337231;2ème Impayé;2023-04-11;2023-04-17;641.39
15402360;2200337231;1er Impayé;2023-03-08;2023-04-03;160.34
15411355;2201622231;1er Impayé;2023-03-08;2023-04-03;89.96
15447076;2206725231;1er Impayé;2023-03-08;2023-04-03;69.08
15459998;2208571231;1er Impayé;2023-03-08;2023-04-03;70.12
15460376;2208625232;1er Impayé;2023-03-08;2023-04-05;63.4
15462056;2208865231;2ème Impayé;2023-04-11;2023-04-25;1729.49
15462056;2208865231;1er Impayé;2023-03-08;2023-04-03;432.38
15475356;2210765231;1er Impayé;2023-03-08;2023-04-03;77.55
15477386;2211055231;1er Impayé;2023-03-08;2023-04-03;80.92
15479787;2211398231;1er Impayé;2023-03-08;2023-04-12;75.23
15525532;2217933232;1er Impayé;2023-03-08;2023-03-31;54.22
15529200;2218457231;1er Impayé;2023-03-08;2023-03-31;44.03
15532140;2218877231;1er Impayé;2023-03-08;2023-03-31;159.26
15562065;2223152231;1er Impayé;2023-03-08;2023-03-31;85.56
15567588;2223941232;1er Impayé;2023-03-08;2023-03-28;117.92
15572138;2224591231;1er Impayé;2023-03-08;2023-03-14;87.17
15572712;2224673231;1er Impayé;2023-03-08;2023-03-21;132.67
15581252;2225893231;2ème Impayé;2023-04-11;2023-04-14;295.53
15581252;2225893231;1er Impayé;2023-03-08;2023-03-09;98.51
15586964;2226709231;1er Impayé;2023-03-08;2023-03-31;177.22
15595266;2227895231;1er Impayé;2023-03-08;2023-03-31;63.22
15602196;2228885231;1er Impayé;2023-03-08;2023-03-14;202.27
15608174;2229739231;1er Impayé;2023-03-08;2023-03-31;110.1
15620914;2231559231;1er Impayé;2023-03-08;2023-03-31;132.78
15626073;2232296231;2ème Impayé;2023-04-11;2023-05-10;247.28
15626073;2232296231;1er Impayé;2023-03-08;2023-03-31;61.82
15628313;2232616231;1er Impayé;2023-03-08;2023-03-09;61.93
15631036;2233005231;1er Impayé;2023-03-08;2023-03-31;175.04
15631218;2233031231;1er Impayé;2023-03-08;2023-03-31;80.9
15204099;2172014231;1er Impayé;2023-05-07;2023-05-25;337.22
15204099;2172014231;Mise en demeure;2023-05-26;2023-06-19;352.22
15212583;2173226231;1er Impayé;2023-05-07;2023-05-11;109.32
15260442;2180063231;1er Impayé;2023-05-07;2023-05-25;60.68
15260442;2180063231;Mise en demeure;2023-05-26;2023-06-06;45.34
15299201;2185600231;1er Impayé;2023-05-07;2023-05-22;428.92
15344680;2192097231;1er Impayé;2023-05-07;2023-05-25;128.56
15344680;2192097231;Mise en demeure;2023-05-26;2023-06-11;143.56
15378385;2196912231;1er Impayé;2023-05-07;2023-05-08;108.82
15385966;2197995232;1er Impayé;2023-05-07;2023-05-25;283.32
15385966;2197995232;Mise en demeure;2023-05-26;2023-06-07;298.32
15611548;2230221231;1er Impayé;2023-05-07;2023-05-13;214.72
15646849;2235264231;1er Impayé;2023-05-07;2023-05-08;114.08
15655697;2236528231;1er Impayé;2023-05-07;2023-05-25;273.78
15655697;2236528231;Mise en demeure;2023-05-26;2023-06-25;288.78
15713125;2244732231;1er Impayé;2023-05-07;2023-05-30;122.16
15757092;2251013231;1er Impayé;2023-07-13;2023-08-04;61.55
15779380;2254197231;Mise en demeure;2023-09-01;2023-09-07;188.01
15779380;2254197231;1er Impayé;2023-07-13;2023-08-04;57.67
15779380;2254197231;2ème Impayé;2023-08-14;2023-08-31;173.01
15815458;2259351232;1er Impayé;2023-07-13;2023-09-01;97.76
15820890;2260127232;1er Impayé;2023-07-13;2023-08-04;63.83
15871388;2267341231;1er Impayé;2023-07-13;2023-07-20;223.22
15893648;2270521231;1er Impayé;2023-07-13;2023-08-02;260.22
15899038;2271291231;1er Impayé;2023-07-13;2023-08-04;134.98
15899038;2271291231;Mise en demeure;2023-10-27;2023-11-30;521.93
15899038;2271291231;2ème Impayé;2023-10-12;2023-10-26;506.93
15901544;2271649231;1er Impayé;2023-07-13;2023-07-31;172.88
15671993;22388562302;2ème Impayé;2023-09-11;2023-09-12;97.07
4482262;6403232310;1er Impayé;2023-07-12;2023-08-06;253.73
7377182;10538832316;1er Impayé;2023-07-12;2023-08-02;166.84
8978838;12826912313;1er Impayé;2023-07-12;2023-08-02;130.78
9498602;13569432312;1er Impayé;2023-07-12;2023-08-07;78.11
10865695;1552242232;1er Impayé;2023-07-12;2023-08-07;217.81
11102330;1586047231;1er Impayé;2023-07-12;2023-08-07;110.12
11329977;1618568231;1er Impayé;2023-07-12;2023-08-02;672.27
11373853;1624836231;1er Impayé;2023-07-12;2023-07-23;316.69
11996867;1713838238;1er Impayé;2023-07-12;2023-08-07;54.87
12289600;1755657232;1er Impayé;2023-07-12;2023-08-07;96.31
12375364;1767909231;1er Impayé;2023-07-12;2023-08-07;87.4
12664317;1809188231;1er Impayé;2023-07-12;2023-08-02;115.61
12941328;1848761238;1er Impayé;2023-07-12;2023-08-01;174.64
12951317;1850188231;1er Impayé;2023-07-12;2023-08-07;51.61
12976181;1853740231;1er Impayé;2023-07-12;2023-08-02;40.71
13051676;1864525235;1er Impayé;2023-07-12;2023-08-07;78.36
13296942;1899563233;1er Impayé;2023-07-12;2023-08-07;202.99
13418609;1916944232;1er Impayé;2023-07-12;2023-08-02;71.18
13594582;1942083233;1er Impayé;2023-07-12;2023-08-02;130.82
13598600;1942657235;1er Impayé;2023-07-12;2023-08-02;70.12
15644602;2234943231;2ème Impayé;2023-04-05;2023-04-20;124.38
15644602;2234943231;1er Impayé;2023-03-08;2023-03-10;41.46
15644602;2234943231;Mise en demeure;2023-04-21;2023-05-10;97.92
15654801;2236400231;1er Impayé;2023-03-08;2023-03-31;68.4
15663229;2237604231;1er Impayé;2023-03-08;2023-03-31;91.74
15663229;2237604231;2ème Impayé;2023-04-24;2023-05-11;366.96
15663229;2237604231;Mise en demeure;2023-05-12;2023-05-23;381.96
15669249;2238464231;2ème Impayé;2023-04-11;2023-05-01;380.04
15669249;2238464231;1er Impayé;2023-03-08;2023-03-31;95.01
15669249;2238464231;Mise en demeure;2023-05-02;2023-06-01;395.04
15669249;2238464231;Suspension de garanties;2023-06-02;2023-06-05;395.04
15909979;2272854231;2ème Impayé;2023-08-09;2023-08-11;129.2
15909979;2272854231;1er Impayé;2023-07-13;2023-07-28;114.37
15921830;2274547231;1er Impayé;2023-07-13;2023-08-02;121.0
15924616;2274945231;1er Impayé;2023-07-13;2023-07-19;217.55
15928382;2275483231;1er Impayé;2023-07-13;2023-08-02;71.42
15929957;2275708231;1er Impayé;2023-07-13;2023-08-02;187.39
15931693;2275956231;1er Impayé;2023-07-13;2023-08-02;106.2
15934556;2276365231;1er Impayé;2023-07-13;2023-08-04;142.84
15935144;2276449231;1er Impayé;2023-07-13;2023-08-02;136.01
15935410;2276487231;1er Impayé;2023-07-13;2023-07-26;99.08
15936229;2276604231;1er Impayé;2023-07-13;2023-08-02;81.02
15938189;2276884231;1er Impayé;2023-07-13;2023-08-02;109.42
13510701;19301002314;1er Impayé;2023-08-17;2023-08-18;127.23
11146773;15923962325;1ere lettre de relance;2023-08-25;2023-09-07;15.01
11146773;15923962325;Mise en demeure;2023-09-08;2023-09-11;30.01
15854329;22649042302;1ere lettre de relance;2023-08-25;2023-09-07;141.07
15854329;22649042302;Mise en demeure;2023-09-08;2023-09-12;156.07
12671625;18102322303;1ere lettre de relance;2023-08-25;2023-09-06;53.74
14716199;21023142305;1ere lettre de relance;2023-08-25;2023-09-07;152.62
14716199;21023142305;Mise en demeure;2023-09-08;2023-09-10;167.62
6009578;8585112302;1ere lettre de relance;2023-08-25;2023-09-07;283.5
6009578;8585112302;Mise en demeure;2023-09-08;2023-10-04;298.5
15644602;22349432304;1ere lettre de relance;2023-08-25;2023-09-07;56.46
15644602;22349432304;Suspension de garanties;2023-10-13;2023-10-20;97.92
15644602;22349432304;Mise en demeure;2023-09-08;2023-10-12;112.92
15973917;22819882301;1ere lettre de relance;2023-08-25;2023-09-05;312.02
282353;403362339;1ere lettre de relance;2023-08-25;2023-09-01;203.85
15937923;22768462301;1ere lettre de relance;2023-08-25;2023-09-07;371.96
15937923;22768462301;Mise en demeure;2023-09-08;2023-10-11;386.96
13586182;19408832301;1ere lettre de relance;2023-08-25;2023-09-06;330.92
14662103;20945862301;1ere lettre de relance;2023-08-25;2023-09-07;139.45
14662103;20945862301;Mise en demeure;2023-09-08;2023-09-28;154.45
15923384;22747692301;1ere lettre de relance;2023-08-25;2023-10-12;42.33
15400386;22000552305;1ere lettre de relance;2023-08-25;2023-09-07;72.24
15400386;22000552305;Mise en demeure;2023-09-08;2023-10-04;144.48
14433546;20619352301;1ere lettre de relance;2023-08-25;2023-09-07;255.51
14433546;20619352301;Mise en demeure;2023-09-08;2023-09-12;270.51
12167954;1738279234;1er Impayé;2023-06-21;2023-07-11;64.25
13221587;1888798238;1er Impayé;2023-06-21;2023-07-11;120.4
14619396;2088485231;1er Impayé;2023-06-21;2023-07-13;62.85
14619396;2088485231;Annonce du contentieux;2023-08-25;2023-09-11;203.9
14619396;2088485231;Suspension de garanties;2023-08-18;2023-08-24;203.9
14619396;2088485231;Mise en demeure;2023-07-14;2023-08-17;266.4
15166250;2166607233;1er Impayé;2023-06-21;2023-07-04;123.6
15632919;2233274232;1er Impayé;2023-06-21;2023-07-27;166.87
15632919;2233274232;Mise en demeure;2023-07-28;2023-08-15;682.48
15898184;2271169231;1er Impayé;2023-06-21;2023-07-13;78.19
15898184;2271169231;Mise en demeure;2023-07-14;2023-07-19;345.19
15912737;2273248231;1er Impayé;2023-06-21;2023-06-28;37.12
8741328;12487612316;1er Impayé;2023-07-24;2023-08-10;171.2
12726008;1818001237;1er Impayé;2023-07-24;2023-07-30;110.65
13592692;1941813236;1er Impayé;2023-07-24;2023-08-10;114.03
13592692;1941813236;2ème Impayé;2023-08-24;2023-09-13;342.09
14684048;2097721232;1er Impayé;2023-07-24;2023-08-10;36.55
15000903;2142986233;1er Impayé;2023-07-24;2023-08-10;185.49
15041657;2148808232;1er Impayé;2023-07-24;2023-08-10;64.56
15217021;2173860231;Annonce du contentieux;2023-10-20;;125.61
15217021;2173860231;1er Impayé;2023-07-24;2023-08-10;36.87
15217021;2173860231;2ème Impayé;2023-08-23;2023-09-07;110.61
15217021;2173860231;Suspension de garanties;2023-10-13;2023-10-19;125.61
15217021;2173860231;Mise en demeure;2023-09-08;2023-10-12;125.61
15303576;2186225232;1er Impayé;2023-07-24;2023-08-10;99.9
15377356;2196765232;1er Impayé;2023-07-24;2023-09-01;158.52
15528367;2218338231;1er Impayé;2023-07-24;2023-08-04;99.9
15754768;2250681231;1er Impayé;2023-07-24;2023-08-10;108.82
15933380;2276197231;1er Impayé;2023-07-24;2023-08-04;151.91
15945994;2277999231;1er Impayé;2023-07-24;2023-08-04;97.47
7747195;1106742238;2ème Impayé;2023-06-11;2023-07-13;940.7
7747195;1106742238;Annonce du contentieux;2023-08-25;2023-09-12;2366.75
7747195;1106742238;Suspension de garanties;2023-08-18;2023-08-24;2366.75
7747195;1106742238;Mise en demeure;2023-07-14;2023-08-17;2366.75
7992958;1141851231;1er Impayé;2023-05-14;2023-05-15;95.74
6062708;866101233;1er Impayé;2023-05-14;2023-06-01;415.29
7614230;10877472317;1er Impayé;2023-05-14;2023-06-01;88.6
7747195;1106742238;1er Impayé;2023-05-14;2023-06-01;470.35
8727013;12467162311;1er Impayé;2023-05-14;2023-06-06;123.64
8862862;1266123232;1er Impayé;2023-05-14;2023-06-01;199.17
9191239;1313034233;1er Impayé;2023-05-14;2023-06-06;140.9
9311940;1330277233;1er Impayé;2023-05-14;2023-06-06;76.37
9474620;1353517231;1er Impayé;2023-05-14;2023-05-16;124.33
10042852;1434693233;2ème Impayé;2023-06-15;2023-07-13;250.52
10042852;1434693233;1er Impayé;2023-05-14;2023-06-06;125.26
10042852;1434693233;Mise en demeure;2023-07-14;2023-08-03;641.3
10449545;1492792233;1er Impayé;2023-05-14;2023-06-01;142.0
10579367;1511338231;1er Impayé;2023-05-14;2023-06-01;256.31
10660196;15228852310;1er Impayé;2023-05-14;2023-06-01;174.1
10957080;1565297232;1er Impayé;2023-05-14;2023-06-06;112.5
11607954;1658279231;1er Impayé;2023-05-14;2023-06-01;80.56
11637004;1662429233;1er Impayé;2023-05-14;2023-06-06;71.19
12404722;1772103236;1er Impayé;2023-05-14;2023-06-06;86.07
12606077;1800868237;2ème Impayé;2023-06-11;2023-06-16;106.98
12606077;1800868237;1er Impayé;2023-05-14;2023-05-15;106.98
12849544;1835649233;1er Impayé;2023-05-14;2023-05-21;98.93
13008654;1858379231;1er Impayé;2023-05-14;2023-06-06;44.24
13042450;1863207231;1er Impayé;2023-05-14;2023-06-01;68.13
13864418;19806312302;1ere lettre de relance;2023-06-16;2023-06-19;821.54
15104174;21577392303;1ere lettre de relance;2023-06-16;2023-07-04;590.58
15768936;22527052301;1ere lettre de relance;2023-06-16;2023-06-23;98.52
12654062;18077232310;1ere lettre de relance;2023-06-16;2023-07-04;114.43
11127215;15896022380;1ere lettre de relance;2023-06-16;2023-06-28;150.02
15874048;22677212301;1ere lettre de relance;2023-06-16;2023-07-05;1079.13
14980127;21400182313;1ere lettre de relance;2023-06-16;2023-06-27;72.41
15826707;22609582302;1ere lettre de relance;2023-06-16;2023-06-30;329.12
12989922;18557032310;1ere lettre de relance;2023-06-16;2023-06-22;90.19
15510699;22158142301;1ere lettre de relance;2023-06-16;2023-06-26;373.8
15885276;22693252301;1ere lettre de relance;2023-06-16;2023-06-30;112.53
13011307;18587582312;1ere lettre de relance;2023-06-16;2023-07-10;36.66
15400386;22000552303;1ere lettre de relance;2023-06-16;2023-07-03;57.24
8794108;12563012343;1ere lettre de relance;2023-06-16;2023-06-20;239.56
11132325;15903322328;1ere lettre de relance;2023-06-16;2023-06-20;130.47
11079209;15827442314;1ere lettre de relance;2023-06-16;2023-06-19;184.42
14246688;20352412307;1ere lettre de relance;2023-06-16;2023-06-27;58.65
15860454;22657792301;1ere lettre de relance;2023-06-16;2023-06-26;1338.69
4865050;695007232;1er Impayé;2023-07-04;2023-07-20;776.04
4865050;695007232;Mise en demeure;2023-07-21;2023-07-31;791.04
13376889;1910984238;1er Impayé;2023-05-14;2023-06-06;66.94
13398729;1914104237;2ème Impayé;2023-06-15;2023-06-19;182.36
13398729;1914104237;1er Impayé;2023-05-14;2023-06-06;91.18
13486369;1926624238;2ème Impayé;2023-06-15;2023-07-13;207.4
13486369;1926624238;1er Impayé;2023-05-14;2023-06-06;103.7
13486369;1926624238;Mise en demeure;2023-07-14;2023-08-31;533.5
13792584;1970369231;1er Impayé;2023-05-14;2023-06-01;184.28
13793753;1970536233;1er Impayé;2023-05-14;2023-05-30;117.2
13808173;1972596234;2ème Impayé;2023-06-11;2023-07-05;235.72
13808173;1972596234;1er Impayé;2023-05-14;2023-06-01;117.86
13936021;1990860234;1er Impayé;2023-05-14;2023-06-06;66.5
13946115;1992302231;1er Impayé;2023-05-14;2023-06-01;119.7
14348909;2049844231;1er Impayé;2023-05-14;2023-06-06;81.63
14447854;2063979231;1er Impayé;2023-05-14;2023-06-06;37.27
14448869;2064124232;1er Impayé;2023-05-14;2023-06-06;219.5
14461875;2065982232;1er Impayé;2023-05-14;2023-05-16;62.92
14530349;2075764231;1er Impayé;2023-05-14;2023-05-18;132.47
14563109;2080444237;1er Impayé;2023-05-14;2023-06-06;161.97
14565839;2080834232;1er Impayé;2023-05-14;2023-06-06;99.51
14569654;2081379232;1er Impayé;2023-05-14;2023-06-01;83.97
12183214;1740459234;Mise en demeure;2023-04-14;2023-05-18;781.52
12183214;1740459234;1er Impayé;2023-03-07;2023-04-13;191.63
12183214;1740459234;Annonce du contentieux;2023-05-26;2023-06-21;555.52
12183214;1740459234;Suspension de garanties;2023-05-19;2023-05-25;555.52
12737999;1819714231;1er Impayé;2023-03-07;2023-04-03;229.45
12777353;1825336231;1er Impayé;2023-03-07;2023-04-03;38.06
13051536;1864505234;1er Impayé;2023-03-07;2023-04-03;172.56
13877018;1982431231;1er Impayé;2023-03-07;2023-04-03;89.55
14133134;2019019232;1er Impayé;2023-03-07;2023-04-03;117.03
14723493;2103356231;1er Impayé;2023-03-07;2023-03-08;121.02
14723493;2103356231;2ème Impayé;2023-04-06;2023-04-07;363.06
15100863;2157266232;1er Impayé;2023-03-07;2023-04-03;52.41
15273889;2181984233;1er Impayé;2023-03-07;2023-03-08;109.36
15772576;22532252302;1ere lettre de relance;2023-06-16;2023-06-26;57.11
15889567;22699382301;1ere lettre de relance;2023-06-16;2023-06-23;66.93
15528808;22184012306;1ere lettre de relance;2023-06-16;2023-06-30;82.28
3925055;5607222306;1ere lettre de relance;2023-06-16;2023-06-18;18.86
13451306;19216152301;1ere lettre de relance;2023-06-16;2023-07-05;45.16
10444589;14920842320;1ere lettre de relance;2023-08-25;2023-09-03;15.9
15753459;22504942303;1ere lettre de relance;2023-08-25;2023-09-01;584.81
14942614;21346592303;1ere lettre de relance;2023-08-25;2023-09-07;128.32
14942614;21346592303;Mise en demeure;2023-09-08;2023-09-12;143.32
16006593;22866562301;1ere lettre de relance;2023-08-25;2023-09-07;86.97
16006593;22866562301;Mise en demeure;2023-09-08;2023-09-17;101.97
15999761;22856802301;Suspension de garanties;2023-10-13;2023-10-18;208.48
15999761;22856802301;1ere lettre de relance;2023-08-25;2023-09-07;193.48
15999761;22856802301;Mise en demeure;2023-09-08;2023-10-12;208.48
12590355;17986222302;1ere lettre de relance;2023-08-25;2023-09-14;326.46
12590355;17986222302;Mise en demeure;2023-09-15;2023-10-06;161.46
10652440;1521777235;1er Impayé;2023-09-07;2023-09-08;52.28
4404765;629252238;2ème Impayé;2023-10-09;2023-10-26;2177.32
4404765;629252238;1er Impayé;2023-09-10;2023-10-03;544.33
4404765;629252238;Mise en demeure;2023-10-27;2023-11-19;2192.32
6086718;869531235;1er Impayé;2023-09-10;2023-09-29;575.17
10868005;1552572235;1er Impayé;2023-09-10;2023-10-03;202.31
12670232;1810033232;1er Impayé;2023-09-10;2023-10-03;87.16
13260402;1894343232;2ème Impayé;2023-10-09;2023-10-26;695.8
13260402;1894343232;1er Impayé;2023-09-10;2023-10-03;173.95
13260402;1894343232;Mise en demeure;2023-10-27;2023-11-25;710.8
13507740;1929677231;1er Impayé;2023-09-10;2023-10-03;55.14
13507740;1929677231;Mise en demeure;2023-10-27;2023-11-22;235.56
13597669;1942524231;1er Impayé;2023-09-10;2023-10-03;51.75
13507740;1929677231;2ème Impayé;2023-10-10;2023-10-26;220.56
206928;295612306;1ere lettre de relance;2023-11-03;2023-11-19;472.03
8894404;12706292303;1ere lettre de relance;2023-11-03;2023-11-26;369.56
11101014;15858592301;1ere lettre de relance;2023-11-03;;332.32
11460527;16372182301;1ere lettre de relance;2023-11-03;2023-11-28;361.28
11886463;16980662302;1ere lettre de relance;2023-11-03;;65.46
12839296;18341852304;1ere lettre de relance;2023-11-03;;1706.69
13118526;18740752305;1ere lettre de relance;2023-11-03;2023-11-28;726.8
13151048;18787212301;1ere lettre de relance;2023-11-03;;220.16
14521627;20745182301;1ere lettre de relance;2023-11-03;2023-11-07;198.2
14956936;21367052305;1ere lettre de relance;2023-11-03;;230.73
15250579;21786542302;1ere lettre de relance;2023-11-03;;299.22
15560833;22229762304;1ere lettre de relance;2023-11-03;;469.59
15573671;22248102302;1ere lettre de relance;2023-11-03;;61.0
15923153;22747362302;1ere lettre de relance;2023-11-03;;218.98
16059107;22941582302;1ere lettre de relance;2023-11-03;;481.82
15261877;2180268231;Mise en demeure;2023-09-01;2023-10-05;169.38
15261877;2180268231;Suspension de garanties;2023-10-06;2023-10-10;92.19
15261877;2180268231;1er Impayé;2023-08-14;2023-08-31;154.38
15248857;2178408231;1er Impayé;2023-08-14;2023-09-06;80.4
15278985;2182712231;1er Impayé;2023-08-14;2023-09-03;106.4
15310842;2187263232;1er Impayé;2023-08-14;2023-09-05;130.68
15381325;2197332232;1er Impayé;2023-08-14;2023-09-06;55.33
15385511;2197930233;1er Impayé;2023-08-14;2023-11-09;170.98
15419671;2202810231;1er Impayé;2023-08-14;2023-09-06;112.53
15501676;2214525231;1er Impayé;2023-08-14;2023-09-01;86.23
15528948;2218421231;1er Impayé;2023-08-14;2023-09-06;71.44
15538384;2219769231;1er Impayé;2023-08-14;2023-09-01;52.84
15546469;2220924231;1er Impayé;2023-08-14;2023-09-01;126.82
15557837;2222548231;1er Impayé;2023-08-14;2023-09-01;68.14
15605556;2229365231;1er Impayé;2023-08-14;2023-08-15;92.02
15606704;2229529231;1er Impayé;2023-08-14;2023-09-01;51.38
15606704;2229529231;2ème Impayé;2023-09-12;2023-10-11;102.76
15617750;2231107232;1er Impayé;2023-08-14;2023-09-01;46.11
15618268;2231181231;1er Impayé;2023-08-14;2023-09-06;75.22
15625485;2232212231;1er Impayé;2023-08-14;2023-08-24;52.84
15630784;2232969232;1er Impayé;2023-08-14;2023-09-06;75.82
15630875;2232982231;1er Impayé;2023-08-14;2023-08-16;58.87
15655809;2236544231;1er Impayé;2023-08-14;2023-09-01;111.94
15694372;2242053232;1er Impayé;2023-08-14;2023-09-01;67.21
15707525;2243932232;1er Impayé;2023-08-14;2023-09-01;132.09
15714196;2244885231;1er Impayé;2023-08-14;2023-09-01;181.28
15694372;2242053232;2ème Impayé;2023-09-13;2023-10-04;134.42
5742542;820363231;1er Impayé;2023-10-09;2023-11-02;196.51
5742542;820363231;2ème Impayé;2023-11-07;;589.53
5258590;751227234;1er Impayé;2023-10-09;2023-10-18;293.25
5339426;7627752322;1er Impayé;2023-10-09;2023-11-02;156.1
5339426;7627752322;2ème Impayé;2023-11-08;;468.3
5574878;796411231;1er Impayé;2023-10-09;2023-11-02;170.25
5841480;8344972311;1er Impayé;2023-10-09;2023-11-02;1511.43
5912019;844574231;1er Impayé;2023-10-09;2023-11-02;262.26
5912019;844574231;2ème Impayé;2023-11-08;2023-11-22;786.78
7760320;1108617234;1er Impayé;2023-10-09;2023-11-02;72.07
7859139;1122734237;1er Impayé;2023-10-09;2023-11-02;135.8
7908146;1129735232;1er Impayé;2023-10-09;2023-11-02;229.72
7909987;1129998232;1er Impayé;2023-10-09;2023-11-02;208.35
8357847;11939782320;1er Impayé;2023-10-09;2023-11-02;94.54
8357847;11939782320;2ème Impayé;2023-11-08;2023-11-14;283.62
8374101;11963002333;1er Impayé;2023-10-09;2023-10-20;512.52
9125950;1303707232;1er Impayé;2023-10-09;2023-11-02;103.15
9128750;1304107235;1er Impayé;2023-10-09;2023-11-02;252.57
9268785;1324112231;1er Impayé;2023-10-09;2023-11-02;108.88
9355935;1336562231;1er Impayé;2023-10-09;2023-10-26;163.62
9355935;1336562231;Mise en demeure;2023-10-27;2023-11-30;178.62
9404613;1343516231;1er Impayé;2023-10-09;2023-10-10;69.67
9506736;1358105236;1er Impayé;2023-10-09;2023-11-02;121.08
9602797;1371828231;1er Impayé;2023-10-09;2023-11-02;135.95
9602797;1371828231;2ème Impayé;2023-11-08;;407.85
9967595;1423942234;1er Impayé;2023-10-09;2023-11-02;85.52
10122421;1446060231;1er Impayé;2023-10-09;2023-10-26;622.68
10122421;1446060231;Mise en demeure;2023-10-27;2023-11-20;637.68
10185589;1455084235;1er Impayé;2023-10-09;2023-11-02;391.96
10185589;1455084235;2ème Impayé;2023-11-08;2023-11-24;1175.87
10211951;1458850231;1er Impayé;2023-10-09;2023-11-02;140.62
10458225;1494032231;1er Impayé;2023-10-09;2023-11-02;142.17
10647008;1521001231;1er Impayé;2023-10-09;2023-10-24;334.99
10679719;1525674238;1er Impayé;2023-10-09;2023-10-13;122.87
10724330;15320472314;1er Impayé;2023-10-09;2023-11-02;238.75
10958893;1565556232;1er Impayé;2023-10-09;2023-11-02;143.09
10960055;1565722231;1er Impayé;2023-10-09;2023-11-02;777.55
10960055;1565722231;Mise en demeure;2023-11-03;2023-11-23;792.55
11020423;1574346236;1er Impayé;2023-10-09;2023-11-02;197.24
11184692;1597813236;1er Impayé;2023-10-09;2023-10-25;178.68
11206392;1600913231;1er Impayé;2023-10-09;2023-11-02;105.06
11417267;1631038234;1er Impayé;2023-10-09;2023-11-02;54.98
11446786;1635255231;1er Impayé;2023-10-09;2023-11-02;62.28
11446786;1635255231;2ème Impayé;2023-11-08;;186.84
11449047;1635578231;1er Impayé;2023-10-09;2023-10-16;104.31
11608472;1658353231;1er Impayé;2023-10-09;2023-10-13;39.21
14354159;2050594234;1er Impayé;2023-08-13;2023-09-03;82.73
14684153;2097736232;1er Impayé;2023-08-13;2023-09-03;79.75
14788180;2112597232;1er Impayé;2023-08-13;2023-08-20;220.36
14952757;2136108231;1er Impayé;2023-08-13;2023-09-06;73.12
15016870;2145267232;1er Impayé;2023-08-13;2023-09-03;180.39
15039249;2148464231;1er Impayé;2023-08-13;2023-09-03;49.84
15047663;2149666231;1er Impayé;2023-08-13;2023-09-03;283.99
15058520;2151217231;1er Impayé;2023-08-13;2023-09-03;93.01
15073332;2153333231;Mise en demeure;2023-09-01;2023-09-06;158.58
15073332;2153333231;1er Impayé;2023-08-13;2023-08-31;143.58
15089866;2155695234;1er Impayé;2023-08-13;2023-09-03;84.48
15089866;2155695234;2ème Impayé;2023-09-11;2023-09-18;168.96
15194425;2170632231;1er Impayé;2023-08-13;2023-09-03;79.35
15244944;2177849231;1er Impayé;2023-08-13;2023-09-03;165.83
15430367;2204338232;1er Impayé;2023-08-13;2023-09-03;72.89
15473074;2210439232;1er Impayé;2023-08-13;2023-08-31;167.55
15477582;2211083232;1er Impayé;2023-08-13;2023-09-03;111.97
15508424;2215489233;1er Impayé;2023-08-13;2023-09-01;58.41
15572264;2224609232;1er Impayé;2023-08-13;2023-09-01;95.04
15583940;2226277231;1er Impayé;2023-08-13;2023-09-03;109.15
15663495;2237642231;1er Impayé;2023-08-13;2023-09-01;70.57
15767263;2252466231;1er Impayé;2023-08-13;2023-09-01;92.87
15783720;2254817232;1er Impayé;2023-08-13;2023-09-03;206.1
15791994;2255999231;1er Impayé;2023-08-13;2023-08-18;103.64
15807212;2258173231;1er Impayé;2023-08-13;2023-09-07;473.34
15807212;2258173231;Mise en demeure;2023-09-08;2023-09-27;251.67
15823354;2260479232;1er Impayé;2023-08-13;2023-09-01;77.23
15854042;2264863232;1er Impayé;2023-08-13;2023-09-01;125.36
15859411;2265630231;Mise en demeure;2023-09-01;2023-09-11;94.32
15859411;2265630231;1er Impayé;2023-08-13;2023-08-31;169.64
15886403;2269486231;Mise en demeure;2023-09-01;2023-10-05;306.12
15886403;2269486231;Annonce du contentieux;2023-10-13;2023-11-14;155.06
15886403;2269486231;Suspension de garanties;2023-10-06;2023-10-12;155.06
15886403;2269486231;1er Impayé;2023-08-13;2023-08-31;291.12
15341474;2191639231;1er Impayé;2023-10-12;2023-11-02;61.75
15353661;2193380231;1er Impayé;2023-10-12;2023-11-07;67.37
15370258;2195751231;Mise en demeure;2023-10-27;2023-11-30;554.19
15370258;2195751231;1er Impayé;2023-10-12;2023-10-26;539.19
15439481;2205640231;Mise en demeure;2023-10-27;2023-11-30;194.52
15439481;2205640231;1er Impayé;2023-10-12;2023-10-26;179.52
15442421;2206060231;1er Impayé;2023-10-12;2023-11-07;81.47
15442421;2206060231;2ème Impayé;2023-11-14;2023-11-29;244.41
15470897;2210128232;1er Impayé;2023-10-12;2023-11-07;46.68
15518938;2216991231;1er Impayé;2023-10-12;2023-11-03;51.73
15559916;2222845231;Mise en demeure;2023-10-27;2023-11-30;301.53
15559916;2222845231;1er Impayé;2023-10-12;2023-10-26;286.53
15573685;2224812232;1er Impayé;2023-10-12;2023-11-03;124.36
15573685;2224812232;2ème Impayé;2023-11-15;;373.08
15579173;2225596231;1er Impayé;2023-10-12;2023-11-03;45.97
15579173;2225596231;2ème Impayé;2023-11-15;;137.91
15606774;2229539231;1er Impayé;2023-10-12;2023-11-03;49.49
15606774;2229539231;2ème Impayé;2023-11-14;;148.47
15617750;2231107233;1er Impayé;2023-10-12;2023-11-03;46.11
15617750;2231107233;2ème Impayé;2023-11-14;;138.33
15630266;2232895231;Mise en demeure;2023-10-27;;405.44
15630266;2232895231;1er Impayé;2023-10-12;2023-10-26;292.83
15638113;2234016231;1er Impayé;2023-10-12;2023-11-03;67.2
15640808;2234401232;1er Impayé;2023-10-12;2023-10-13;63.75
15658938;2236991232;1er Impayé;2023-10-12;2023-10-13;0.08
15664545;2237792231;1er Impayé;2023-10-12;2023-11-02;46.68
15664657;2237808231;1er Impayé;2023-10-12;2023-11-03;82.49
15671783;2238826232;1er Impayé;2023-10-12;2023-11-02;82.78
15671790;2238827233;1er Impayé;2023-10-12;2023-11-07;103.88
15671790;2238827233;2ème Impayé;2023-11-14;;311.64
15679987;2239998231;1er Impayé;2023-10-12;2023-11-03;85.64
15682507;2240358232;1er Impayé;2023-10-12;2023-11-03;163.44
15682507;2240358232;2ème Impayé;2023-11-14;;490.32
15711746;2244535231;1er Impayé;2023-10-12;2023-11-03;84.07
15714196;2244885232;1er Impayé;2023-10-12;2023-11-03;181.28
15714196;2244885232;2ème Impayé;2023-11-15;;543.84
15716674;2245239231;1er Impayé;2023-10-12;2023-10-13;22.56
15733747;2247678231;2ème Impayé;2023-11-12;;234.26
15733747;2247678231;1er Impayé;2023-10-12;2023-11-07;75.14
15745395;2249342232;1er Impayé;2023-10-12;2023-11-03;72.23
15746074;2249439232;Mise en demeure;2023-10-27;2023-11-30;283.89
15746074;2249439232;1er Impayé;2023-10-12;2023-10-26;268.89
15753585;2250512232;1er Impayé;2023-10-12;2023-11-03;56.37
15761719;2251674231;1er Impayé;2023-10-12;2023-11-03;75.57
15762237;2251748231;1er Impayé;2023-10-12;2023-11-03;66.92
15762783;2251826232;1er Impayé;2023-10-12;2023-10-30;62.51
15766171;2252310231;1er Impayé;2023-10-12;2023-11-03;65.42
15771645;2253092231;1er Impayé;2023-10-12;2023-11-03;52.95
15778869;2254124232;1er Impayé;2023-10-12;2023-10-13;163.57
15778869;2254124232;2ème Impayé;2023-11-14;2023-11-15;327.14
15780563;2254366231;1er Impayé;2023-10-12;2023-11-03;65.54
15780563;2254366231;2ème Impayé;2023-11-14;;196.62
15781074;2254439232;1er Impayé;2023-10-12;2023-11-07;191.5
15781074;2254439232;2ème Impayé;2023-11-14;;574.5
15798469;2256924232;1er Impayé;2023-10-12;2023-11-03;75.77
15798469;2256924232;2ème Impayé;2023-11-14;;227.31
15800660;2257237231;1er Impayé;2023-10-12;2023-11-03;67.11
15801206;2257315232;1er Impayé;2023-10-12;2023-11-03;90.48
15824068;2260581231;1er Impayé;2023-10-12;2023-11-02;121.1
15824873;2260696231;1er Impayé;2023-10-12;2023-11-07;61.75
15826525;2260932233;Mise en demeure;2023-10-27;2023-11-30;121.98
15826525;2260932233;1er Impayé;2023-10-12;2023-10-26;160.47
15829745;2261392231;1er Impayé;2023-10-12;2023-10-26;55.06
15840994;2262999231;2ème Impayé;2023-11-12;;252.72
15840994;2262999231;1er Impayé;2023-10-12;2023-11-03;84.24
15518938;2216991231;2ème Impayé;2023-11-15;;155.19
15824068;2260581231;2ème Impayé;2023-11-08;;348.62
7287330;10410472301;1ere lettre de relance;2023-10-13;2023-10-26;1100.53
7287330;10410472301;Mise en demeure;2023-10-27;2023-11-30;1115.53
15555093;22221562302;1ere lettre de relance;2023-10-13;2023-10-26;386.34
15555093;22221562302;Mise en demeure;2023-10-27;2023-11-08;401.34
15253526;21790752304;1ere lettre de relance;2023-10-13;2023-10-26;815.37
15253526;21790752304;Mise en demeure;2023-10-27;2023-11-30;830.37
15287973;21839962304;1ere lettre de relance;2023-10-13;2023-10-26;1414.68
15287973;21839962304;Mise en demeure;2023-10-27;2023-11-30;1429.68
12726008;18180012308;1ere lettre de relance;2023-10-13;2023-10-26;442.25
12726008;18180012308;Mise en demeure;2023-10-27;2023-11-30;457.25
12326651;17609502304;1ere lettre de relance;2023-10-13;2023-10-26;564.12
12326651;17609502304;Mise en demeure;2023-10-27;2023-11-30;579.12
15309085;21870122301;1ere lettre de relance;2023-10-13;2023-10-26;293.4
15309085;21870122301;Mise en demeure;2023-10-27;2023-11-30;308.4
5141305;7344722321;1ere lettre de relance;2023-10-13;2023-10-26;643.77
5141305;7344722321;Mise en demeure;2023-10-27;2023-11-28;658.77
16009456;22870652301;1ere lettre de relance;2023-10-13;2023-10-26;262.35
16009456;22870652301;Mise en demeure;2023-10-27;2023-11-30;277.35
15452739;22075342302;1ere lettre de relance;2023-10-13;2023-10-26;553.44
15452739;22075342302;Mise en demeure;2023-10-27;2023-11-30;568.44
11622857;16604082301;1ere lettre de relance;2023-10-13;2023-10-26;575.28
11622857;16604082301;Mise en demeure;2023-10-27;2023-11-30;590.28
10999808;15714012310;1ere lettre de relance;2023-10-13;2023-10-26;764.76
10999808;15714012310;Mise en demeure;2023-10-27;2023-11-30;779.76
12972639;18532342304;1ere lettre de relance;2023-10-13;2023-10-26;201.54
12972639;18532342304;Mise en demeure;2023-10-27;2023-11-30;216.54
13810063;19728662303;1ere lettre de relance;2023-10-13;2023-10-26;410.16
13810063;19728662303;Mise en demeure;2023-10-27;2023-11-03;220.08
15193333;21704762302;1ere lettre de relance;2023-10-13;2023-10-16;445.8
10664179;15234542302;1ere lettre de relance;2023-10-13;2023-10-26;62.31
10664179;15234542302;Mise en demeure;2023-10-27;2023-11-06;77.31
15146132;21637332303;1ere lettre de relance;2023-10-13;2023-10-22;490.56
15751072;22501532302;1ere lettre de relance;2023-10-13;2023-10-26;275.48
15751072;22501532302;Mise en demeure;2023-10-27;2023-11-30;290.48
15200928;21715612301;1ere lettre de relance;2023-10-13;2023-10-26;463.4
15200928;21715612301;Mise en demeure;2023-10-27;2023-11-30;478.4
15602441;22289202302;1ere lettre de relance;2023-10-13;2023-10-26;472.24
15602441;22289202302;Mise en demeure;2023-10-27;2023-11-30;487.24
10671858;15245512303;1ere lettre de relance;2023-10-13;2023-10-26;915.3
10671858;15245512303;Mise en demeure;2023-10-27;2023-11-30;930.3
12641525;18059322301;1ere lettre de relance;2023-10-13;2023-10-26;725.08
12641525;18059322301;Mise en demeure;2023-10-27;2023-11-30;740.08
15460166;22085952302;Mise en demeure;2023-10-27;2023-11-30;587.94
3220078;4600112362;Mise en demeure;2023-10-27;2023-11-23;887.46
14602519;20860742308;Mise en demeure;2023-10-27;2023-11-30;534.3
14950552;21357932306;1ere lettre de relance;2023-10-13;2023-10-26;353.28
15460166;22085952302;1ere lettre de relance;2023-10-13;2023-10-26;572.94
3220078;4600112362;1ere lettre de relance;2023-10-13;2023-10-26;872.46
14602519;20860742308;1ere lettre de relance;2023-10-13;2023-10-26;519.3
14950552;21357932306;Mise en demeure;2023-10-27;2023-11-22;368.28
15717059;2245294232;1er Impayé;2023-08-14;2023-09-06;112.91
15738465;2248352231;1er Impayé;2023-08-14;2023-09-01;62.51
15748167;2249738231;Mise en demeure;2023-10-13;2023-10-17;285.85
15748167;2249738231;1er Impayé;2023-08-14;2023-09-01;54.17
15748167;2249738231;2ème Impayé;2023-09-13;2023-10-12;108.34
15766500;2252357231;1er Impayé;2023-08-14;2023-09-06;53.87
15773038;2253291231;1er Impayé;2023-08-14;2023-08-15;92.62
15773038;2253291231;2ème Impayé;2023-09-13;2023-09-25;92.62
15778414;2254059231;1er Impayé;2023-08-14;2023-08-28;73.5
15781074;2254439231;1er Impayé;2023-08-14;2023-09-06;191.5
15783237;2254748231;1er Impayé;2023-08-14;2023-09-01;280.72
15785960;2255137232;1er Impayé;2023-08-14;2023-09-01;82.07
15800387;2257198231;1er Impayé;2023-08-14;2023-09-01;24.49
15800415;2257202231;1er Impayé;2023-08-14;2023-08-29;83.43
15804713;2257816231;Suspension de garanties;2023-11-24;2023-11-30;790.25
15804713;2257816231;Mise en demeure;2023-10-20;2023-11-23;790.25
15804713;2257816231;1er Impayé;2023-08-14;2023-09-01;155.05
15804713;2257816231;2ème Impayé;2023-09-13;2023-10-19;310.1
15807681;2258240231;1er Impayé;2023-08-14;2023-09-01;53.92
15814870;2259267231;1er Impayé;2023-08-14;2023-09-01;326.74
15821660;2260237231;1er Impayé;2023-08-14;2023-08-16;130.81
15821660;2260237231;2ème Impayé;2023-09-13;2023-09-28;130.81
15828331;2261190231;1er Impayé;2023-08-14;2023-09-01;138.78
15831257;2261608231;1er Impayé;2023-08-14;2023-09-01;131.3
15831467;2261638231;1er Impayé;2023-08-14;2023-09-01;55.98
15839622;2262803231;1er Impayé;2023-08-14;2023-08-15;51.96
15854497;2264928231;1er Impayé;2023-08-14;2023-09-06;234.62
15859383;2265626231;1er Impayé;2023-08-14;2023-09-01;87.19
15860202;2265743231;1er Impayé;2023-08-14;2023-09-01;60.88
15871080;2267297231;1er Impayé;2023-08-14;2023-09-01;94.3
15877898;2268271231;1er Impayé;2023-08-14;2023-09-01;145.84
15886074;2269439231;1er Impayé;2023-08-14;2023-09-03;84.08
15891709;2270244231;1er Impayé;2023-08-14;2023-09-06;90.85
15891709;2270244231;2ème Impayé;2023-09-13;2023-09-28;181.7
15893431;2270490231;Mise en demeure;2023-10-13;2023-11-14;472.1
15893431;2270490231;1er Impayé;2023-08-14;2023-09-01;91.42
15893431;2270490231;2ème Impayé;2023-09-07;2023-10-12;182.84
15898954;2271279231;1er Impayé;2023-08-14;2023-09-01;138.44
15925547;2275078231;1er Impayé;2023-08-14;2023-09-01;147.15
15925981;2275140231;Mise en demeure;2023-09-01;2023-09-27;440.92
15925981;2275140231;1er Impayé;2023-08-14;2023-08-31;425.92
15930048;2275721231;1er Impayé;2023-08-14;2023-08-20;66.09
12416335;1773762231;1er Impayé;2023-08-28;2023-09-05;535.4
11681790;1668827234;1er Impayé;2023-10-09;2023-11-02;76.3
11755843;1679406231;1er Impayé;2023-10-09;2023-11-02;206.63
11755843;1679406231;2ème Impayé;2023-11-08;;619.89
11976343;1710906232;1er Impayé;2023-10-09;2023-11-02;91.34
12007227;1715318231;1er Impayé;2023-10-09;2023-11-02;562.32
12041870;1720267233;1er Impayé;2023-10-09;2023-11-02;89.63
12082547;1726078234;1er Impayé;2023-10-09;2023-11-02;310.41
12082547;1726078234;2ème Impayé;2023-11-06;;310.41
12160807;1737258232;1er Impayé;2023-10-09;2023-11-02;156.42
12175675;1739382233;1er Impayé;2023-10-09;2023-11-02;122.63
12316669;1759524231;1er Impayé;2023-10-09;2023-10-12;203.22
12380747;1768678232;1er Impayé;2023-10-09;2023-11-02;168.28
12380747;1768678232;2ème Impayé;2023-11-12;;504.86
12392738;1770391231;1er Impayé;2023-10-09;2023-11-02;53.74
12429754;1775679231;1er Impayé;2023-10-09;2023-11-02;164.67
12437307;1776758232;1er Impayé;2023-10-09;2023-11-02;81.46
12454261;1779180231;1er Impayé;2023-10-09;2023-11-02;62.93
12460778;1780111231;1er Impayé;2023-10-09;2023-11-02;110.1
12549909;1792844231;1er Impayé;2023-10-09;2023-11-02;101.11
12549909;1792844231;2ème Impayé;2023-11-12;;303.33
12649085;1807012231;1er Impayé;2023-10-09;2023-11-02;214.51
12662903;18089862312;1er Impayé;2023-10-09;2023-10-30;65.48
12740890;1820127231;1er Impayé;2023-10-09;2023-10-15;76.14
12843720;1834817233;1er Impayé;2023-10-09;2023-11-02;76.98
12864244;1837749232;1er Impayé;2023-10-09;2023-11-07;117.32
12864244;1837749232;2ème Impayé;2023-11-14;;351.96
12872119;1838874231;1er Impayé;2023-10-09;2023-11-02;82.72
12885272;1840753232;1er Impayé;2023-10-09;2023-11-02;163.07
12885272;1840753232;2ème Impayé;2023-11-08;;489.21
12007227;1715318231;2ème Impayé;2023-11-08;;562.32
12429754;1775679231;2ème Impayé;2023-11-08;;494.04
12970147;1852878231;1er Impayé;2023-10-09;2023-11-02;298.12
13017306;1859615234;1er Impayé;2023-10-09;2023-10-31;55.62
13031145;1861592231;1er Impayé;2023-10-09;2023-11-02;105.06
13031145;1861592231;2ème Impayé;2023-11-08;2023-11-22;315.18
13112387;1873198231;1er Impayé;2023-10-09;2023-11-02;43.09
13120801;1874400231;1er Impayé;2023-10-09;2023-11-02;75.95
13222532;18889332310;1er Impayé;2023-10-09;2023-11-07;315.18
15942501;2277500231;Mise en demeure;2023-09-01;2023-09-21;151.68
15942501;2277500231;1er Impayé;2023-08-13;2023-08-31;136.68
15946106;2278015231;Mise en demeure;2023-09-01;2023-09-05;208.3
15946106;2278015231;1er Impayé;2023-08-13;2023-08-31;193.3
15958139;2279734231;1er Impayé;2023-08-13;2023-09-01;163.44
15970970;2281567231;1er Impayé;2023-08-13;2023-09-01;103.78
15992929;2284704231;1er Impayé;2023-08-13;2023-09-01;81.05
4867535;6953622362;1ere lettre de relance;2023-09-15;2023-10-10;522.74
8725403;12464862345;1ere lettre de relance;2023-09-15;2023-10-05;274.31
14663692;20948132309;1ere lettre de relance;2023-09-15;2023-10-10;176.98
16019837;22885482301;1ere lettre de relance;2023-09-15;2023-09-22;72.94
14773921;21105602301;1ere lettre de relance;2023-09-15;2023-09-28;130.21
11127215;15896022383;1ere lettre de relance;2023-09-15;2023-09-26;150.01
15566930;22238472303;1ere lettre de relance;2023-09-15;2023-09-21;84.18
14980127;21400182316;1ere lettre de relance;2023-09-15;2023-09-20;72.41
15826707;22609582305;1ere lettre de relance;2023-09-15;2023-09-29;246.84
12989922;18557032312;1ere lettre de relance;2023-09-15;2023-09-27;90.19
16002617;22860882301;1ere lettre de relance;2023-09-15;2023-09-26;560.52
15510699;22158142304;1ere lettre de relance;2023-09-15;2023-09-26;124.6
15791994;22559992302;1ere lettre de relance;2023-09-15;2023-09-26;103.64
15144788;21635412301;Mise en demeure;2023-10-13;2023-11-12;594.24
15144788;21635412301;1ere lettre de relance;2023-09-15;2023-10-12;144.81
16013404;22876292301;1ere lettre de relance;2023-09-15;2023-09-29;143.91
14898437;21283482305;1ere lettre de relance;2023-09-15;2023-09-22;28.24
11132325;15903322329;1ere lettre de relance;2023-09-15;2023-09-20;130.46
15501732;22145332304;1ere lettre de relance;2023-09-15;2023-09-19;100.0
14246688;20352412310;1ere lettre de relance;2023-09-15;2023-09-20;58.65
15975471;22822102301;1ere lettre de relance;2023-09-15;2023-09-27;232.26
15502852;22146932305;1ere lettre de relance;2023-09-15;2023-10-13;134.2
13957819;19939742319;1ere lettre de relance;2023-09-15;2023-09-18;112.59
15846594;22637992301;1ere lettre de relance;2023-09-15;2023-09-24;61.49
15528808;22184012309;1ere lettre de relance;2023-09-15;2023-09-29;329.12
14761657;21088082304;1ere lettre de relance;2023-09-15;2023-10-05;45.86
16018528;22883612301;1ere lettre de relance;2023-09-15;2023-09-29;72.42
13561472;19373532305;1ere lettre de relance;2023-09-15;2023-10-10;160.36
15844123;2263446231;Mise en demeure;2023-10-27;2023-11-30;246.33
15844123;2263446231;1er Impayé;2023-10-12;2023-10-26;231.33
15848820;2264117231;1er Impayé;2023-10-12;2023-11-03;123.82
15857731;2265390231;1er Impayé;2023-10-12;2023-10-26;80.01
15860202;2265743232;1er Impayé;2023-10-12;2023-11-03;60.88
15860202;2265743232;2ème Impayé;2023-11-14;;182.64
15871080;2267297232;1er Impayé;2023-10-12;2023-11-03;94.3
15872746;2267535231;Mise en demeure;2023-10-27;2023-11-30;701.07
15872746;2267535231;1er Impayé;2023-10-12;2023-10-26;686.07
15877898;2268271232;1er Impayé;2023-10-12;2023-11-03;145.84
15882728;2268961232;1er Impayé;2023-10-12;2023-11-07;136.89
15882728;2268961232;2ème Impayé;2023-11-14;2023-11-30;410.67
15883428;2269061232;1er Impayé;2023-10-12;2023-11-02;74.02
15913150;2273307232;1er Impayé;2023-10-12;2023-11-02;57.18
15913150;2273307232;2ème Impayé;2023-11-08;;171.54
15943341;2277620231;1er Impayé;2023-10-12;2023-11-03;105.49
15969514;2281359231;Mise en demeure;2023-10-27;2023-11-30;366.71
15979139;2282734231;1er Impayé;2023-10-12;2023-11-03;108.77
15969514;2281359231;1er Impayé;2023-10-12;2023-10-26;351.71
15976346;2282335231;1er Impayé;2023-10-12;2023-11-02;74.91
15979139;2282734231;2ème Impayé;2023-11-09;;326.31
16003037;2286148231;1er Impayé;2023-10-12;2023-11-03;82.39
16005207;2286458231;1er Impayé;2023-10-12;2023-10-26;290.65
16005207;2286458231;Mise en demeure;2023-10-27;2023-11-30;305.65
16007202;2286743231;1er Impayé;2023-10-12;2023-10-19;69.12
16009729;2287104231;1er Impayé;2023-10-12;2023-11-14;122.4
16009729;2287104231;2ème Impayé;2023-11-14;;267.7
16011612;2287373231;1er Impayé;2023-10-12;2023-10-24;841.71
16013572;2287653231;1er Impayé;2023-10-12;2023-10-26;315.71
16013572;2287653231;Mise en demeure;2023-10-27;2023-11-30;330.71
16015119;2287874231;1er Impayé;2023-10-12;2023-10-26;163.54
16015119;2287874231;Mise en demeure;2023-10-27;2023-11-30;178.54
16021433;2288776231;1er Impayé;2023-10-12;2023-11-07;170.59
16031044;2290149231;1er Impayé;2023-10-12;2023-11-02;82.24
16031044;2290149231;2ème Impayé;2023-11-08;;150.12
16033543;2290506231;1er Impayé;2023-10-12;2023-11-02;40.9
16035783;2290826231;1er Impayé;2023-10-12;2023-11-02;98.28
16035783;2290826231;2ème Impayé;2023-11-08;;186.9
16039136;2291305231;1er Impayé;2023-10-12;2023-11-02;206.96
16039136;2291305231;2ème Impayé;2023-11-08;;422.68
16043350;2291907231;1er Impayé;2023-10-12;2023-10-26;243.03
16043350;2291907231;2ème Impayé;2023-11-09;;127.72
16045534;2292219231;1er Impayé;2023-10-12;2023-11-02;127.34
16045954;2292279231;1er Impayé;2023-10-12;2023-11-02;173.8
16045954;2292279231;2ème Impayé;2023-11-08;;391.04
16046108;2292301231;1er Impayé;2023-10-12;2023-11-02;48.97
16047578;2292511231;1er Impayé;2023-10-12;2023-11-03;140.15
16047578;2292511231;2ème Impayé;2023-11-15;;312.33
16051057;2293008231;1er Impayé;2023-10-12;2023-10-13;241.94
16054319;2293474231;1er Impayé;2023-10-12;2023-11-02;235.17
16058330;2294047231;1er Impayé;2023-10-12;2023-10-15;97.69
16058561;2294080231;1er Impayé;2023-10-12;2023-11-03;251.76
16058561;2294080231;2ème Impayé;2023-11-14;;604.1
16058659;2294094231;1er Impayé;2023-10-12;2023-10-27;191.28
16058673;2294096231;1er Impayé;2023-10-12;2023-11-02;238.24
16058673;2294096231;2ème Impayé;2023-11-06;;570.8
16062194;2294599231;1er Impayé;2023-10-12;2023-11-02;100.54
16062194;2294599231;2ème Impayé;2023-11-08;;224.42
16066205;2295172231;1er Impayé;2023-10-12;2023-11-02;179.09
16066205;2295172231;2ème Impayé;2023-11-08;;475.71
15385511;21979302302;1ere lettre de relance;2023-05-26;2023-06-01;136.94
15832678;22618112301;1ere lettre de relance;2023-05-26;2023-06-05;280.66
15644602;22349432302;Mise en demeure;2023-06-09;2023-06-25;56.46
15644602;22349432302;1ere lettre de relance;2023-05-26;2023-06-08;41.46
15864395;22663422301;Mise en demeure;2023-06-09;2023-07-13;895.18
15864395;22663422301;1ere lettre de relance;2023-05-26;2023-06-08;880.18
14980127;21400182312;1ere lettre de relance;2023-05-26;2023-06-04;72.41
282353;403362337;1ere lettre de relance;2023-05-26;2023-06-07;203.85
3220078;4600112361;Mise en demeure;2023-06-09;2023-06-18;45.0
3220078;4600112361;1ere lettre de relance;2023-05-26;2023-06-08;30.0
15687645;22410922301;1ere lettre de relance;2023-05-26;2023-06-02;167.58
15864066;22662952301;Mise en demeure;2023-06-09;2023-06-15;128.22
15864066;22662952301;1ere lettre de relance;2023-05-26;2023-06-08;113.22
5946228;8494612382;Mise en demeure;2023-06-09;2023-07-13;45.0
5946228;8494612382;En recouvrement;2023-07-30;2023-08-08;854.28
5946228;8494612382;Annonce du contentieux;2023-07-21;2023-07-29;45.0
5946228;8494612382;Suspension de garanties;2023-07-14;2023-07-20;45.0
15678776;22398252301;Mise en demeure;2023-06-09;2023-07-13;67.36
15678776;22398252301;En recouvrement;2023-07-30;2023-08-27;381.52
15678776;22398252301;Annonce du contentieux;2023-07-21;2023-07-29;67.36
15678776;22398252301;Suspension de garanties;2023-07-14;2023-07-20;67.36
5946228;8494612382;1ere lettre de relance;2023-05-26;2023-06-08;30.0
15678776;22398252301;1ere lettre de relance;2023-05-26;2023-06-08;52.36
14246688;20352412306;1ere lettre de relance;2023-05-26;2023-06-04;58.65
15753459;22504942301;1ere lettre de relance;2023-05-26;2023-06-02;274.55
14222237;20317482302;1ere lettre de relance;2023-05-26;2023-06-08;127.94
14222237;20317482302;Mise en demeure;2023-06-09;2023-06-29;248.1
14310514;20443592304;1ere lettre de relance;2023-05-26;2023-06-07;187.18
15791000;22558572301;1ere lettre de relance;2023-05-26;2023-06-07;221.75
12675923;18108462301;1ere lettre de relance;2023-05-26;;150.3
13179818;18828312306;1ere lettre de relance;2023-10-13;2023-10-26;1020.18
13179818;18828312306;Mise en demeure;2023-10-27;2023-11-27;1035.18
12019141;17170202314;1ere lettre de relance;2023-10-13;2023-10-26;329.82
12019141;17170202314;Mise en demeure;2023-10-27;2023-11-30;344.82
15681317;22401882302;1ere lettre de relance;2023-10-13;2023-10-26;339.06
15681317;22401882302;Mise en demeure;2023-10-27;2023-11-30;354.06
14745578;21065112304;1ere lettre de relance;2023-10-13;2023-10-26;341.4
14745578;21065112304;Mise en demeure;2023-10-27;2023-11-30;356.4
15878157;22683082302;1ere lettre de relance;2023-10-13;2023-10-26;747.41
15878157;22683082302;Mise en demeure;2023-10-27;2023-11-30;762.41
15385966;21979952305;1ere lettre de relance;2023-10-13;2023-10-26;448.98
15385966;21979952305;Mise en demeure;2023-10-27;2023-11-30;888.96
14077365;20110522310;1ere lettre de relance;2023-10-13;2023-10-26;135.28
14077365;20110522310;Mise en demeure;2023-10-27;2023-11-30;150.28
13056968;18652812301;1ere lettre de relance;2023-10-13;2023-10-26;899.97
13056968;18652812301;Mise en demeure;2023-10-27;2023-11-30;914.97
15049854;21499792301;1ere lettre de relance;2023-10-13;2023-10-26;366.76
15049854;21499792301;Mise en demeure;2023-10-27;2023-11-30;381.76
13482330;19260472308;1ere lettre de relance;2023-10-13;2023-10-26;161.22
13482330;19260472308;Mise en demeure;2023-10-27;2023-11-03;161.22
12749857;18214082307;1ere lettre de relance;2023-10-13;2023-10-26;322.5
12749857;18214082307;Mise en demeure;2023-10-27;2023-11-30;337.5
16038933;22912762301;1ere lettre de relance;2023-10-13;;337.43
13627755;19468222301;1ere lettre de relance;2023-10-13;;235.4
12187470;17410672306;1ere lettre de relance;2023-10-13;2023-10-26;606.18
12187470;17410672306;Mise en demeure;2023-10-27;2023-11-30;621.18
10444260;14920372303;1ere lettre de relance;2023-10-13;2023-10-26;2596.1
10444260;14920372303;Mise en demeure;2023-10-27;2023-11-30;2611.1
14079850;20114072302;1ere lettre de relance;2023-10-13;2023-10-26;327.61
14079850;20114072302;Mise en demeure;2023-10-27;2023-11-30;342.61
15632919;22332742303;1ere lettre de relance;2023-10-13;2023-10-26;961.09
15632919;22332742303;Mise en demeure;2023-10-27;2023-11-30;976.09
277355;396222333;1ere lettre de relance;2023-10-13;2023-10-26;697.26
277355;396222333;Mise en demeure;2023-10-27;2023-11-06;712.26
11362569;16232242307;1ere lettre de relance;2023-10-13;2023-10-26;492.6
11362569;16232242307;Mise en demeure;2023-10-27;2023-11-30;507.6
15660982;22372832302;1ere lettre de relance;2023-10-13;2023-10-26;457.86
15660982;22372832302;Mise en demeure;2023-10-27;2023-11-30;472.86
15320278;21886112303;1ere lettre de relance;2023-10-13;2023-10-26;676.74
15320278;21886112303;Mise en demeure;2023-10-27;2023-11-30;691.74
13937043;19910062305;1ere lettre de relance;2023-10-13;2023-10-26;137.24
13937043;19910062305;Mise en demeure;2023-10-27;2023-11-30;152.24
14377826;20539752301;1ere lettre de relance;2023-10-13;2023-10-26;292.2
14377826;20539752301;Mise en demeure;2023-10-27;2023-11-30;307.2
3932930;5618472369;1ere lettre de relance;2023-10-13;2023-10-26;1050.96
3932930;5618472369;Mise en demeure;2023-10-27;2023-11-03;1065.96
15045766;21493952304;1ere lettre de relance;2023-10-13;2023-11-02;593.81
15045766;21493952304;Mise en demeure;2023-11-03;2023-11-17;319.71
13428528;19183612308;1ere lettre de relance;2023-10-13;2023-10-26;500.16
13428528;19183612308;Mise en demeure;2023-10-27;2023-11-13;515.16
15705264;22436092303;1ere lettre de relance;2023-10-13;2023-10-26;161.22
15705264;22436092303;Mise en demeure;2023-10-27;2023-11-21;161.22
14632535;2090362234;1er Impayé;2023-09-18;2023-10-05;192.06
15166250;2166607234;1er Impayé;2023-09-18;2023-10-07;108.6
15300006;2185715234;1er Impayé;2023-09-18;2023-10-05;163.7
15569016;2224145231;1er Impayé;2023-09-18;2023-09-29;49.49
15592172;2227453231;1er Impayé;2023-09-18;2023-10-05;113.24
15710752;2244393231;1er Impayé;2023-09-18;2023-09-29;140.95
16001560;2285937231;1er Impayé;2023-09-18;2023-09-29;163.19
16023876;2289125231;1er Impayé;2023-09-18;2023-09-29;268.2
15937104;2276729231;1er Impayé;2023-08-14;2023-09-01;130.13
15937104;2276729231;2ème Impayé;2023-09-07;2023-09-13;249.26
15949865;2278552231;1er Impayé;2023-08-14;2023-09-01;223.8
15951594;2278799231;1er Impayé;2023-08-14;2023-08-15;138.8
15951594;2278799231;2ème Impayé;2023-09-07;2023-09-17;72.03
15951629;2278804231;1er Impayé;2023-08-14;2023-09-29;349.93
15955465;2279352231;1er Impayé;2023-08-14;2023-09-01;84.94
15955465;2279352231;2ème Impayé;2023-09-07;2023-09-10;135.58
15960603;2280086231;1er Impayé;2023-08-14;2023-09-01;208.01
15960603;2280086231;2ème Impayé;2023-09-24;2023-10-09;327.78
15964089;2280584231;1er Impayé;2023-08-14;2023-09-29;134.11
15969031;2281290231;1er Impayé;2023-08-14;2023-09-01;74.26
15969150;2281307231;1er Impayé;2023-08-14;2023-09-01;131.74
15970795;2281542231;1er Impayé;2023-08-14;2023-08-22;131.76
15971327;2281618231;1er Impayé;2023-08-14;2023-09-01;99.73
15975975;2282282231;2ème Impayé;2023-10-22;2023-11-09;575.72
15975975;2282282231;1er Impayé;2023-08-14;2023-09-01;318.6
15975975;2282282231;Mise en demeure;2023-11-10;;719.28
15981148;2283021231;1er Impayé;2023-08-14;2023-08-28;100.41
15981372;2283053231;1er Impayé;2023-08-14;2023-09-01;94.33
15982891;2283270231;Mise en demeure;2023-09-01;2023-09-13;137.51
15982891;2283270231;1er Impayé;2023-08-14;2023-08-31;122.51
7377182;10538832317;Mise en demeure;2023-10-27;2023-11-30;682.36
7377182;10538832317;2ème Impayé;2023-10-08;2023-10-26;667.36
7377182;10538832317;1er Impayé;2023-09-12;2023-10-03;166.84
12068008;1724001232;Mise en demeure;2023-10-27;2023-11-30;424.68
12068008;1724001232;1er Impayé;2023-09-12;2023-10-05;102.42
12068008;1724001232;2ème Impayé;2023-10-10;2023-10-26;409.68
13418609;1916944233;Mise en demeure;2023-10-27;2023-11-07;157.36
13418609;1916944233;2ème Impayé;2023-10-12;2023-10-26;284.72
13418609;1916944233;1er Impayé;2023-09-12;2023-10-03;71.18
13798002;1971143233;1er Impayé;2023-09-12;2023-09-13;130.66
13946549;1992364231;1er Impayé;2023-09-12;2023-10-03;75.72
14024424;2003489231;1er Impayé;2023-09-12;2023-09-29;214.1
14179054;2025579233;1er Impayé;2023-09-12;2023-09-13;68.83
14379933;2054276231;1er Impayé;2023-09-12;2023-10-03;98.02
14698965;2099852231;1er Impayé;2023-09-12;2023-10-03;75.21
14924498;2132071232;1er Impayé;2023-09-12;2023-09-14;167.92
15371553;2195936232;Mise en demeure;2023-10-27;2023-11-30;315.76
15371553;2195936232;1er Impayé;2023-09-12;2023-10-05;75.19
15371553;2195936232;2ème Impayé;2023-10-11;2023-10-26;300.76
15427469;2203924232;1er Impayé;2023-09-12;2023-09-14;103.82
15612633;2230376233;1er Impayé;2023-09-12;2023-09-19;85.2
15644105;2234872233;1er Impayé;2023-09-12;2023-10-03;174.07
15653772;2236253232;1er Impayé;2023-09-12;2023-09-15;15.0
15664678;2237811231;Mise en demeure;2023-10-27;2023-11-30;242.3
15664678;2237811231;1er Impayé;2023-09-12;2023-09-15;113.65
15664678;2237811231;2ème Impayé;2023-10-11;2023-10-26;340.94
15683368;2240481231;1er Impayé;2023-09-12;2023-09-29;164.43
15699167;2242738231;1er Impayé;2023-09-12;2023-09-29;156.91
15710437;2244348231;1er Impayé;2023-09-12;2023-09-29;60.69
15716282;2245183232;Mise en demeure;2023-10-27;2023-11-27;445.92
15716282;2245183232;1er Impayé;2023-09-12;2023-09-22;158.64
15716282;2245183232;2ème Impayé;2023-10-11;2023-10-26;430.92
15769447;2252778233;Mise en demeure;2023-10-27;2023-11-07;432.72
15769447;2252778233;1er Impayé;2023-09-12;2023-10-05;139.24
15769447;2252778233;2ème Impayé;2023-10-11;2023-10-26;417.72
15789887;2255698231;1er Impayé;2023-09-12;2023-09-20;46.78
15837109;2262444231;1er Impayé;2023-09-12;2023-09-20;44.12
15843794;2263399231;Mise en demeure;2023-10-13;2023-10-16;419.24
15843794;2263399231;1er Impayé;2023-09-12;2023-10-12;109.31
15845845;2263692231;1er Impayé;2023-09-12;2023-09-13;116.59
15855008;2265001231;Mise en demeure;2023-10-27;2023-11-14;543.12
15855008;2265001231;1er Impayé;2023-09-12;2023-09-15;176.04
15855008;2265001231;2ème Impayé;2023-10-11;2023-10-26;528.12
15923447;2274778231;1er Impayé;2023-09-12;2023-09-30;117.87
15225358;2175051231;1er Impayé;2023-02-19;2023-02-24;87.91
15617260;2231037231;1er Impayé;2023-02-19;2023-03-02;219.45
15669865;2238552231;1er Impayé;2023-02-19;2023-03-09;149.68
15669865;2238552231;Mise en demeure;2023-03-10;2023-03-17;164.68
15452739;2207534231;1er Impayé;2023-05-23;2023-06-08;195.48
15452739;2207534231;Mise en demeure;2023-06-09;2023-07-03;210.48
15751072;2250153231;1er Impayé;2023-05-23;2023-06-08;176.95
15751072;2250153231;Mise en demeure;2023-06-09;2023-07-13;80.12
15751072;2250153231;Suspension de garanties;2023-07-14;2023-07-16;80.12
13364247;1909178235;1er Impayé;2023-10-09;2023-11-02;105.46
13370267;1910038239;1er Impayé;2023-10-09;2023-10-13;220.72
13370267;1910038239;2ème Impayé;2023-11-09;;662.15
13371317;1910188238;1er Impayé;2023-10-09;2023-11-02;144.57
13395817;1913688234;1er Impayé;2023-10-09;2023-11-02;100.4
13416229;1916604238;1er Impayé;2023-10-09;2023-10-11;292.5
13416229;1916604238;Mise en demeure;2023-10-27;2023-11-30;453.0
13416229;1916604238;2ème Impayé;2023-10-11;2023-10-26;438.0
13446049;1920864233;1er Impayé;2023-10-09;2023-11-02;79.48
13544987;1934998232;1er Impayé;2023-10-09;2023-11-02;82.26
13544987;1934998232;2ème Impayé;2023-11-08;;246.78
13567191;1938170233;1er Impayé;2023-10-09;2023-10-13;92.92
13584327;1940618232;1er Impayé;2023-10-09;2023-11-02;168.5
13637506;1948215231;1er Impayé;2023-10-09;2023-11-02;106.36
13812373;1973196231;1er Impayé;2023-10-09;2023-11-02;119.5
13835389;1976484233;1er Impayé;2023-10-09;2023-11-02;121.8
13842025;1977432239;1er Impayé;2023-10-09;2023-11-02;76.23
13932038;1990291232;1er Impayé;2023-10-09;2023-11-02;94.22
7860609;11229442381;1ere lettre de relance;2023-09-15;2023-10-08;182.82
15315518;21879312302;1ere lettre de relance;2023-09-15;2023-09-22;47.43
13867407;19810582303;Mise en demeure;2023-10-13;2023-11-10;135.84
13867407;19810582303;1ere lettre de relance;2023-09-15;2023-10-12;60.4
7254143;1036306231;1er Impayé;2023-03-06;2023-03-15;168.79
13584327;1940618232;2ème Impayé;2023-11-08;;505.5
13637506;1948215231;2ème Impayé;2023-11-08;;319.08
13932038;1990291232;2ème Impayé;2023-11-08;;282.66
8574462;1224923237;1er Impayé;2023-03-06;2023-04-16;531.37
10219588;1459941231;1er Impayé;2023-03-06;2023-03-13;78.26
12744404;1820629233;1er Impayé;2023-03-06;2023-03-14;85.89
14080193;2011456231;Mise en demeure;2023-04-14;2023-05-10;342.08
14080193;2011456231;1er Impayé;2023-03-06;2023-04-13;81.77
16074010;2296287231;1er Impayé;2023-10-12;2023-10-26;193.61
16074010;2296287231;Mise en demeure;2023-10-27;2023-11-30;208.61
16074150;2296307231;1er Impayé;2023-10-12;2023-11-03;70.4
16078217;2296888231;1er Impayé;2023-10-12;2023-10-26;213.78
16078217;2296888231;Mise en demeure;2023-10-27;2023-11-30;228.78
12167954;1738279236;1er Impayé;2023-11-21;2023-11-22;192.75
13525170;19321672312;1er Impayé;2023-11-21;;160.24
14081712;2011673233;1er Impayé;2023-11-21;2023-11-22;46.65
14090490;2012927236;1er Impayé;2023-11-21;2023-11-22;104.98
15142107;2163158231;1er Impayé;2023-11-21;;117.7
16162343;2308906231;1er Impayé;2023-11-21;2023-11-30;58.31
15492744;22132492302;Mise en demeure;2023-05-12;2023-05-23;214.23
15492744;22132492302;1ere lettre de relance;2023-05-02;2023-05-11;199.23
14855625;21222322301;Mise en demeure;2023-05-12;2023-06-04;282.58
14855625;21222322301;1ere lettre de relance;2023-05-02;2023-05-11;267.58
15166250;21666072302;Mise en demeure;2023-05-12;2023-06-11;232.2
15166250;21666072302;1ere lettre de relance;2023-05-02;2023-05-11;325.8
15798700;22569572301;1ere lettre de relance;2023-05-02;2023-05-08;233.73
8037422;11482032319;1ere lettre de relance;2023-05-02;2023-05-10;697.41
8574462;12249232308;Annonce du contentieux;2023-06-23;2023-07-06;15.01
8574462;12249232308;Mise en demeure;2023-05-12;2023-06-15;1609.11
8574462;12249232308;Suspension de garanties;2023-06-16;2023-06-22;15.01
8574462;12249232308;1ere lettre de relance;2023-05-02;2023-05-11;1594.11
14369811;20528302306;Suspension de garanties;2023-06-16;2023-06-22;201.08
14369811;20528302306;Annonce du contentieux;2023-06-23;2023-07-29;201.08
14369811;20528302306;Mise en demeure;2023-05-12;2023-06-15;201.08
14369811;20528302306;1ere lettre de relance;2023-05-02;2023-05-11;186.08
14369811;20528302306;En recouvrement;2023-07-30;2023-10-01;558.24
282353;403362336;1ere lettre de relance;2023-05-02;2023-05-05;203.85
15414876;22021252302;Mise en demeure;2023-05-12;2023-05-16;105.3
15414876;22021252302;1ere lettre de relance;2023-05-02;2023-05-11;105.3
15521087;22172982301;1ere lettre de relance;2023-05-02;2023-05-10;330.48
12698624;18140892301;Mise en demeure;2023-05-12;2023-05-23;161.22
12698624;18140892301;1ere lettre de relance;2023-05-02;2023-05-11;161.22
15780213;22543162301;1ere lettre de relance;2023-05-02;2023-05-03;449.18
15166110;21665872303;Mise en demeure;2023-05-12;2023-06-08;182.41
15166110;21665872303;1ere lettre de relance;2023-05-02;2023-05-11;334.83
14586258;20837512301;Mise en demeure;2023-05-12;2023-05-26;196.4
14586258;20837512301;1ere lettre de relance;2023-05-02;2023-05-11;181.4
10444589;14920842319;1ere lettre de relance;2023-05-02;2023-05-10;15.9
15695835;22422622302;1ere lettre de relance;2023-05-02;2023-05-24;365.32
4550134;6500192304;1ere lettre de relance;2023-10-13;2023-10-26;786.04
4550134;6500192304;Mise en demeure;2023-10-27;2023-11-30;801.04
4672592;6675132322;1ere lettre de relance;2023-10-13;2023-11-02;1998.48
14736667;21052382303;1ere lettre de relance;2023-10-13;2023-10-26;445.74
14736667;21052382303;Mise en demeure;2023-10-27;2023-11-30;460.74
15844060;22634372302;1ere lettre de relance;2023-10-13;2023-10-26;161.22
15844060;22634372302;Mise en demeure;2023-10-27;2023-11-30;161.22
15460341;22086202302;1ere lettre de relance;2023-10-13;2023-11-09;338.82
15460341;22086202302;Mise en demeure;2023-11-10;;231.81
15037205;21481722302;1ere lettre de relance;2023-10-13;2023-10-26;295.36
15037205;21481722302;Mise en demeure;2023-10-27;2023-11-30;236.52
12141039;1734434232;1er Impayé;2023-10-22;2023-11-09;408.09
12141039;1734434232;Mise en demeure;2023-11-10;;423.09
14120107;2017158234;1er Impayé;2023-10-22;2023-11-09;274.74
14120107;2017158234;Mise en demeure;2023-11-10;;289.74
15668038;2238291231;1er Impayé;2023-10-22;2023-11-09;267.18
15668038;2238291231;Mise en demeure;2023-11-10;2023-11-19;282.18
15958447;2279778231;1er Impayé;2023-10-22;2023-11-09;374.96
15958447;2279778231;Mise en demeure;2023-11-10;;511.28
16068221;2295460231;1er Impayé;2023-10-22;;259.54
16091888;2298841231;1er Impayé;2023-10-22;2023-11-06;77.11
16091888;2298841231;2ème Impayé;2023-11-06;;282.11
16103046;2300435231;1er Impayé;2023-10-22;2023-10-27;14.15
16103046;2300435231;2ème Impayé;2023-11-06;;55.95
14408703;2058386235;1er Impayé;2023-10-25;2023-11-14;371.68
14408703;2058386235;2ème Impayé;2023-11-23;;557.52
14939205;2134172232;1er Impayé;2023-10-25;2023-11-09;206.7
15077784;2153969234;1er Impayé;2023-10-25;2023-11-09;205.53
15077784;2153969234;Mise en demeure;2023-11-10;;220.53
15281001;2183000232;1er Impayé;2023-10-25;2023-11-09;659.88
15281001;2183000232;Mise en demeure;2023-11-10;;674.88
15427938;2203991231;1er Impayé;2023-11-21;;166.9
9783460;1397637232;1er Impayé;2023-02-27;2023-03-14;58.05
12953200;1850457231;1er Impayé;2023-02-27;2023-03-14;92.81
12953200;1850457231;2ème Impayé;2023-03-22;2023-04-03;185.62
14361586;2051655232;1er Impayé;2023-02-27;2023-03-14;66.56
4376065;625152231;1er Impayé;2023-06-11;2023-07-03;232.21
7859139;1122734236;1er Impayé;2023-06-11;2023-07-03;135.8
8675192;12393132313;1er Impayé;2023-06-11;2023-06-17;143.94
9048250;1292607233;1er Impayé;2023-06-11;2023-07-03;66.62
9054109;1293444233;1er Impayé;2023-06-11;2023-07-03;269.07
9212652;1316093231;1er Impayé;2023-06-11;2023-06-19;214.75
9483951;13548502316;1er Impayé;2023-06-11;2023-07-03;225.44
10202872;1457553231;1er Impayé;2023-06-11;2023-07-03;59.61
10716497;1530928233;1er Impayé;2023-06-11;2023-07-03;37.58
11473316;1639045231;1er Impayé;2023-06-11;2023-07-03;76.84
11595641;1656520234;1er Impayé;2023-06-11;2023-07-03;152.79
11787175;1683882233;1er Impayé;2023-06-11;2023-07-03;81.22
12031993;1718856235;1er Impayé;2023-06-11;2023-07-03;191.72
12200931;1742990237;1er Impayé;2023-06-11;2023-06-12;104.56
12227230;1746747233;1er Impayé;2023-06-11;2023-06-18;124.09
12354952;1764993231;1er Impayé;2023-06-11;2023-06-30;105.06
12426660;1775237232;1er Impayé;2023-06-11;2023-06-12;82.58
12605846;1800835231;1er Impayé;2023-06-11;2023-07-03;169.5
12624942;1803563231;1er Impayé;2023-06-11;2023-07-03;118.35
12649358;1807051233;1er Impayé;2023-06-11;2023-07-03;70.81
12649358;1807051233;Suspension de garanties;2023-09-01;2023-09-07;298.24
12649358;1807051233;Mise en demeure;2023-07-28;2023-08-31;298.24
12649358;1807051233;2ème Impayé;2023-07-09;2023-07-27;283.24
12649358;1807051233;Annonce du contentieux;2023-09-08;2023-10-01;298.24
12732168;1818881231;1er Impayé;2023-06-11;2023-07-03;61.1
12740477;1820068231;1er Impayé;2023-06-11;2023-07-03;76.84
12954838;1850691234;1er Impayé;2023-06-11;2023-07-03;72.53
13001577;1857368231;1er Impayé;2023-06-11;2023-06-20;182.89
13305825;1900832235;1er Impayé;2023-06-11;2023-07-05;109.21
13498612;1928373231;1er Impayé;2023-06-11;2023-07-03;140.05
13555557;1936508232;1er Impayé;2023-06-11;2023-07-03;91.89
13581303;1940186234;1er Impayé;2023-06-11;2023-07-03;156.74
13639298;1948471231;1er Impayé;2023-06-11;2023-07-03;179.73
13997936;1999705231;1er Impayé;2023-10-09;2023-11-02;212.03
13997936;1999705231;2ème Impayé;2023-11-08;;636.09
14052074;2007439231;1er Impayé;2023-10-09;2023-10-26;126.61
14052074;2007439231;Mise en demeure;2023-10-27;2023-10-29;394.83
14071898;2010271231;1er Impayé;2023-10-09;2023-11-02;96.99
14081915;2011702231;1er Impayé;2023-10-09;2023-11-02;144.37
14081915;2011702231;2ème Impayé;2023-11-08;;433.11
14090497;2012928234;1er Impayé;2023-10-09;2023-11-02;39.06
14107682;2015383231;1er Impayé;2023-10-09;2023-11-02;133.11
14189057;2027008231;1er Impayé;2023-10-09;2023-10-12;52.73
14217309;2031044233;1er Impayé;2023-10-09;2023-10-17;137.65
14240066;2034295233;1er Impayé;2023-10-09;2023-11-02;46.71
14290179;2041454231;1er Impayé;2023-10-09;2023-11-02;255.38
14290179;2041454231;2ème Impayé;2023-11-08;;766.11
14325648;2046521231;1er Impayé;2023-10-09;2023-11-02;86.82
14325648;2046521231;2ème Impayé;2023-11-08;;260.46
14328882;2046983231;1er Impayé;2023-10-09;2023-11-02;66.8
14328882;2046983231;2ème Impayé;2023-11-08;;200.4
14347607;2049658232;1er Impayé;2023-10-09;2023-11-02;74.61
14367613;2052516232;1er Impayé;2023-10-09;2023-11-02;105.89
14378974;2054139231;1er Impayé;2023-10-09;2023-11-02;60.48
14432153;2061736234;1er Impayé;2023-10-09;2023-11-02;77.01
14432153;2061736234;2ème Impayé;2023-11-08;;231.03
14444088;2063441233;1er Impayé;2023-10-09;2023-11-02;91.21
14464458;2066351233;1er Impayé;2023-10-09;2023-11-02;164.71
14468091;2066870231;1er Impayé;2023-10-09;2023-11-02;79.56
14469540;2067077233;1er Impayé;2023-10-09;2023-11-02;135.78
14469540;2067077233;2ème Impayé;2023-11-09;;407.34
14470688;2067241231;1er Impayé;2023-10-09;2023-11-02;76.21
14470688;2067241231;2ème Impayé;2023-11-13;;228.63
14477982;2068283231;1er Impayé;2023-10-09;2023-10-13;43.92
14502013;2071716232;1er Impayé;2023-10-09;2023-11-02;218.78
14528970;2075567232;1er Impayé;2023-10-09;2023-11-02;168.5
14533128;2076161238;1er Impayé;2023-10-09;2023-11-02;64.81
14534668;2076381231;1er Impayé;2023-10-09;2023-11-02;147.36
14543978;2077711231;1er Impayé;2023-10-09;2023-10-23;21.32
14543978;2077711231;2ème Impayé;2023-11-08;2023-11-28;42.64
14528970;2075567232;2ème Impayé;2023-11-08;2023-11-19;505.5
14559378;2079911231;1er Impayé;2023-10-09;2023-11-02;40.64
14587294;2083899233;1er Impayé;2023-10-09;2023-11-02;304.96
14604143;2086306231;1er Impayé;2023-10-09;2023-10-13;84.16
14678616;2096945235;1er Impayé;2023-10-09;2023-10-12;146.8
14683369;2097624235;1er Impayé;2023-10-09;2023-11-02;64.02
14716122;2102303236;1er Impayé;2023-10-09;2023-10-26;237.27
14716122;2102303236;Mise en demeure;2023-10-27;2023-10-30;252.27
14718411;2102630231;1er Impayé;2023-10-09;2023-10-13;95.52
14722030;2103147232;1er Impayé;2023-10-09;2023-11-02;84.45
14736884;2105269231;1er Impayé;2023-10-09;2023-10-13;144.05
14761650;2108807231;1er Impayé;2023-10-09;2023-11-02;139.56
14783028;2111861231;1er Impayé;2023-10-09;2023-11-02;23.04
14842017;2120288233;1er Impayé;2023-10-09;2023-11-08;181.98
14842017;2120288233;2ème Impayé;2023-11-08;;181.98
15284424;2183489231;Mise en demeure;2023-04-14;2023-04-24;839.0
15284424;2183489231;1er Impayé;2023-03-06;2023-04-13;206.0
15493451;2213350231;2ème Impayé;2023-04-05;2023-04-20;194.19
15493451;2213350231;1er Impayé;2023-03-06;2023-03-10;64.73
15493451;2213350231;Mise en demeure;2023-04-21;2023-05-09;209.19
15493549;2213364232;2ème Impayé;2023-04-05;2023-04-20;158.1
15493549;2213364232;1er Impayé;2023-03-06;2023-03-10;105.4
15493549;2213364232;Mise en demeure;2023-04-21;2023-05-01;173.1
15432712;2204673232;1er Impayé;2023-10-01;2023-10-05;155.62
8235550;1176507231;1er Impayé;2023-11-12;2023-11-13;51.25
8700196;1242885232;1er Impayé;2023-11-12;;217.76
9105958;1300851233;1er Impayé;2023-11-12;;57.03
9212652;1316093232;1er Impayé;2023-11-12;;214.75
9828414;1404059232;1er Impayé;2023-11-12;2023-11-17;271.21
9833398;1404771238;1er Impayé;2023-11-12;;605.76
9988112;1426873234;1er Impayé;2023-11-12;;159.14
10449545;1492792235;1er Impayé;2023-11-12;;142.0
10787372;1541053233;1er Impayé;2023-11-12;2023-11-13;292.31
11010770;1572967231;1er Impayé;2023-11-12;;108.4
11011953;1573136231;1er Impayé;2023-11-12;;144.06
11280249;1611464234;1er Impayé;2023-11-12;2023-11-26;370.54
11497354;1642479235;1er Impayé;2023-11-12;;62.23
12021612;1717373231;1er Impayé;2023-11-12;;52.57
12190949;17415642310;1er Impayé;2023-11-12;;59.56
12258947;1751278231;1er Impayé;2023-11-12;;134.38
12354952;1764993232;1er Impayé;2023-11-12;2023-11-23;105.06
12641560;1805937231;1er Impayé;2023-11-12;;57.81
13158440;1879777232;1er Impayé;2023-11-12;;52.98
13184879;1883554233;1er Impayé;2023-11-12;;229.97
13597893;1942556234;1er Impayé;2023-11-12;;90.22
13655335;1950762232;1er Impayé;2023-11-12;;201.88
13888974;1984139233;1er Impayé;2023-11-12;;45.43
14030493;2004356234;1er Impayé;2023-11-12;;131.2
14206956;2029565231;1er Impayé;2023-11-12;;234.4
14369755;2052822231;1er Impayé;2023-11-12;;237.84
14402746;2057535233;1er Impayé;2023-11-12;;160.66
14436199;2062314232;1er Impayé;2023-11-12;2023-11-15;23.44
14447497;2063928231;1er Impayé;2023-11-12;;90.42
12542419;17917742308;Mise en demeure;2023-05-12;2023-06-15;38.78
12542419;17917742308;Suspension de garanties;2023-06-16;2023-06-21;38.78
12542419;17917742308;1ere lettre de relance;2023-05-02;2023-05-11;23.78
15821555;22602222301;Suspension de garanties;2023-06-23;2023-07-04;233.09
15821555;22602222301;Mise en demeure;2023-05-12;2023-06-22;233.09
15821555;22602222301;1ere lettre de relance;2023-05-02;2023-05-11;218.09
13561472;19373532304;Suspension de garanties;2023-06-16;2023-06-22;160.36
13561472;19373532304;Annonce du contentieux;2023-06-23;2023-08-24;160.36
13561472;19373532304;Mise en demeure;2023-05-12;2023-06-15;220.28
13561472;19373532304;1ere lettre de relance;2023-05-02;2023-05-11;365.66
15516075;22165822302;Mise en demeure;2023-05-12;2023-06-11;197.64
15516075;22165822302;1ere lettre de relance;2023-05-02;2023-05-11;182.64
5576474;7966392302;Mise en demeure;2023-06-09;2023-06-12;158.34
5576474;7966392302;1ere lettre de relance;2023-05-26;2023-06-08;143.34
4323166;6175952367;1ere lettre de relance;2023-05-26;2023-06-11;15.6
7655530;1093647233;1er Impayé;2023-09-06;2023-10-03;109.75
9721958;1388851233;2ème Impayé;2023-10-08;2023-10-18;225.18
9721958;1388851233;1er Impayé;2023-09-06;2023-09-07;75.06
12515238;1787891237;1er Impayé;2023-09-06;2023-09-07;111.08
13902596;1986085231;1er Impayé;2023-06-11;2023-07-03;105.06
13902596;1986085231;2ème Impayé;2023-07-11;2023-07-27;420.24
13902596;1986085231;Mise en demeure;2023-07-28;2023-08-17;435.24
13927243;1989606233;1er Impayé;2023-06-11;2023-07-03;58.32
13971567;1995938233;1er Impayé;2023-06-11;2023-07-03;35.86
14035232;2005033231;1er Impayé;2023-06-11;2023-07-03;84.77
14209728;2029961231;1er Impayé;2023-06-11;2023-06-13;59.53
14356070;2050867231;1er Impayé;2023-06-11;2023-07-03;182.92
14412175;2058882232;1er Impayé;2023-06-11;2023-07-03;99.54
14694611;2099230231;1er Impayé;2023-06-11;2023-07-03;63.17
14707568;2101081231;1er Impayé;2023-06-11;2023-07-03;93.41
14718845;2102692231;1er Impayé;2023-06-11;2023-07-03;117.77
14765934;2109419231;1er Impayé;2023-06-11;2023-07-05;138.25
14773256;2110465231;1er Impayé;2023-06-11;2023-07-03;101.41
14793346;2113335232;1er Impayé;2023-06-11;2023-06-13;47.28
14880853;2125836231;1er Impayé;2023-06-11;2023-07-03;158.42
14914145;2130592231;1er Impayé;2023-06-11;2023-07-03;43.74
14923112;2131873232;1er Impayé;2023-06-11;2023-07-03;152.87
14929384;2132769232;1er Impayé;2023-06-11;2023-07-03;222.68
14942614;2134659232;1er Impayé;2023-06-11;2023-07-12;48.08
14956110;2136587231;1er Impayé;2023-06-11;2023-07-03;53.74
14989374;2141339232;1er Impayé;2023-06-11;2023-07-03;79.23
15016870;2145267231;1er Impayé;2023-06-11;2023-07-03;180.41
15034636;2147805231;1er Impayé;2023-06-11;2023-07-03;72.33
15034636;2147805231;2ème Impayé;2023-07-11;2023-07-19;289.32
15083804;2154829231;1er Impayé;2023-06-11;2023-06-13;44.08
15085533;2155076232;1er Impayé;2023-06-11;2023-07-03;74.11
15089866;2155695233;1er Impayé;2023-06-11;2023-07-03;84.48
15093898;2156271231;1er Impayé;2023-06-11;2023-07-03;69.73
15101374;2157339231;1er Impayé;2023-06-11;2023-07-03;77.9
15108871;2158410231;1er Impayé;2023-06-11;2023-07-03;69.21
15135296;2162185233;1er Impayé;2023-06-11;2023-07-03;67.48
15144102;2163443231;1er Impayé;2023-06-11;2023-07-03;64.85
15186333;2169476231;1er Impayé;2023-06-11;2023-07-05;108.7
15194649;2170664231;1er Impayé;2023-06-11;2023-07-03;44.39
15194649;2170664231;Mise en demeure;2023-07-28;2023-08-07;192.56
15194649;2170664231;2ème Impayé;2023-07-11;2023-07-27;177.56
15197673;2171096231;1er Impayé;2023-06-11;2023-07-03;122.18
15200242;2171463231;1er Impayé;2023-06-11;2023-07-03;79.18
15210644;2172949231;1er Impayé;2023-06-11;2023-07-03;100.57
15223538;2174791231;1er Impayé;2023-06-11;2023-07-03;70.4
15223636;2174805231;1er Impayé;2023-06-11;2023-07-03;94.71
14875239;2125034231;1er Impayé;2023-10-09;2023-11-14;66.03
14884213;2126316231;1er Impayé;2023-10-09;2023-11-02;52.89
14908755;2129822233;1er Impayé;2023-10-09;2023-11-02;85.22
14913354;2130479232;1er Impayé;2023-10-09;2023-11-02;175.51
14931330;2133047232;1er Impayé;2023-10-09;2023-10-11;55.06
14971720;2138817235;1er Impayé;2023-10-09;2023-10-26;72.35
14980148;2140021232;1er Impayé;2023-10-09;2023-11-02;21.47
14984929;2140704235;1er Impayé;2023-10-09;2023-11-02;68.76
15014056;2144865234;1er Impayé;2023-10-09;2023-11-02;126.08
15019502;2145643233;1er Impayé;2023-10-09;2023-10-10;277.8
15022715;2146102231;1er Impayé;2023-10-09;2023-11-02;133.57
14980148;2140021232;2ème Impayé;2023-11-08;;64.41
15014056;2144865234;2ème Impayé;2023-11-08;;378.24
15031269;2147324232;1er Impayé;2023-10-09;2023-11-02;69.73
15045556;2149365231;1er Impayé;2023-10-09;2023-10-24;62.91
15046361;2149480232;1er Impayé;2023-10-09;2023-11-02;54.24
15070112;2152873231;1er Impayé;2023-10-09;2023-10-15;80.0
15070707;2152958231;1er Impayé;2023-10-09;2023-11-02;99.18
15081739;2154534233;1er Impayé;2023-10-09;2023-11-02;62.78
15082922;2154703233;1er Impayé;2023-10-09;2023-11-02;66.64
15084280;2154897232;1er Impayé;2023-10-09;2023-11-02;67.08
15084280;2154897232;2ème Impayé;2023-11-09;;201.24
15085113;2155016232;1er Impayé;2023-10-09;2023-10-13;108.71
15101948;2157421232;1er Impayé;2023-10-09;2023-11-02;29.83
15108717;2158388231;1er Impayé;2023-10-09;2023-11-02;75.69
15114254;2159179233;1er Impayé;2023-10-09;2023-10-13;182.14
15114254;2159179233;2ème Impayé;2023-11-08;;364.28
15123760;2160537232;1er Impayé;2023-10-09;2023-11-02;110.99
15123760;2160537232;2ème Impayé;2023-11-08;2023-11-09;332.97
15142443;2163206231;1er Impayé;2023-10-09;2023-11-07;317.22
15154378;2164911231;1er Impayé;2023-10-09;2023-11-02;70.95
15183281;2169040231;1er Impayé;2023-10-09;2023-11-02;147.4
15203812;2171973233;1er Impayé;2023-10-09;2023-11-02;53.74
15235522;2176503232;1er Impayé;2023-10-09;2023-11-02;56.1
15244867;2177838232;1er Impayé;2023-10-09;2023-10-22;151.6
15250369;2178624232;1er Impayé;2023-10-09;2023-11-07;57.46
15272020;2181717233;1er Impayé;2023-10-09;2023-11-02;39.7
15272020;2181717233;2ème Impayé;2023-11-09;;119.1
15283829;2183404231;1er Impayé;2023-10-09;2023-11-02;121.43
15303163;2186166234;1er Impayé;2023-10-09;2023-11-02;119.0
15309204;2187029231;1er Impayé;2023-10-09;2023-11-02;114.62
15327341;2189620231;1er Impayé;2023-10-09;2023-11-02;44.02
15327341;2189620231;2ème Impayé;2023-11-08;;132.06
15330127;2190018231;1er Impayé;2023-10-09;2023-11-02;103.89
15337813;2191116231;1er Impayé;2023-10-09;2023-11-02;89.56
15337813;2191116231;2ème Impayé;2023-11-09;;268.68
15339437;2191348233;1er Impayé;2023-10-09;2023-11-02;98.03
15339437;2191348233;2ème Impayé;2023-11-08;;294.09
15346171;2192310232;1er Impayé;2023-10-09;2023-11-02;291.48
15346171;2192310232;2ème Impayé;2023-11-08;;874.44
15367710;2195387235;1er Impayé;2023-10-09;2023-11-02;81.07
15370643;2195806231;1er Impayé;2023-10-09;2023-11-02;77.31
15399182;2199883231;1er Impayé;2023-10-09;2023-10-13;29.25
15399399;2199914232;1er Impayé;2023-10-09;2023-11-02;104.36
15419657;2202808231;1er Impayé;2023-10-09;2023-11-02;58.22
15421596;2203085231;1er Impayé;2023-10-09;2023-11-02;271.32
15423521;2203360231;1er Impayé;2023-10-09;2023-10-16;98.51
9042489;1291784231;Suspension de garanties;2023-11-24;2023-11-30;724.17
9042489;1291784231;Mise en demeure;2023-10-20;2023-11-23;724.17
9042489;1291784231;1er Impayé;2023-10-04;2023-10-19;709.17
15629461;2232780231;Suspension de garanties;2023-11-24;2023-11-30;272.16
15629461;2232780231;Mise en demeure;2023-10-20;2023-11-23;272.16
15629461;2232780231;1er Impayé;2023-10-04;2023-10-19;257.16
15982261;2283180231;Mise en demeure;2023-10-20;2023-11-23;194.24
15982261;2283180231;Suspension de garanties;2023-11-24;2023-11-30;239.05
15982261;2283180231;1er Impayé;2023-10-04;2023-10-19;179.24
16023841;2289120231;1er Impayé;2023-10-04;;393.92
8207382;1172483234;1er Impayé;2023-10-10;2023-10-13;96.33
15399399;2199914232;2ème Impayé;2023-11-08;;313.08
7382061;10545802333;2ème Impayé;2023-11-09;;1190.93
7382061;10545802333;1er Impayé;2023-10-10;2023-11-02;1190.93
10208773;1458396231;1er Impayé;2023-10-10;2023-10-11;377.38
15037443;2148206232;1er Impayé;2023-03-16;2023-04-05;104.16
15329567;2189938231;1er Impayé;2023-03-16;2023-04-05;132.08
15329567;2189938231;2ème Impayé;2023-04-17;2023-05-01;528.32
15329567;2189938231;Mise en demeure;2023-05-02;2023-06-30;543.32
15375627;2196518233;1er Impayé;2023-03-16;2023-03-19;32.0
15396620;2199517231;1er Impayé;2023-03-16;2023-04-05;96.9
15552552;2221793231;1er Impayé;2023-03-16;2023-03-27;138.82
15576744;2225249231;1er Impayé;2023-03-16;2023-03-31;193.95
15636139;2233734231;1er Impayé;2023-03-16;2023-03-31;62.66
15636139;2233734231;2ème Impayé;2023-04-17;2023-05-01;250.64
15636139;2233734231;Annonce du contentieux;2023-06-09;2023-06-14;265.64
15636139;2233734231;Mise en demeure;2023-05-02;2023-06-01;265.64
15636139;2233734231;Suspension de garanties;2023-06-02;2023-06-08;265.64
15646275;2235182231;1er Impayé;2023-03-16;2023-03-31;85.29
15646870;2235267231;1er Impayé;2023-03-16;2023-03-31;82.17
15718851;2245550231;2ème Impayé;2023-04-11;2023-05-02;194.61
15718851;2245550231;1er Impayé;2023-03-16;2023-03-19;69.6
15721532;2245933231;1er Impayé;2023-03-16;2023-03-31;80.56
15559881;2222840232;1er Impayé;2023-04-03;2023-04-11;359.16
14475063;2067866231;1er Impayé;2023-11-12;;166.58
14506479;2072354232;1er Impayé;2023-11-12;2023-11-26;70.3
14519688;2074241231;1er Impayé;2023-11-12;2023-11-13;147.56
14571285;2081612231;1er Impayé;2023-11-12;;89.21
13189688;1884241231;1er Impayé;2023-09-06;2023-09-22;76.84
13190059;1884294231;1er Impayé;2023-09-06;2023-10-05;82.28
13980030;1997147232;Mise en demeure;2023-10-13;2023-11-16;322.36
13980030;1997147232;1er Impayé;2023-09-06;2023-10-12;76.84
14730444;2104349231;Mise en demeure;2023-10-13;2023-11-30;261.92
14730444;2104349231;1er Impayé;2023-09-06;2023-10-12;61.73
14816600;2116657231;1er Impayé;2023-09-06;2023-10-03;46.31
14922286;2131755232;Mise en demeure;2023-10-13;2023-11-27;715.24
14922286;2131755232;1er Impayé;2023-09-06;2023-10-12;175.06
14993154;2141879231;1er Impayé;2023-09-06;2023-10-05;99.26
15050428;2150061231;Annonce du contentieux;2023-11-24;2023-11-30;265.96
15050428;2150061231;Suspension de garanties;2023-11-17;2023-11-23;265.96
15050428;2150061231;Mise en demeure;2023-10-13;2023-11-16;265.96
15050428;2150061231;1er Impayé;2023-09-06;2023-10-12;62.74
15059430;2151347234;2ème Impayé;2023-10-08;2023-10-26;666.32
15059430;2151347234;Mise en demeure;2023-10-27;2023-11-30;681.32
15059430;2151347234;1er Impayé;2023-09-06;2023-10-03;166.58
15209937;2172848231;1er Impayé;2023-09-06;2023-09-14;130.02
15250159;2178594231;1er Impayé;2023-09-06;2023-10-03;104.38
15305550;2186507232;1er Impayé;2023-09-06;2023-10-03;141.71
15409976;2201425231;2ème Impayé;2023-10-08;2023-10-26;235.72
15409976;2201425231;Mise en demeure;2023-10-27;2023-11-30;250.72
15409976;2201425231;1er Impayé;2023-09-06;2023-10-03;58.93
15502516;2214645231;1er Impayé;2023-09-06;2023-09-08;19.36
15682199;2240314231;1er Impayé;2023-09-06;2023-09-29;127.62
15791385;2255912231;1er Impayé;2023-09-06;2023-09-29;234.16
15819532;2259933231;2ème Impayé;2023-10-08;2023-10-27;495.12
15819532;2259933231;1er Impayé;2023-09-06;2023-09-29;123.78
15828387;2261198231;1er Impayé;2023-09-06;2023-09-07;85.41
15854469;2264924231;2ème Impayé;2023-10-08;2023-10-26;268.08
15854469;2264924231;Mise en demeure;2023-10-27;2023-11-30;283.08
15854469;2264924231;1er Impayé;2023-09-06;2023-09-29;67.02
15864423;2266346231;2ème Impayé;2023-11-13;;218.01
15864423;2266346231;1er Impayé;2023-09-06;2023-09-10;72.67
15875007;2267858231;Mise en demeure;2023-10-13;2023-11-09;293.36
15875007;2267858231;1er Impayé;2023-09-06;2023-10-12;69.59
15875651;2267950231;1er Impayé;2023-09-06;2023-09-29;109.29
15881972;2268853232;1er Impayé;2023-09-06;2023-10-10;58.31
15889609;2269944231;2ème Impayé;2023-10-08;2023-10-26;626.61
15889609;2269944231;Mise en demeure;2023-10-27;2023-11-02;641.61
15889609;2269944231;1er Impayé;2023-09-06;2023-09-08;208.87
15898667;2271238231;1er Impayé;2023-09-06;2023-09-29;56.31
15906591;2272370232;1er Impayé;2023-09-06;2023-09-29;82.5
15906878;2272411232;1er Impayé;2023-09-06;2023-09-29;65.51
15964383;2280626231;1er Impayé;2023-09-06;2023-09-29;129.48
15969143;2281306231;1er Impayé;2023-09-06;2023-09-29;68.62
15979489;2282784231;1er Impayé;2023-09-06;2023-10-10;125.4
15997486;2285355231;2ème Impayé;2023-10-08;2023-10-26;474.52
15997486;2285355231;Mise en demeure;2023-10-27;2023-11-30;489.52
15997486;2285355231;1er Impayé;2023-09-06;2023-09-29;118.63
15272797;2181828231;1er Impayé;2023-06-11;2023-07-03;84.7
15279832;2182833231;1er Impayé;2023-06-11;2023-07-03;595.49
15279832;2182833231;2ème Impayé;2023-07-11;2023-08-01;1388.85
15291795;2184542231;1er Impayé;2023-06-11;2023-07-03;63.29
15292152;2184593231;1er Impayé;2023-06-11;2023-07-03;85.48
15314727;2187818231;1er Impayé;2023-06-11;2023-07-03;82.28
15396536;2199505231;1er Impayé;2023-06-11;2023-07-03;85.6
15416682;2202383231;1er Impayé;2023-06-11;2023-07-03;61.13
15432327;2204618231;1er Impayé;2023-06-11;2023-07-03;83.07
15434574;2204939232;1er Impayé;2023-06-11;2023-06-19;66.25
15442330;2206047231;1er Impayé;2023-06-11;2023-07-03;87.58
15442330;2206047231;Suspension de garanties;2023-09-01;2023-09-06;190.16
15442330;2206047231;Mise en demeure;2023-07-28;2023-08-31;190.16
15442330;2206047231;2ème Impayé;2023-07-09;2023-07-27;350.32
15510174;2215739231;1er Impayé;2023-06-11;2023-06-19;156.47
15519491;2217070231;1er Impayé;2023-06-11;2023-07-09;70.35
15520814;2217259231;1er Impayé;2023-06-11;2023-06-30;94.12
15546056;2220865231;1er Impayé;2023-06-11;2023-06-30;140.26
15548436;2221205231;1er Impayé;2023-06-11;2023-06-30;62.49
15548436;2221205231;Mise en demeure;2023-07-28;2023-08-10;264.96
15548436;2221205231;2ème Impayé;2023-07-10;2023-07-27;249.96
15550515;2221502231;1er Impayé;2023-06-11;2023-06-30;85.47
15558418;2222631232;1er Impayé;2023-06-11;2023-07-03;36.55
15558418;2222631232;Suspension de garanties;2023-09-01;2023-09-07;161.2
15558418;2222631232;Mise en demeure;2023-07-28;2023-08-31;161.2
15558418;2222631232;2ème Impayé;2023-07-11;2023-07-27;146.2
15558418;2222631232;Annonce du contentieux;2023-09-08;2023-09-15;161.2
15564718;2223531231;1er Impayé;2023-06-11;2023-06-30;54.37
15593922;2227703232;1er Impayé;2023-06-11;2023-07-28;237.62
15640850;2234407231;1er Impayé;2023-06-11;2023-06-30;100.84
15668332;2238333231;1er Impayé;2023-06-11;2023-06-30;133.14
15772415;2253202231;1er Impayé;2023-06-11;2023-06-30;51.31
15776986;2253855231;1er Impayé;2023-06-11;2023-06-30;112.33
15776986;2253855231;Suspension de garanties;2023-08-25;2023-08-29;464.32
15776986;2253855231;2ème Impayé;2023-07-06;2023-07-20;449.32
15776986;2253855231;Mise en demeure;2023-07-21;2023-08-24;464.32
15820218;2260031231;1er Impayé;2023-06-11;2023-06-21;72.54
15820939;2260134231;1er Impayé;2023-06-11;2023-06-30;178.36
15842555;2263222231;1er Impayé;2023-06-11;2023-07-05;184.1
16008553;2286936231;Mise en demeure;2023-10-27;2023-11-30;828.28
16008553;2286936231;1er Impayé;2023-09-12;2023-09-29;295.12
16008553;2286936231;2ème Impayé;2023-10-11;2023-10-26;813.28
16014769;2287824231;1er Impayé;2023-09-12;2023-09-29;159.92
16015350;2287907231;Mise en demeure;2023-10-13;;256.51
16015350;2287907231;1er Impayé;2023-09-12;2023-10-12;85.45
16015560;2287937231;Mise en demeure;2023-10-20;2023-11-23;441.64
16015560;2287937231;Suspension de garanties;2023-11-24;2023-11-30;441.64
16015560;2287937231;2ème Impayé;2023-10-05;2023-10-19;426.64
16015560;2287937231;1er Impayé;2023-09-12;2023-09-29;129.31
16022665;2288952231;1er Impayé;2023-09-12;2023-10-15;74.22
15442456;2206065231;1er Impayé;2023-10-09;2023-11-02;79.24
15445900;2206557231;1er Impayé;2023-10-09;2023-11-02;128.91
15445900;2206557231;2ème Impayé;2023-11-08;;386.73
15447811;2206830233;1er Impayé;2023-10-09;2023-11-02;68.29
15453712;2207673231;1er Impayé;2023-10-09;2023-11-02;85.0
15456533;2208076232;1er Impayé;2023-10-09;2023-11-02;71.63
15456533;2208076232;2ème Impayé;2023-11-08;2023-11-22;214.89
15462861;2208980231;1er Impayé;2023-10-09;2023-11-02;114.82
15466067;2209438233;1er Impayé;2023-10-09;2023-10-12;59.53
15484162;2212023231;1er Impayé;2023-10-09;2023-11-02;261.96
15484162;2212023231;Mise en demeure;2023-11-03;;276.96
15485184;2212169232;1er Impayé;2023-10-09;2023-11-02;106.1
15489286;2212755232;1er Impayé;2023-10-09;2023-11-02;59.16
15506583;2215226231;1er Impayé;2023-10-09;2023-11-02;80.35
15509390;2215627231;1er Impayé;2023-10-09;2023-11-02;79.95
15509964;2215709233;1er Impayé;2023-10-09;2023-10-26;459.45
15509964;2215709233;Mise en demeure;2023-10-27;2023-11-30;321.3
15523089;2217584232;1er Impayé;2023-10-09;2023-11-02;89.66
15529081;2218440233;1er Impayé;2023-10-09;2023-10-10;85.76
15529991;2218570231;1er Impayé;2023-10-09;2023-11-02;69.97
15529991;2218570231;2ème Impayé;2023-11-08;2023-11-09;209.91
15535395;2219342231;1er Impayé;2023-10-09;2023-11-02;121.2
15535458;2219351231;1er Impayé;2023-10-09;2023-11-02;91.32
15535458;2219351231;2ème Impayé;2023-11-08;;273.96
15552139;2221734231;1er Impayé;2023-10-09;2023-11-02;85.6
15552139;2221734231;2ème Impayé;2023-11-08;2023-11-24;256.8
15555135;2222162232;1er Impayé;2023-10-09;2023-10-26;214.44
15555135;2222162232;Mise en demeure;2023-10-27;;229.44
15557235;2222462231;1er Impayé;2023-10-09;2023-11-02;129.86
15561428;2223061231;1er Impayé;2023-10-09;2023-11-02;158.36
15578354;2225479231;1er Impayé;2023-10-09;2023-11-02;158.43
15583709;2226244231;1er Impayé;2023-10-09;2023-11-02;69.46
15602868;2228981231;1er Impayé;2023-10-09;2023-11-03;181.44
15604436;2229205231;1er Impayé;2023-10-09;2023-11-02;87.07
15605969;2229424232;1er Impayé;2023-10-09;2023-11-02;113.1
15605969;2229424232;2ème Impayé;2023-11-08;;339.3
15617127;2231018234;1er Impayé;2023-10-09;2023-11-02;103.45
15617127;2231018234;2ème Impayé;2023-11-08;;310.35
15624869;2232124233;1er Impayé;2023-10-09;2023-10-26;394.11
15624869;2232124233;Mise en demeure;2023-10-27;2023-11-13;409.11
15637147;2233878231;1er Impayé;2023-10-09;2023-11-02;78.85
15637147;2233878231;2ème Impayé;2023-11-08;;236.55
15640731;2234390231;1er Impayé;2023-10-09;2023-11-02;112.43
15643447;2234778234;1er Impayé;2023-10-09;2023-11-02;126.96
15660884;2237269231;1er Impayé;2023-10-09;2023-10-10;35.39
15660954;2237279231;1er Impayé;2023-10-09;2023-11-02;93.08
15672525;2238932232;1er Impayé;2023-10-09;2023-10-11;164.99
15687981;2241140232;1er Impayé;2023-10-09;2023-11-02;51.73
15690235;2241462231;1er Impayé;2023-10-09;2023-11-02;80.93
15696759;2242394233;1er Impayé;2023-10-09;2023-11-02;62.87
15697032;2242433233;1er Impayé;2023-10-09;2023-11-02;66.63
15704277;2243468231;1er Impayé;2023-10-09;2023-10-12;328.92
15714077;2244868231;1er Impayé;2023-10-09;2023-11-02;91.66
15715113;2245016232;1er Impayé;2023-10-09;2023-10-13;68.86
15716534;2245219231;1er Impayé;2023-10-09;2023-11-02;76.93
15716534;2245219231;2ème Impayé;2023-11-08;;230.79
15717703;2245386232;1er Impayé;2023-10-09;2023-10-13;66.92
15719432;2245633231;1er Impayé;2023-10-09;2023-11-02;67.04
15731045;2247292232;1er Impayé;2023-10-09;2023-11-02;155.71
15731045;2247292232;2ème Impayé;2023-11-08;2023-11-11;467.13
15105077;2157868231;1er Impayé;2023-06-14;2023-07-05;142.7
15114268;2159181231;1er Impayé;2023-06-14;2023-07-05;100.94
15198366;2171195232;1er Impayé;2023-06-14;2023-07-05;125.39
15198366;2171195232;Suspension de garanties;2023-09-01;2023-09-07;516.56
15198366;2171195232;En recouvrement;2023-10-24;2023-11-02;892.73
15198366;2171195232;Mise en demeure;2023-07-28;2023-08-31;516.56
15198366;2171195232;Annonce du contentieux;2023-09-08;2023-10-23;516.56
15198366;2171195232;2ème Impayé;2023-07-10;2023-07-27;501.56
15261072;2180153231;1er Impayé;2023-06-14;2023-07-05;98.01
15371553;2195936231;1er Impayé;2023-06-14;2023-07-05;75.19
15384629;2197804231;1er Impayé;2023-06-14;2023-07-13;57.32
15384629;2197804231;Mise en demeure;2023-07-14;2023-08-03;244.28
15385938;2197991232;1er Impayé;2023-06-14;2023-07-05;125.81
15559797;2222828231;1er Impayé;2023-06-14;2023-07-05;75.61
15559797;2222828231;Mise en demeure;2023-07-28;2023-08-09;180.44
15559797;2222828231;2ème Impayé;2023-07-11;2023-07-27;302.44
15572404;2224629231;1er Impayé;2023-06-14;2023-06-30;71.58
15572404;2224629231;Mise en demeure;2023-07-28;2023-08-08;301.32
15572404;2224629231;2ème Impayé;2023-07-11;2023-07-27;286.32
15595896;2227985231;1er Impayé;2023-06-14;2023-06-30;57.36
15630861;2232980231;1er Impayé;2023-06-14;2023-06-30;128.9
15669025;2238432231;1er Impayé;2023-06-14;2023-06-21;63.92
15689045;2241292231;1er Impayé;2023-06-14;2023-06-22;134.99
15691852;2241693231;1er Impayé;2023-06-14;2023-06-30;126.38
15718774;2245539231;1er Impayé;2023-06-14;2023-07-13;93.97
15718774;2245539231;Suspension de garanties;2023-08-18;2023-08-24;375.67
15718774;2245539231;Annonce du contentieux;2023-08-25;2023-10-17;375.67
15718774;2245539231;Mise en demeure;2023-07-14;2023-08-17;375.67
15723149;2246164231;1er Impayé;2023-06-14;2023-06-30;118.83
15757848;2251121231;1er Impayé;2023-06-14;2023-06-30;70.54
10647568;1521081231;1er Impayé;2023-10-10;2023-11-02;99.41
11369562;1624223234;1er Impayé;2023-10-10;2023-10-11;115.95
11657997;1665428232;1er Impayé;2023-10-10;2023-11-02;98.89
12208421;1744060231;2ème Impayé;2023-11-08;;277.5
12208421;1744060231;1er Impayé;2023-10-10;2023-11-02;92.5
12680543;1811506231;1er Impayé;2023-10-10;2023-11-02;72.09
13231905;1890272231;1er Impayé;2023-10-10;2023-11-02;158.74
13869045;1981292231;1er Impayé;2023-10-10;2023-10-11;85.64
13876199;1982314232;2ème Impayé;2023-11-09;;573.84
13876199;1982314232;1er Impayé;2023-10-10;2023-11-02;191.28
13974920;1996417231;2ème Impayé;2023-11-09;;269.16
13974920;1996417231;1er Impayé;2023-10-10;2023-11-02;89.72
14280855;2040122234;Mise en demeure;2023-10-27;2023-11-12;153.27
14280855;2040122234;1er Impayé;2023-10-10;2023-10-26;138.27
14302079;2043154231;Mise en demeure;2023-10-27;2023-11-30;290.04
14302079;2043154231;1er Impayé;2023-10-10;2023-10-26;275.04
14473166;2067595231;Mise en demeure;2023-10-27;2023-11-12;661.71
14473166;2067595231;1er Impayé;2023-10-10;2023-10-26;646.71
14608245;2086892231;Mise en demeure;2023-10-27;2023-11-30;87.18
14608245;2086892231;1er Impayé;2023-10-10;2023-10-26;72.18
16022665;2288952231;2ème Impayé;2023-11-07;2023-11-17;122.5
15506583;2215226231;2ème Impayé;2023-11-07;;241.05
15714077;2244868231;2ème Impayé;2023-11-07;;274.98
14777687;2111098231;2ème Impayé;2023-11-09;2023-11-22;266.74
14777687;2111098231;1er Impayé;2023-10-10;2023-10-11;133.37
14899886;2128555231;1er Impayé;2023-10-10;2023-10-24;66.43
14930511;2132930232;2ème Impayé;2023-11-08;;376.68
14930511;2132930232;1er Impayé;2023-10-10;2023-11-02;125.56
14932429;2133204233;2ème Impayé;2023-11-09;;291.39
14932429;2133204233;1er Impayé;2023-10-10;2023-11-02;97.13
15023149;2146164231;1er Impayé;2023-10-10;2023-10-29;229.62
15055720;2150817231;2ème Impayé;2023-11-07;2023-11-09;447.42
15055720;2150817231;1er Impayé;2023-10-10;2023-10-11;223.71
15080696;2154385233;1er Impayé;2023-10-10;2023-11-02;68.14
15206941;2172420231;1er Impayé;2023-10-10;2023-11-02;35.79
15250684;2178669231;Mise en demeure;2023-10-27;2023-11-30;629.61
15250684;2178669231;1er Impayé;2023-10-10;2023-10-26;614.61
15304710;2186387235;Mise en demeure;2023-10-27;2023-11-13;183.09
15304710;2186387235;1er Impayé;2023-10-10;2023-10-26;168.09
14590507;2084358235;1er Impayé;2023-11-12;;82.31
14684741;2097820232;1er Impayé;2023-11-12;2023-11-13;164.46
14728967;2104138231;1er Impayé;2023-11-12;2023-11-13;81.55
14743821;2106260231;1er Impayé;2023-11-12;2023-11-16;305.96
14793346;2113335233;1er Impayé;2023-11-12;2023-11-13;47.28
14914642;2130663231;1er Impayé;2023-11-12;;94.52
14968731;2138390232;1er Impayé;2023-11-12;;104.72
15018963;2145566231;1er Impayé;2023-11-12;2023-11-17;40.64
15193564;2170509231;1er Impayé;2023-11-12;;81.95
15193711;2170530231;1er Impayé;2023-11-12;;105.9
15198849;2171264233;1er Impayé;2023-11-12;;34.21
15212821;2173260232;1er Impayé;2023-11-12;;82.94
15222803;2174686232;1er Impayé;2023-11-12;;163.83
15249508;2178501232;1er Impayé;2023-11-12;;199.3
15272797;2181828232;1er Impayé;2023-11-12;;84.7
15326991;2189570231;1er Impayé;2023-11-12;2023-11-28;63.51
15336994;2190999231;1er Impayé;2023-11-12;;204.12
15349706;2192815231;1er Impayé;2023-11-12;;130.12
15389326;2198475235;1er Impayé;2023-11-12;;213.58
15444136;2206305231;1er Impayé;2023-11-12;;192.12
15485940;2212277233;1er Impayé;2023-11-12;;119.68
15507773;2215396232;1er Impayé;2023-11-12;;114.72
15564802;2223543232;1er Impayé;2023-11-12;;71.26
15568610;2224087231;1er Impayé;2023-11-12;;91.71
15579894;2225699231;1er Impayé;2023-11-12;2023-11-13;85.07
15631064;2233009231;1er Impayé;2023-11-12;;39.23
15635607;2233658231;1er Impayé;2023-11-12;;262.38
15688653;2241236231;1er Impayé;2023-11-12;;55.58
15701442;2243063232;1er Impayé;2023-11-12;;31.92
15714532;2244933231;1er Impayé;2023-11-12;;127.36
15727916;2246845232;1er Impayé;2023-11-12;;200.0
15748020;2249717231;1er Impayé;2023-11-12;;199.18
15779457;2254208231;1er Impayé;2023-11-12;2023-11-15;124.68
15780913;2254416231;1er Impayé;2023-11-12;;197.42
15786058;2255151231;1er Impayé;2023-11-12;2023-11-13;122.52
15834743;2262106231;1er Impayé;2023-11-12;;154.65
15842429;2263204231;1er Impayé;2023-11-12;;208.62
15846825;2263832231;1er Impayé;2023-11-12;;187.46
15857262;2265323231;1er Impayé;2023-11-12;;133.84
15866509;2266644232;1er Impayé;2023-11-12;;85.64
15883344;2269049231;1er Impayé;2023-11-12;;116.38
15906409;2272344231;1er Impayé;2023-11-12;;327.42
15918239;2274034231;1er Impayé;2023-11-12;;226.41
15930328;2275761234;1er Impayé;2023-11-12;2023-11-26;306.72
15938784;2276969231;1er Impayé;2023-11-12;;275.8
8741328;12487612317;1er Impayé;2023-09-24;2023-10-15;171.2
8741328;12487612317;2ème Impayé;2023-10-24;2023-11-09;684.8
8741328;12487612317;Mise en demeure;2023-11-10;;699.8
9460676;1351525236;1er Impayé;2023-09-24;2023-10-15;102.24
10532894;15046992328;1er Impayé;2023-09-24;2023-10-15;85.19
11715201;1673600236;1er Impayé;2023-09-24;2023-09-29;79.25
13325474;1903639232;1er Impayé;2023-09-24;2023-10-15;192.25
13332096;1904585234;1er Impayé;2023-09-24;2023-09-29;111.96
13766740;1966677233;1er Impayé;2023-09-24;2023-10-15;170.77
13766740;1966677233;2ème Impayé;2023-10-24;2023-11-09;683.08
13766740;1966677233;Mise en demeure;2023-11-10;;698.08
14274842;2039263232;1er Impayé;2023-09-24;2023-10-15;83.32
14339893;2048556235;2ème Impayé;2023-10-25;2023-11-09;186.12
14339893;2048556235;1er Impayé;2023-09-24;2023-10-15;46.53
14339893;2048556235;Mise en demeure;2023-11-10;;201.12
14516909;2073844231;1er Impayé;2023-09-24;2023-10-15;99.95
14656286;2093755233;1er Impayé;2023-09-24;2023-10-15;75.3
14656286;2093755233;2ème Impayé;2023-10-24;2023-11-09;301.2
14656286;2093755233;Mise en demeure;2023-11-10;;316.2
14695339;2099334231;1er Impayé;2023-09-24;2023-09-26;56.04
14695339;2099334231;2ème Impayé;2023-10-24;2023-11-09;168.12
14695339;2099334231;Mise en demeure;2023-11-10;;183.12
15092561;2156080234;1er Impayé;2023-09-24;2023-10-15;74.71
15108948;2158421231;1er Impayé;2023-09-24;2023-10-15;122.59
15108948;2158421231;2ème Impayé;2023-10-24;2023-11-09;490.36
15108948;2158421231;Mise en demeure;2023-11-10;;505.36
15272916;2181845232;1er Impayé;2023-09-24;2023-09-29;173.8
15304241;2186320232;1er Impayé;2023-09-24;2023-10-08;163.54
15323638;2189091232;1er Impayé;2023-09-24;2023-10-15;83.63
15323638;2189091232;2ème Impayé;2023-10-24;2023-11-09;334.52
15323638;2189091232;Mise en demeure;2023-11-10;;349.52
15329693;2189956231;1er Impayé;2023-09-24;2023-10-15;58.85
15462217;2208888231;Mise en demeure;2023-10-27;2023-11-30;1003.66
15462217;2208888231;1er Impayé;2023-09-24;2023-09-29;693.34
15462217;2208888231;2ème Impayé;2023-10-10;2023-10-26;988.66
15462945;2208992231;1er Impayé;2023-09-24;2023-10-09;80.85
15493626;2213375231;1er Impayé;2023-09-24;2023-10-15;80.4
15493626;2213375231;2ème Impayé;2023-10-24;2023-11-09;321.6
15493626;2213375231;Mise en demeure;2023-11-10;;336.6
15495894;2213699232;2ème Impayé;2023-10-22;2023-10-22;598.56
15495894;2213699232;1er Impayé;2023-09-24;2023-10-15;149.64
15583492;2226213231;1er Impayé;2023-09-24;2023-10-15;99.9
15583492;2226213231;2ème Impayé;2023-10-26;2023-11-09;399.6
15583492;2226213231;Mise en demeure;2023-11-10;;414.6
15785946;2255135232;1er Impayé;2023-09-24;2023-10-15;81.01
15785946;2255135232;2ème Impayé;2023-10-24;2023-11-02;324.04
15829003;2261286232;1er Impayé;2023-09-24;2023-10-15;83.06
15875777;2267968231;Mise en demeure;2023-10-13;2023-11-08;242.08
15875777;2267968231;1er Impayé;2023-09-24;2023-10-12;56.77
16012501;2287500231;1er Impayé;2023-09-24;2023-09-29;177.6
16013026;2287575231;1er Impayé;2023-09-24;2023-09-29;86.26
16013026;2287575231;2ème Impayé;2023-10-24;2023-11-14;322.21
16030085;2290012231;1er Impayé;2023-09-24;2023-09-28;82.56
16030085;2290012231;2ème Impayé;2023-10-24;2023-11-09;196.54
16030085;2290012231;Mise en demeure;2023-11-10;;87.18
16039101;2291300231;2ème Impayé;2023-10-09;2023-11-24;775.77
16039101;2291300231;1er Impayé;2023-09-24;2023-09-29;177.27
16040480;2291497231;1er Impayé;2023-09-24;2023-09-29;74.17
15747229;2249604232;1er Impayé;2023-10-09;2023-11-02;94.34
15747229;2249604232;2ème Impayé;2023-11-08;;283.02
15750099;2250014231;1er Impayé;2023-10-09;2023-11-02;75.78
15750099;2250014231;2ème Impayé;2023-11-08;;227.34
15754103;2250586231;1er Impayé;2023-10-09;2023-11-02;88.87
15754103;2250586231;2ème Impayé;2023-11-08;2023-11-29;266.61
15754656;2250665231;1er Impayé;2023-10-09;2023-10-26;470.73
15754656;2250665231;Mise en demeure;2023-10-27;2023-11-30;485.73
15768523;2252646231;1er Impayé;2023-10-09;2023-10-10;48.18
15768894;2252699231;1er Impayé;2023-10-09;2023-11-03;141.14
15777721;2253960232;1er Impayé;2023-10-09;2023-11-02;62.67
15777721;2253960232;2ème Impayé;2023-11-08;;188.01
15781109;2254444231;1er Impayé;2023-10-09;2023-11-07;502.05
15798777;2256968232;1er Impayé;2023-10-09;2023-11-02;99.3
15798777;2256968232;2ème Impayé;2023-11-09;;297.9
15824355;2260622231;1er Impayé;2023-10-09;2023-10-17;65.78
15825811;2260830233;1er Impayé;2023-10-09;2023-11-02;44.24
15829626;2261375232;1er Impayé;2023-10-09;2023-11-02;205.41
15829626;2261375232;2ème Impayé;2023-11-08;2023-11-19;616.23
15830242;2261463231;1er Impayé;2023-10-09;2023-10-26;206.67
15830242;2261463231;Mise en demeure;2023-10-27;2023-11-30;221.67
15834050;2262007231;1er Impayé;2023-10-09;2023-11-02;94.38
15835562;2262223231;1er Impayé;2023-10-09;2023-11-02;77.03
15835562;2262223231;2ème Impayé;2023-11-08;;231.09
15836136;2262305232;1er Impayé;2023-10-09;2023-11-02;124.66
15839517;2262788231;1er Impayé;2023-10-09;2023-11-02;125.77
15839790;2262827232;1er Impayé;2023-10-09;2023-10-26;612.18
15839790;2262827232;Mise en demeure;2023-10-27;2023-11-06;627.18
15842317;2263188231;1er Impayé;2023-10-09;2023-10-26;294.93
15842317;2263188231;Mise en demeure;2023-10-27;2023-11-30;309.93
15845656;2263665231;1er Impayé;2023-10-09;2023-11-02;68.26
15845999;2263714232;1er Impayé;2023-10-09;2023-10-10;153.09
15860027;2265718231;1er Impayé;2023-10-09;2023-11-02;80.03
15875329;2267904231;1er Impayé;2023-10-09;2023-11-02;97.81
15875350;2267907231;1er Impayé;2023-10-09;2023-11-02;168.25
15875350;2267907231;2ème Impayé;2023-11-08;;504.75
15882126;2268875231;1er Impayé;2023-10-09;2023-11-02;250.02
15882126;2268875231;Mise en demeure;2023-11-03;;187.42
15886844;2269549231;1er Impayé;2023-10-09;2023-11-02;200.2
15886844;2269549231;2ème Impayé;2023-11-08;;600.6
15893648;2270521232;1er Impayé;2023-10-09;2023-10-10;135.92
15901446;2271635232;1er Impayé;2023-10-09;2023-10-26;275.87
15901446;2271635232;Mise en demeure;2023-10-27;2023-11-30;290.87
15916279;2273754231;1er Impayé;2023-10-09;2023-11-02;155.85
15917833;2273976231;1er Impayé;2023-10-09;2023-11-02;81.86
15917833;2273976231;2ème Impayé;2023-11-08;;245.58
15923181;2274740231;1er Impayé;2023-10-09;2023-11-03;147.02
15923496;2274785231;1er Impayé;2023-10-09;2023-11-02;141.69
15929887;2275698231;1er Impayé;2023-10-09;2023-10-30;65.12
15933555;2276222231;1er Impayé;2023-10-09;2023-11-03;132.25
15935823;2276546231;1er Impayé;2023-10-09;2023-11-02;33.35
15935823;2276546231;2ème Impayé;2023-11-08;;100.05
15936103;2276586232;1er Impayé;2023-10-09;2023-11-02;77.08
15936103;2276586232;2ème Impayé;2023-11-09;;231.24
15936607;2276658231;1er Impayé;2023-10-09;2023-10-26;505.53
15936607;2276658231;Mise en demeure;2023-10-27;2023-11-30;520.53
15936943;2276706231;1er Impayé;2023-10-09;2023-11-02;142.67
15938196;2276885231;1er Impayé;2023-10-09;2023-11-02;134.94
15938196;2276885231;2ème Impayé;2023-11-08;;404.82
15943040;2277577232;1er Impayé;2023-10-09;2023-11-02;66.92
15953029;2279004231;1er Impayé;2023-10-09;2023-10-26;204.96
15953029;2279004231;Mise en demeure;2023-10-27;2023-11-12;219.96
15968422;2281203231;1er Impayé;2023-10-09;2023-11-02;51.1
15970648;2281521231;1er Impayé;2023-10-09;2023-10-14;114.33
15970648;2281521231;2ème Impayé;2023-11-08;;228.66
15970795;2281542232;1er Impayé;2023-10-09;2023-11-02;120.76
15970900;2281557231;1er Impayé;2023-10-09;2023-10-10;68.82
15971558;2281651231;1er Impayé;2023-10-09;2023-11-02;124.22
15971558;2281651231;2ème Impayé;2023-11-09;;372.66
15981148;2283021232;1er Impayé;2023-10-09;2023-11-02;89.41
15983423;2283346231;1er Impayé;2023-10-09;2023-10-11;239.28
15987434;2283919231;1er Impayé;2023-10-09;2023-10-18;58.05
16003317;2286188231;1er Impayé;2023-10-09;2023-10-15;139.26
16009743;2287106231;1er Impayé;2023-10-09;2023-11-03;88.61
16013439;2287634231;1er Impayé;2023-10-09;2023-10-13;55.66
15779716;2254245231;1er Impayé;2023-06-14;2023-06-17;75.79
15789628;2255661231;1er Impayé;2023-06-14;2023-07-13;89.78
15789628;2255661231;En recouvrement;2023-09-24;;447.46
15789628;2255661231;Suspension de garanties;2023-08-25;2023-09-14;341.12
15789628;2255661231;Annonce du contentieux;2023-09-15;2023-09-23;211.12
15789628;2255661231;Mise en demeure;2023-07-14;2023-08-24;341.12
15791644;2255949231;1er Impayé;2023-06-14;2023-06-26;173.13
15818209;2259744231;1er Impayé;2023-06-14;2023-06-26;80.09
15849037;2264148231;1er Impayé;2023-06-14;2023-06-27;158.45
15854042;2264863231;1er Impayé;2023-06-14;2023-06-30;125.36
15856954;2265279231;1er Impayé;2023-06-14;2023-06-30;188.19
15872536;2267505231;1er Impayé;2023-06-14;2023-06-16;81.84
15432061;2204580232;Mise en demeure;2023-10-27;2023-11-30;456.93
15432061;2204580232;1er Impayé;2023-10-10;2023-10-26;441.93
15466683;2209526232;Mise en demeure;2023-10-27;2023-11-30;111.8
15466683;2209526232;1er Impayé;2023-10-10;2023-10-26;72.6
15529816;2218545231;2ème Impayé;2023-11-09;;165.81
15529816;2218545231;1er Impayé;2023-10-10;2023-11-02;55.27
15629433;2232776231;Mise en demeure;2023-10-27;2023-11-30;255.69
15629433;2232776231;1er Impayé;2023-10-10;2023-10-26;240.69
15629881;2232840232;1er Impayé;2023-10-10;2023-11-02;68.79
15630616;2232945232;1er Impayé;2023-10-10;2023-11-02;147.08
15639282;2234183231;Mise en demeure;2023-10-27;2023-11-30;164.01
15639282;2234183231;1er Impayé;2023-10-10;2023-10-26;149.01
15668059;2238294232;2ème Impayé;2023-11-09;;126.06
15668059;2238294232;1er Impayé;2023-10-10;2023-11-02;42.02
15673022;2239003231;Mise en demeure;2023-10-27;2023-11-30;221.46
15673022;2239003231;1er Impayé;2023-10-10;2023-10-26;206.46
15690088;2241441231;Mise en demeure;2023-10-27;2023-11-09;252.96
15690088;2241441231;1er Impayé;2023-10-10;2023-10-26;237.96
15698887;2242698231;Mise en demeure;2023-10-27;2023-11-13;313.56
15698887;2242698231;1er Impayé;2023-10-10;2023-10-26;298.56
15701764;2243109231;1er Impayé;2023-10-10;2023-10-18;85.61
15709604;2244229232;Mise en demeure;2023-10-27;2023-11-05;166.47
15709604;2244229232;1er Impayé;2023-10-10;2023-10-26;151.47
15710885;2244412231;Mise en demeure;2023-10-27;2023-11-30;428.4
15710885;2244412231;1er Impayé;2023-10-10;2023-10-26;413.4
15744968;2249281232;Mise en demeure;2023-10-27;2023-11-30;315.87
15744968;2249281232;1er Impayé;2023-10-10;2023-10-26;300.87
15749210;2249887231;1er Impayé;2023-10-10;2023-11-02;74.93
15749210;2249887231;2ème Impayé;2023-11-08;;224.79
15767242;2252463231;1er Impayé;2023-10-10;2023-10-17;135.39
15768061;2252580231;1er Impayé;2023-10-10;2023-11-02;46.78
15776195;2253742231;1er Impayé;2023-10-10;2023-10-13;74.25
15834701;2262100231;Mise en demeure;2023-10-27;2023-11-30;396.66
15834701;2262100231;1er Impayé;2023-10-10;2023-10-26;381.66
15845915;2263702231;Mise en demeure;2023-10-27;2023-11-30;202.02
15845915;2263702231;1er Impayé;2023-10-10;2023-10-26;187.02
15846188;2263741231;Mise en demeure;2023-10-27;;495.92
15846188;2263741231;1er Impayé;2023-10-10;2023-10-26;480.92
15855540;2265077231;1er Impayé;2023-10-10;2023-11-02;69.7
15855540;2265077231;2ème Impayé;2023-11-08;;209.1
15873110;2267587232;1er Impayé;2023-10-10;2023-10-11;60.56
15889693;2269956231;1er Impayé;2023-10-10;2023-10-16;56.12
15923223;2274746231;1er Impayé;2023-10-10;2023-10-11;53.02
15930328;2275761233;Mise en demeure;2023-10-27;2023-11-05;321.72
15930328;2275761233;1er Impayé;2023-10-10;2023-10-26;598.44
15938553;2276936231;Mise en demeure;2023-10-27;2023-11-30;549.79
15938553;2276936231;1er Impayé;2023-10-10;2023-10-26;534.79
15938560;2276937231;Mise en demeure;2023-10-27;2023-11-30;562.03
15938560;2276937231;1er Impayé;2023-10-10;2023-10-26;547.03
15940835;2277262232;2ème Impayé;2023-11-13;;145.82
15940835;2277262232;1er Impayé;2023-10-10;2023-10-13;72.91
15942774;2277539231;1er Impayé;2023-10-10;2023-10-15;23.17
15949347;2278478231;1er Impayé;2023-10-10;2023-11-02;187.34
15949347;2278478231;2ème Impayé;2023-11-08;;562.02
15955451;2279350231;Mise en demeure;2023-10-27;2023-11-10;273.75
15955451;2279350231;1er Impayé;2023-10-10;2023-10-26;258.75
15961681;2280240231;Mise en demeure;2023-10-27;2023-11-30;521.78
15961681;2280240231;1er Impayé;2023-10-10;2023-10-26;506.78
15983269;2283324231;Mise en demeure;2023-10-27;2023-11-30;586.43
15983269;2283324231;1er Impayé;2023-10-10;2023-10-26;571.43
15987952;2283993231;1er Impayé;2023-10-10;2023-11-02;64.69
15992369;2284624231;Mise en demeure;2023-10-27;2023-11-30;251.72
15992369;2284624231;1er Impayé;2023-10-10;2023-10-26;366.08
15994126;2284875231;Mise en demeure;2023-10-27;2023-11-02;378.68
15994126;2284875231;1er Impayé;2023-10-10;2023-10-26;363.68
16015133;2287876231;1er Impayé;2023-10-10;2023-11-07;475.64
16015532;2287933231;1er Impayé;2023-10-10;2023-11-07;595.49
16031513;2290216231;Mise en demeure;2023-10-27;2023-11-05;474.88
16031513;2290216231;1er Impayé;2023-10-10;2023-10-26;459.88
16045198;2292171231;1er Impayé;2023-10-10;2023-10-27;116.56
16056475;2293782231;1er Impayé;2023-10-10;2023-10-18;283.27
14400464;20572092304;1ere lettre de relance;2023-05-19;2023-05-25;64.72
15443765;22062522302;1ere lettre de relance;2023-05-19;2023-06-30;326.12
15756903;22509862301;Mise en demeure;2023-07-28;2023-08-25;273.45
15756903;22509862301;1ere lettre de relance;2023-05-19;2023-07-27;137.78
14663692;20948132307;Mise en demeure;2023-06-02;2023-06-21;338.96
14663692;20948132307;1ere lettre de relance;2023-05-19;2023-06-01;161.98
14657112;20938732301;1ere lettre de relance;2023-05-19;2023-05-24;239.4
15620382;22314832301;Mise en demeure;2023-06-02;2023-06-27;209.42
15620382;22314832301;1ere lettre de relance;2023-05-19;2023-06-01;194.42
13890423;19843462310;1ere lettre de relance;2023-05-19;2023-05-23;125.23
15067228;21524612301;Mise en demeure;2023-06-02;2023-07-06;2327.21
15067228;21524612301;1ere lettre de relance;2023-05-19;2023-06-01;2312.21
15067228;21524612301;Annonce du contentieux;2023-07-14;;2327.21
15067228;21524612301;Suspension de garanties;2023-07-07;2023-07-13;2327.21
11127215;15896022379;1ere lettre de relance;2023-05-19;2023-05-29;150.01
13424650;19178072308;1ere lettre de relance;2023-05-19;2023-05-24;128.85
15834659;22620942301;1ere lettre de relance;2023-05-19;2023-05-30;387.62
13994464;19992092301;1ere lettre de relance;2023-05-19;2023-06-06;695.33
12526249;17894642301;Mise en demeure;2023-06-02;2023-06-09;127.41
12526249;17894642301;1ere lettre de relance;2023-05-19;2023-06-01;112.41
15826707;22609582301;1ere lettre de relance;2023-05-19;2023-06-02;246.84
15761285;22516122302;1ere lettre de relance;2023-05-19;2023-06-02;427.21
15400386;22000552302;1ere lettre de relance;2023-05-19;2023-05-29;57.24
7842234;11203192319;Mise en demeure;2023-06-02;2023-06-11;221.2
7842234;11203192319;1ere lettre de relance;2023-05-19;2023-06-01;376.2
14787053;21124362301;Mise en demeure;2023-06-02;2023-06-26;68.74
14787053;21124362301;1ere lettre de relance;2023-05-19;2023-06-01;53.74
13486348;19266212302;1ere lettre de relance;2023-05-19;2023-06-06;171.48
11132325;15903322327;1ere lettre de relance;2023-05-19;2023-05-29;130.46
14222258;20317512313;Mise en demeure;2023-06-02;2023-06-12;293.1
14222258;20317512313;1ere lettre de relance;2023-05-19;2023-06-01;138.75
13930127;19900182309;Mise en demeure;2023-06-02;2023-06-09;183.65
13930127;19900182309;1ere lettre de relance;2023-05-19;2023-06-01;90.28
13222532;18889332309;Mise en demeure;2023-06-02;2023-06-19;210.12
13222532;18889332309;1ere lettre de relance;2023-05-19;2023-06-01;105.06
13813745;19733922301;1ere lettre de relance;2023-05-19;2023-06-06;209.54
15821849;22602642301;Mise en demeure;2023-06-02;2023-06-08;199.0
15821849;22602642301;1ere lettre de relance;2023-05-19;2023-06-01;184.0
15841869;22631242301;1ere lettre de relance;2023-05-19;2023-05-23;277.21
15819287;2259898231;1er Impayé;2023-06-28;2023-07-13;235.61
15819287;2259898231;Mise en demeure;2023-07-14;2023-07-17;725.39
15871948;2267421231;1er Impayé;2023-06-28;2023-07-06;55.84
8058576;1151225231;Suspension de garanties;2023-11-24;2023-11-30;1475.0
8058576;1151225231;Mise en demeure;2023-10-13;2023-11-23;1475.0
8058576;1151225231;1er Impayé;2023-09-05;2023-10-12;365.0
10280285;1468612231;1er Impayé;2023-09-05;2023-09-12;106.57
10759981;1537140231;1er Impayé;2023-09-05;2023-10-05;100.08
11727829;1675404231;1er Impayé;2023-09-05;2023-09-07;91.69
12321828;1760261231;1er Impayé;2023-09-05;2023-09-13;82.26
12797667;1828238231;1er Impayé;2023-09-05;2023-09-14;87.8
14117979;2016854231;1er Impayé;2023-09-05;2023-09-15;109.44
14242663;2034666231;Suspension de garanties;2023-11-17;2023-11-23;495.08
14242663;2034666231;Mise en demeure;2023-10-13;2023-11-16;495.08
14242663;2034666231;1er Impayé;2023-09-05;2023-10-12;123.77
14846910;2120987231;1er Impayé;2023-09-05;2023-09-20;115.2
14924771;2132110231;1er Impayé;2023-09-05;2023-10-12;64.65
15037205;2148172231;1er Impayé;2023-09-05;2023-09-06;73.84
15444906;2206415232;1er Impayé;2023-09-05;2023-10-08;297.98
15487781;2212540231;Mise en demeure;2023-10-13;2023-10-24;402.72
15487781;2212540231;1er Impayé;2023-09-05;2023-10-12;290.69
5195065;7421522327;1er Impayé;2023-02-14;2023-03-07;736.88
5195065;7421522327;2ème Impayé;2023-03-14;2023-03-28;1473.75
8727013;12467162310;1er Impayé;2023-02-14;2023-03-07;123.64
10731540;1533077237;1er Impayé;2023-02-14;2023-03-07;199.09
10999808;1571401238;1er Impayé;2023-02-14;2023-03-07;127.46
12629114;1804159234;1er Impayé;2023-02-14;2023-03-03;128.02
13261284;1894469234;1er Impayé;2023-02-14;2023-03-07;280.48
13486369;1926624237;1er Impayé;2023-02-14;2023-03-07;103.7
13486369;1926624237;2ème Impayé;2023-03-14;2023-03-27;103.7
13537700;1933957232;1er Impayé;2023-02-14;2023-02-16;358.13
13841773;1977396233;1er Impayé;2023-02-14;2023-03-07;163.9
13915511;1987930231;1er Impayé;2023-02-14;2023-03-07;55.72
14200978;2028711232;1er Impayé;2023-02-14;2023-02-18;200.05
14233626;2033375234;1er Impayé;2023-02-14;2023-03-07;121.8
14346599;2049514231;1er Impayé;2023-02-14;2023-03-07;165.54
16059485;2294212231;Mise en demeure;2023-10-27;2023-11-09;94.53
16059485;2294212231;1er Impayé;2023-10-10;2023-10-26;79.53
16060955;2294422231;1er Impayé;2023-10-10;2023-10-23;404.0
16070937;2295848231;Mise en demeure;2023-10-27;2023-11-30;392.52
16070937;2295848231;1er Impayé;2023-10-10;2023-10-26;377.52
16077972;2296853231;1er Impayé;2023-10-10;2023-10-16;193.05
13901112;19858732312;1ere lettre de relance;2023-05-19;2023-05-31;15.36
15805406;22579152301;1ere lettre de relance;2023-05-19;2023-06-13;502.42
15528808;22184012305;1ere lettre de relance;2023-05-19;2023-06-02;82.28
15339780;21913972304;1ere lettre de relance;2023-05-19;2023-06-01;131.7
15339780;21913972304;Mise en demeure;2023-06-02;2023-06-30;278.4
15844060;22634372301;1ere lettre de relance;2023-05-19;2023-05-26;53.74
15789824;22556892301;1ere lettre de relance;2023-05-19;2023-06-02;159.97
13481959;19259942301;1ere lettre de relance;2023-05-19;2023-05-30;209.9
15663509;2237644231;1er Impayé;2023-06-20;2023-07-05;96.86
15942459;2277494231;1er Impayé;2023-11-12;;247.54
15955108;2279301231;1er Impayé;2023-11-12;2023-11-18;190.7
15967379;2281054231;1er Impayé;2023-11-12;;78.71
15978845;2282692231;1er Impayé;2023-11-12;;105.11
15981274;2283039231;1er Impayé;2023-11-12;;231.1
16011752;2287393231;1er Impayé;2023-11-12;;74.29
16024478;2289211231;1er Impayé;2023-11-12;;27.63
16030456;2290065231;1er Impayé;2023-11-12;;636.68
16030477;2290068231;1er Impayé;2023-11-12;;139.59
16047697;2292528232;1er Impayé;2023-11-12;;448.46
16070923;2295846231;1er Impayé;2023-11-12;;325.94
16077972;2296853232;1er Impayé;2023-11-12;2023-11-30;124.04
16078805;2296972231;1er Impayé;2023-11-12;;68.32
16084720;2297817231;1er Impayé;2023-11-12;;133.7
16098566;2299795232;1er Impayé;2023-11-12;2023-11-13;165.91
16106644;2300949231;1er Impayé;2023-11-12;2023-11-29;189.89
16117361;2302480231;1er Impayé;2023-11-12;2023-11-28;181.54
16123010;2303287231;1er Impayé;2023-11-12;;161.31
16138291;2305470231;1er Impayé;2023-11-12;;162.87
16146635;2306662231;1er Impayé;2023-11-12;2023-11-15;103.55
5257463;751066238;1er Impayé;2023-11-15;;159.54
7836585;1119512237;1er Impayé;2023-11-15;;130.15
9247792;1321113237;1er Impayé;2023-11-15;;84.37
11409749;1629964232;1er Impayé;2023-11-15;;88.54
12404848;1772121235;1er Impayé;2023-11-15;;159.93
13066852;1866693231;1er Impayé;2023-11-15;2023-11-17;114.61
13183444;1883349235;1er Impayé;2023-11-15;;78.01
9953707;1421958231;1er Impayé;2023-02-22;2023-02-26;312.22
10266705;1466672232;1er Impayé;2023-02-22;2023-03-14;167.98
10671501;1524500239;2ème Impayé;2023-03-22;2023-05-11;283.02
10671501;1524500239;1er Impayé;2023-02-22;2023-03-14;141.51
10671501;1524500239;Mise en demeure;2023-05-12;2023-07-06;722.55
10671501;1524500239;Annonce du contentieux;2023-07-14;2023-07-23;1147.08
10671501;1524500239;Suspension de garanties;2023-07-07;2023-07-13;1147.08
12232578;1747511231;1er Impayé;2023-02-22;2023-03-09;122.3
12232578;1747511231;Mise en demeure;2023-03-10;2023-04-04;137.3
12574304;1796329234;1er Impayé;2023-02-22;2023-03-06;166.91
12580464;1797209231;1er Impayé;2023-02-22;2023-02-24;110.88
12889871;1841410237;1er Impayé;2023-02-22;2023-02-24;121.77
13100102;1871443232;1er Impayé;2023-02-22;2023-03-27;157.3
13135270;1876467235;Mise en demeure;2023-04-14;2023-05-31;369.25
13135270;1876467235;2ème Impayé;2023-03-22;2023-04-13;179.7
13135270;1876467235;1er Impayé;2023-02-22;2023-03-14;89.85
13416229;1916604237;2ème Impayé;2023-03-22;2023-04-20;195.0
13416229;1916604237;1er Impayé;2023-02-22;2023-03-14;97.5
13416229;1916604237;Mise en demeure;2023-04-21;2023-05-25;502.5
13416229;1916604237;Suspension de garanties;2023-05-26;2023-06-01;502.5
13416229;1916604237;Annonce du contentieux;2023-06-02;2023-08-02;502.5
13671463;1953066231;1er Impayé;2023-02-22;2023-03-14;199.8
13766740;1966677232;1er Impayé;2023-02-22;2023-03-14;170.77
14218163;2031166232;1er Impayé;2023-02-22;2023-03-14;136.28
14561282;2080183232;1er Impayé;2023-02-22;2023-03-14;75.26
15001498;2143071232;1er Impayé;2023-02-22;2023-02-28;138.82
15110712;2158673231;1er Impayé;2023-02-22;2023-03-14;78.29
15502852;2214693231;1er Impayé;2023-02-22;2023-03-03;161.7
15523327;2217618231;2ème Impayé;2023-03-22;2023-04-13;150.2
15523327;2217618231;1er Impayé;2023-02-22;2023-03-03;75.1
15523327;2217618231;Mise en demeure;2023-04-14;2023-05-09;390.5
15525294;2217899231;1er Impayé;2023-02-22;2023-03-03;127.22
15655459;2236494231;1er Impayé;2023-02-22;2023-03-03;90.38
15656628;2236661231;1er Impayé;2023-02-22;2023-03-03;67.48
15656656;2236665231;1er Impayé;2023-02-22;2023-03-03;67.81
15660331;2237190231;1er Impayé;2023-02-22;2023-03-02;110.99
15660331;2237190231;2ème Impayé;2023-03-08;2023-04-11;218.67
15544523;2220646231;1er Impayé;2023-09-05;2023-09-08;129.93
15671531;2238790233;1er Impayé;2023-09-05;2023-09-07;186.25
15788326;2255475232;1er Impayé;2023-09-05;2023-09-29;58.42
15933107;2276158231;1er Impayé;2023-09-05;2023-10-13;75.79
15933107;2276158231;2ème Impayé;2023-11-08;;151.58
15976479;2282354231;Mise en demeure;2023-10-20;2023-11-23;468.32
15976479;2282354231;Suspension de garanties;2023-11-24;2023-11-30;468.32
15976479;2282354231;2ème Impayé;2023-10-05;2023-10-19;453.32
15976479;2282354231;1er Impayé;2023-09-05;2023-09-29;113.33
15559881;2222840234;1er Impayé;2023-10-24;2023-11-01;359.16
14563067;2080438234;1er Impayé;2023-02-14;2023-02-25;130.75
14683887;2097698232;1er Impayé;2023-02-14;2023-02-27;89.53
14683887;2097698232;2ème Impayé;2023-03-14;2023-03-16;89.53
14994666;2142095231;1er Impayé;2023-02-14;2023-03-07;50.78
15245378;2177911231;1er Impayé;2023-02-14;2023-03-14;217.04
15249984;2178569231;1er Impayé;2023-02-14;2023-03-07;61.53
15381325;2197332231;1er Impayé;2023-02-14;2023-03-07;55.33
15396746;2199535231;1er Impayé;2023-02-14;2023-03-03;163.42
15420000;2202857231;1er Impayé;2023-02-14;2023-03-02;89.6
15424543;2203506231;2ème Impayé;2023-03-13;2023-04-05;144.22
15424543;2203506231;1er Impayé;2023-02-14;2023-03-07;72.11
15434959;2204994231;1er Impayé;2023-02-14;2023-03-07;54.34
15434959;2204994231;2ème Impayé;2023-03-14;2023-04-11;108.68
13498850;1928407234;1er Impayé;2023-11-15;;94.96
13537700;1933957234;1er Impayé;2023-11-15;2023-11-28;358.13
13976194;1996599231;1er Impayé;2023-11-15;2023-11-16;103.31
14555479;2079354232;1er Impayé;2023-11-15;;87.86
14565839;2080834233;1er Impayé;2023-11-15;;99.51
14705678;2100811232;1er Impayé;2023-11-15;;98.24
15090048;2155721236;1er Impayé;2023-11-15;2023-11-30;164.71
15193648;2170521232;1er Impayé;2023-11-15;;49.97
15291963;2184566231;1er Impayé;2023-11-15;;62.86
15308063;2186866231;1er Impayé;2023-11-15;;91.52
15320341;2188620231;1er Impayé;2023-11-15;;134.34
15362782;2194683231;1er Impayé;2023-11-15;;66.2
15438144;2205449231;1er Impayé;2023-11-15;;72.54
15526435;2218062233;1er Impayé;2023-11-15;;70.63
15566664;2223809231;1er Impayé;2023-11-15;;90.83
15624043;2232006231;1er Impayé;2023-11-15;;132.79
15652358;2236051232;1er Impayé;2023-11-15;2023-11-23;114.07
15665133;2237876231;1er Impayé;2023-11-15;;128.69
15698740;2242677231;1er Impayé;2023-11-15;;74.16
15707238;2243891233;1er Impayé;2023-11-15;2023-11-30;59.82
15727265;2246752231;1er Impayé;2023-11-15;;120.67
15743260;2249037231;1er Impayé;2023-11-15;;128.02
15763350;2251907231;1er Impayé;2023-11-15;;73.06
15792162;2256023233;1er Impayé;2023-11-15;;55.46
15792624;2256089231;1er Impayé;2023-11-15;;89.01
15814828;2259261232;1er Impayé;2023-11-15;;98.79
15821310;2260187232;1er Impayé;2023-11-15;;58.13
15822822;2260403231;1er Impayé;2023-11-15;;96.21
15831257;2261608232;1er Impayé;2023-11-15;;131.3
15833329;2261904231;1er Impayé;2023-11-15;;65.65
15866383;2266626233;1er Impayé;2023-11-15;;57.59
15874531;2267790231;1er Impayé;2023-11-15;;113.66
15904365;2272052232;1er Impayé;2023-11-15;;66.47
15942690;2277527231;1er Impayé;2023-11-15;;109.14
7691888;10988412324;Mise en demeure;2023-08-25;2023-09-05;532.38
7691888;10988412324;1er Impayé;2023-08-07;2023-08-24;517.38
15440258;2205751231;1er Impayé;2023-02-14;2023-03-07;74.91
15457394;2208199231;1er Impayé;2023-02-14;2023-02-24;174.86
15459396;2208485231;1er Impayé;2023-02-14;2023-03-07;80.24
15465997;2209428232;1er Impayé;2023-02-14;2023-03-07;67.32
15465997;2209428232;2ème Impayé;2023-03-14;2023-04-04;134.64
15473340;2210477231;1er Impayé;2023-02-14;2023-03-03;72.73
15475496;2210785231;1er Impayé;2023-02-14;2023-03-01;269.9
15497140;2213877231;1er Impayé;2023-02-14;2023-03-02;85.82
15507773;2215396231;1er Impayé;2023-02-14;2023-03-07;68.36
15521619;2217374231;Mise en demeure;2023-03-03;2023-03-08;439.74
15521619;2217374231;1er Impayé;2023-02-14;2023-03-02;424.74
15555198;2222171231;1er Impayé;2023-02-14;2023-03-02;87.31
15568239;2224034231;1er Impayé;2023-02-14;2023-02-15;90.08
15568239;2224034231;2ème Impayé;2023-03-08;2023-03-11;46.26
15573685;2224812231;1er Impayé;2023-02-14;2023-03-03;219.6
15579873;2225696231;1er Impayé;2023-02-14;2023-02-19;238.13
13518212;1931173237;1er Impayé;2023-06-26;2023-07-11;152.82
13623128;1946161234;1er Impayé;2023-06-26;2023-06-30;203.85
14562836;2080405237;1er Impayé;2023-06-26;2023-07-11;116.11
14562836;2080405237;2ème Impayé;2023-07-26;2023-08-04;464.44
14577410;2082487232;1er Impayé;2023-06-26;2023-07-11;105.08
15037135;2148162233;1er Impayé;2023-06-26;2023-06-29;119.17
15191940;2170277232;1er Impayé;2023-06-26;2023-07-11;64.78
15900312;2271473231;1er Impayé;2023-06-26;2023-07-13;53.74
15900312;2271473231;Suspension de garanties;2023-08-18;2023-08-24;214.96
15900312;2271473231;Annonce du contentieux;2023-08-25;2023-08-29;214.96
15900312;2271473231;Mise en demeure;2023-07-14;2023-08-17;214.96
15990486;2284355231;1er Impayé;2023-11-15;;276.11
15992467;2284638231;1er Impayé;2023-11-15;;87.46
16016071;2288010231;1er Impayé;2023-11-15;;80.15
16023736;2289105231;1er Impayé;2023-11-15;;62.29
16043154;2291879231;1er Impayé;2023-11-15;;73.1
16059408;2294201231;1er Impayé;2023-11-15;;78.25
16072463;2296066231;1er Impayé;2023-11-15;;237.12
16072673;2296096231;1er Impayé;2023-11-15;;103.59
16117214;2302459231;1er Impayé;2023-11-15;;134.63
16119678;2302811231;1er Impayé;2023-11-15;;251.43
16122716;2303245231;1er Impayé;2023-11-15;;85.27
16128715;2304102231;1er Impayé;2023-11-15;2023-11-27;79.31
16128799;2304114231;1er Impayé;2023-11-15;2023-11-27;67.54
16130668;2304381231;1er Impayé;2023-11-15;;484.48
16131144;2304449231;1er Impayé;2023-11-15;;69.62
16142407;2306058231;1er Impayé;2023-11-15;;90.82
16146908;2306701231;1er Impayé;2023-11-15;;117.35
15714819;2244974231;Mise en demeure;2023-06-16;2023-07-20;273.58
15714819;2244974231;1er Impayé;2023-05-30;2023-06-15;258.58
12564651;1794950236;1er Impayé;2023-06-19;2023-06-22;141.2
12969097;1852728233;1er Impayé;2023-06-19;2023-07-05;72.77
13831035;1975862232;1er Impayé;2023-06-19;2023-07-05;73.71
14097728;2013961233;1er Impayé;2023-06-19;2023-07-28;90.6
14547324;2078189231;2ème Impayé;2023-07-12;2023-07-27;495.44
14547324;2078189231;Mise en demeure;2023-07-28;2023-08-24;510.44
14547324;2078189231;1er Impayé;2023-06-19;2023-07-05;123.86
14968731;2138390231;1er Impayé;2023-06-19;2023-07-05;52.36
15041048;2148721231;1er Impayé;2023-06-19;2023-07-03;93.41
15129038;2161291231;1er Impayé;2023-06-19;2023-07-05;121.85
10720452;1531493231;Mise en demeure;2023-08-25;2023-08-31;95.98
10720452;1531493231;1er Impayé;2023-08-07;2023-08-24;161.96
12024657;1717808234;Mise en demeure;2023-08-25;2023-09-14;71.54
12024657;1717808234;1er Impayé;2023-08-07;2023-08-24;113.08
13492592;1927513232;Suspension de garanties;2023-09-29;2023-10-13;476.34
13492592;1927513232;Mise en demeure;2023-08-25;2023-09-28;476.34
13492592;1927513232;1er Impayé;2023-08-07;2023-08-24;461.34
14909658;2129951231;1er Impayé;2023-08-07;2023-08-09;169.62
15127435;2161062231;Suspension de garanties;2023-09-29;2023-10-05;15.54
15127435;2161062231;Annonce du contentieux;2023-10-06;2023-10-15;15.54
15127435;2161062231;Mise en demeure;2023-08-25;2023-09-28;225.54
15127435;2161062231;1er Impayé;2023-08-07;2023-08-24;210.54
15207046;2172435232;Mise en demeure;2023-08-25;2023-09-03;103.18
15207046;2172435232;1er Impayé;2023-08-07;2023-08-24;88.18
15772534;2253219232;1er Impayé;2023-08-07;2023-08-08;21.31
15595658;2227951231;1er Impayé;2023-02-14;2023-03-01;97.97
15602014;2228859231;1er Impayé;2023-02-14;2023-02-15;76.11
15602014;2228859231;2ème Impayé;2023-03-08;2023-03-12;65.11
15602070;2228867231;1er Impayé;2023-02-14;2023-03-02;63.29
15602070;2228867231;2ème Impayé;2023-03-08;2023-03-10;102.82
15607775;2229682231;1er Impayé;2023-02-14;2023-03-03;86.12
15607789;2229684231;1er Impayé;2023-02-14;2023-03-03;129.13
15619451;2231350231;1er Impayé;2023-02-14;2023-02-20;88.99
15619451;2231350231;2ème Impayé;2023-06-13;2023-07-13;76.33
15619451;2231350231;Mise en demeure;2023-07-14;2023-08-22;287.32
15627606;2232515231;1er Impayé;2023-02-14;2023-03-03;83.49
15636405;2233772231;1er Impayé;2023-02-14;2023-03-02;128.04
15636405;2233772231;2ème Impayé;2023-03-08;2023-03-31;370.76
15638148;2234021231;1er Impayé;2023-02-14;2023-03-01;222.04
15642544;2234649231;1er Impayé;2023-02-14;2023-02-28;467.03
15562828;2223261231;1er Impayé;2023-03-21;2023-03-24;163.41
15713622;2244803231;1er Impayé;2023-03-21;2023-03-26;44.87
15750652;2250093231;1er Impayé;2023-03-21;2023-03-24;316.56
15750652;2250093231;2ème Impayé;2023-04-06;2023-04-20;316.56
15750652;2250093231;Mise en demeure;2023-04-21;2023-05-25;331.56
15750652;2250093231;Suspension de garanties;2023-05-26;2023-06-01;331.56
15750652;2250093231;En recouvrement;2023-09-27;2023-10-03;228.34
15750652;2250093231;Annonce du contentieux;2023-06-02;2023-09-26;331.56
5184229;740604237;1er Impayé;2023-09-11;2023-10-03;103.17
7847365;1121052238;1er Impayé;2023-09-11;2023-09-12;231.26
7916987;1130998232;1er Impayé;2023-09-11;2023-10-03;271.9
8231259;1175894235;1er Impayé;2023-09-11;2023-10-03;253.48
8231259;1175894235;2ème Impayé;2023-10-11;2023-11-27;1013.92
8738479;12483542311;1er Impayé;2023-09-11;2023-10-03;104.43
10449545;1492792234;1er Impayé;2023-09-11;2023-09-13;142.0
10676597;1525228231;Mise en demeure;2023-10-27;2023-11-12;493.2
10676597;1525228231;1er Impayé;2023-09-11;2023-09-24;159.4
10676597;1525228231;2ème Impayé;2023-10-10;2023-10-26;478.2
11704442;1672063232;1er Impayé;2023-09-11;2023-10-03;406.19
12189857;1741408235;1er Impayé;2023-09-11;2023-10-03;150.84
12456158;1779451233;1er Impayé;2023-09-11;2023-10-03;67.95
12851455;1835922238;Mise en demeure;2023-10-13;2023-10-18;538.04
12851455;1835922238;1er Impayé;2023-09-11;2023-10-12;130.76
12898698;1842671233;1er Impayé;2023-09-11;2023-10-03;210.27
13136845;1876692232;1er Impayé;2023-09-11;2023-09-12;154.83
13795391;1970770234;Mise en demeure;2023-10-13;2023-11-02;261.45
13795391;1970770234;1er Impayé;2023-09-11;2023-10-12;98.58
13946003;1992286233;Mise en demeure;2023-10-27;2023-11-30;194.72
13946003;1992286233;1er Impayé;2023-09-11;2023-10-03;44.93
13946003;1992286233;2ème Impayé;2023-10-11;2023-10-26;179.72
13962705;1994672232;1er Impayé;2023-09-11;2023-10-03;35.08
14023150;2003307232;1er Impayé;2023-09-11;2023-10-03;39.49
14097728;2013961234;1er Impayé;2023-09-11;2023-10-03;45.45
14116733;2016676232;Mise en demeure;2023-10-27;2023-11-26;586.16
14116733;2016676232;1er Impayé;2023-09-11;2023-10-03;142.79
14116733;2016676232;2ème Impayé;2023-10-10;2023-10-26;571.16
14364078;2052011231;1er Impayé;2023-09-11;2023-09-13;127.67
14461224;2065889233;Mise en demeure;2023-10-27;2023-11-09;267.52
14461224;2065889233;1er Impayé;2023-09-11;2023-10-03;63.13
14461224;2065889233;2ème Impayé;2023-10-11;2023-10-26;252.52
14654053;2093436234;1er Impayé;2023-09-11;2023-10-03;75.27
14665365;2095052231;1er Impayé;2023-09-11;2023-10-03;88.66
14754986;2107855231;1er Impayé;2023-09-11;2023-09-15;167.9
14835899;2119414232;1er Impayé;2023-09-11;2023-10-03;60.43
14853252;2121893231;1er Impayé;2023-09-11;2023-10-03;99.1
14885557;2126508231;Mise en demeure;2023-10-27;2023-11-30;420.88
14885557;2126508231;1er Impayé;2023-09-11;2023-10-03;101.47
14885557;2126508231;2ème Impayé;2023-10-11;2023-10-26;405.88
14981947;2140278231;1er Impayé;2023-09-11;2023-10-03;120.0
15029421;2147060234;Mise en demeure;2023-10-27;2023-11-30;221.64
15029421;2147060234;1er Impayé;2023-09-11;2023-10-03;51.66
15029421;2147060234;2ème Impayé;2023-10-11;2023-10-26;206.64
15236376;2176625234;1er Impayé;2023-06-19;2023-06-27;97.66
15322399;2188914231;1er Impayé;2023-06-19;2023-07-05;88.76
15415023;2202146231;1er Impayé;2023-06-19;2023-07-05;82.49
15483770;2211967231;2ème Impayé;2023-07-17;2023-08-03;564.48
15483770;2211967231;Mise en demeure;2023-08-04;2023-10-03;579.48
15483770;2211967231;1er Impayé;2023-06-19;2023-07-05;141.12
15529893;2218556231;1er Impayé;2023-06-19;2023-06-30;126.37
15557907;2222558231;1er Impayé;2023-06-19;2023-06-30;61.08
15681933;2240276231;1er Impayé;2023-06-19;2023-06-30;127.45
15683249;2240464231;1er Impayé;2023-06-19;2023-06-30;100.78
15692167;2241738231;1er Impayé;2023-06-19;2023-06-29;84.52
15769447;2252778232;1er Impayé;2023-06-19;2023-06-23;15.0
15844431;2263490231;2ème Impayé;2023-07-17;2023-07-24;192.0
15844431;2263490231;1er Impayé;2023-06-19;2023-06-30;75.0
15846867;2263838231;1er Impayé;2023-06-19;2023-06-30;87.51
15850633;2264376231;2ème Impayé;2023-07-12;2023-07-27;338.83
15850633;2264376231;Mise en demeure;2023-07-28;2023-08-08;353.83
15850633;2264376231;1er Impayé;2023-06-19;2023-06-30;128.56
15871759;2267394231;1er Impayé;2023-06-19;2023-06-30;189.8
15876414;2268059231;1er Impayé;2023-06-19;2023-06-30;55.11
15881398;2268771231;1er Impayé;2023-06-19;2023-06-28;155.54
7909609;1129944234;1er Impayé;2023-07-11;2023-07-14;162.3
8135527;11622182311;Mise en demeure;2023-10-20;;3033.0
8135527;11622182311;1er Impayé;2023-07-11;2023-08-02;503.0
8135527;11622182311;2ème Impayé;2023-08-13;2023-10-19;1509.0
10692137;1527448237;1er Impayé;2023-07-11;2023-08-02;111.59
11167339;1595334236;1er Impayé;2023-07-11;2023-08-02;132.19
12203871;1743410235;1er Impayé;2023-07-11;2023-08-02;105.36
14533128;2076161237;1er Impayé;2023-07-27;2023-07-28;64.81
15903875;2271982231;Suspension de garanties;2023-09-29;2023-10-05;174.88
15903875;2271982231;Mise en demeure;2023-08-25;2023-09-28;174.88
15903875;2271982231;Annonce du contentieux;2023-10-06;2023-10-10;174.88
15903875;2271982231;1er Impayé;2023-08-07;2023-08-24;159.88
15907557;2272508231;1er Impayé;2023-08-07;2023-08-16;93.35
12820970;1831567231;1er Impayé;2023-05-16;2023-06-06;133.28
13443627;1920518235;1er Impayé;2023-05-16;2023-06-06;94.24
14468329;2066904231;1er Impayé;2023-05-16;2023-06-06;63.62
15023730;2146247234;1er Impayé;2023-05-16;2023-05-22;224.22
15293566;2184795231;Mise en demeure;2023-06-02;2023-06-28;305.54
15293566;2184795231;1er Impayé;2023-05-16;2023-06-01;290.54
15493388;2213341232;1er Impayé;2023-05-16;2023-06-02;62.66
15493388;2213341232;2ème Impayé;2023-06-19;2023-07-13;125.32
15493388;2213341232;Mise en demeure;2023-07-14;2023-08-03;328.3
15601153;2228736231;1er Impayé;2023-05-16;2023-06-02;112.62
15612850;2230407232;1er Impayé;2023-05-16;2023-06-02;59.89
15646275;2235182232;1er Impayé;2023-05-16;2023-06-02;48.38
15708589;2244084231;1er Impayé;2023-05-16;2023-06-01;84.23
15714980;2244997231;1er Impayé;2023-05-16;2023-06-02;75.22
15746074;2249439231;1er Impayé;2023-05-16;2023-06-02;94.84
15783538;2254791231;1er Impayé;2023-05-16;2023-06-01;102.23
15805574;2257939231;1er Impayé;2023-05-16;2023-05-23;98.73
15044926;2149275231;1er Impayé;2023-09-11;2023-10-03;78.39
15089257;2155608232;1er Impayé;2023-09-11;2023-10-03;93.96
15103943;2157706231;1er Impayé;2023-09-11;2023-09-17;105.39
15136136;2162305232;1er Impayé;2023-09-11;2023-10-03;82.17
15146363;2163766231;1er Impayé;2023-09-11;2023-10-03;129.56
15151522;2164503231;1er Impayé;2023-09-11;2023-09-13;77.8
15191037;2170148231;1er Impayé;2023-09-11;2023-10-03;78.32
15202797;2171828231;1er Impayé;2023-09-11;2023-10-03;62.2
15320432;2188633231;1er Impayé;2023-09-11;2023-10-03;148.5
15369936;2195705231;1er Impayé;2023-09-11;2023-10-03;77.22
15380303;2197186233;1er Impayé;2023-09-11;2023-09-17;105.54
15382466;2197495232;1er Impayé;2023-09-11;2023-09-12;395.83
15385777;2197968232;1er Impayé;2023-09-11;2023-10-03;274.98
15485408;2212201233;1er Impayé;2023-09-11;2023-09-20;178.74
15504105;2214872232;1er Impayé;2023-09-11;2023-09-25;56.73
15504126;2214875232;1er Impayé;2023-09-11;2023-09-25;130.72
15523957;2217708232;1er Impayé;2023-09-11;2023-09-12;77.22
15565362;2223623232;Mise en demeure;2023-10-27;2023-11-30;458.57
15565362;2223623232;1er Impayé;2023-09-11;2023-09-29;97.65
15565362;2223623232;2ème Impayé;2023-10-11;2023-10-26;443.57
15582232;2226033232;Mise en demeure;2023-10-27;2023-11-30;287.56
15582232;2226033232;1er Impayé;2023-09-11;2023-09-29;68.14
15582232;2226033232;2ème Impayé;2023-10-10;2023-10-26;272.56
15617260;2231037232;1er Impayé;2023-09-11;2023-09-29;174.43
15617610;2231087233;1er Impayé;2023-09-11;2023-09-13;146.32
15714819;2244974232;Mise en demeure;2023-10-20;2023-11-23;758.32
15714819;2244974232;Suspension de garanties;2023-11-24;2023-11-30;258.32
15714819;2244974232;1er Impayé;2023-09-11;2023-10-19;371.95
15742924;2248989231;1er Impayé;2023-09-11;2023-09-27;65.41
15757183;2251026231;1er Impayé;2023-09-11;2023-09-29;166.97
15760879;2251554232;1er Impayé;2023-09-11;2023-09-29;63.75
15800513;2257216232;1er Impayé;2023-09-11;2023-09-29;84.48
15811958;2258851231;1er Impayé;2023-09-11;2023-10-06;163.97
15811958;2258851231;2ème Impayé;2023-11-06;2023-11-27;407.18
15832335;2261762231;1er Impayé;2023-09-11;2023-09-29;87.79
15844823;2263546231;Mise en demeure;2023-10-27;2023-11-30;173.52
15844823;2263546231;1er Impayé;2023-09-11;2023-10-05;39.63
15844823;2263546231;2ème Impayé;2023-10-10;2023-10-26;158.52
15865305;2266472231;1er Impayé;2023-09-11;2023-09-29;46.16
15875602;2267943231;Mise en demeure;2023-10-27;2023-11-13;863.48
15875602;2267943231;1er Impayé;2023-09-11;2023-09-29;212.12
15875602;2267943231;2ème Impayé;2023-10-11;2023-10-26;848.48
14835864;2119409231;1er Impayé;2023-07-23;2023-08-10;78.65
15531265;2218752232;1er Impayé;2023-07-23;2023-08-01;669.82
15621698;2231671231;1er Impayé;2023-07-23;2023-08-04;75.04
15772240;2253177231;1er Impayé;2023-07-23;2023-08-04;111.15
15875938;2267991231;1er Impayé;2023-07-23;2023-08-07;479.57
15949697;2278528231;2ème Impayé;2023-08-08;2023-08-24;153.92
15949697;2278528231;Mise en demeure;2023-08-25;2023-09-04;168.92
15949697;2278528231;1er Impayé;2023-07-23;2023-07-27;77.48
12540613;1791516231;1er Impayé;2023-07-11;2023-08-02;75.36
13271420;1895917234;1er Impayé;2023-07-11;2023-07-13;335.64
13328498;1904071237;1er Impayé;2023-07-11;2023-08-02;104.53
13641972;1948853231;1er Impayé;2023-07-11;2023-08-07;172.65
13907615;1986802231;2ème Impayé;2023-08-09;2023-08-24;216.6
13907615;1986802231;Mise en demeure;2023-08-25;2023-09-04;231.6
13907615;1986802231;1er Impayé;2023-07-11;2023-08-02;72.2
14005174;2000739231;1er Impayé;2023-07-11;2023-08-02;132.75
14399155;2057022232;1er Impayé;2023-07-11;2023-08-07;211.8
14427645;2061092231;1er Impayé;2023-07-11;2023-08-02;76.84
14433784;2061969231;1er Impayé;2023-07-11;2023-08-02;79.05
14531735;2075962231;1er Impayé;2023-07-11;2023-08-02;196.51
14703025;2100432231;1er Impayé;2023-07-11;2023-08-02;191.33
14924498;2132071231;1er Impayé;2023-07-11;2023-07-14;167.92
14936125;2133732231;1er Impayé;2023-07-11;2023-08-02;61.13
14942936;2134705232;Mise en demeure;2023-09-01;2023-09-11;204.89
14942936;2134705232;2ème Impayé;2023-08-13;2023-08-31;124.08
14942936;2134705232;1er Impayé;2023-07-11;2023-08-02;41.36
15029421;2147060233;1er Impayé;2023-07-11;2023-08-02;51.66
15130354;2161479231;Mise en demeure;2023-07-28;2023-08-08;221.58
15130354;2161479231;1er Impayé;2023-07-11;2023-07-27;206.58
15136136;2162305231;1er Impayé;2023-07-11;2023-08-02;82.17
15191821;2170260231;1er Impayé;2023-07-11;2023-08-04;67.42
15243985;2177712231;1er Impayé;2023-07-11;2023-07-14;54.5
10407790;14868272331;1er Impayé;2023-05-28;2023-06-13;263.58
10439941;14914202316;2ème Impayé;2023-06-26;2023-06-27;289.32
10439941;14914202316;1er Impayé;2023-05-28;2023-06-13;144.66
11533376;1647625234;1er Impayé;2023-05-28;2023-06-13;157.97
12408446;1772635232;1er Impayé;2023-05-28;2023-06-13;100.94
14434288;2062041232;1er Impayé;2023-05-28;2023-06-13;113.89
15824481;2260640231;1er Impayé;2023-05-28;2023-06-02;144.37
15251783;2178826231;1er Impayé;2023-06-13;2023-06-30;53.85
15415373;2202196231;Suspension de garanties;2023-09-29;2023-10-05;111.76
15415373;2202196231;Annonce du contentieux;2023-10-06;2023-10-09;111.76
15415373;2202196231;Mise en demeure;2023-08-25;2023-09-28;111.76
15415373;2202196231;1er Impayé;2023-06-13;2023-06-24;48.38
15415373;2202196231;2ème Impayé;2023-08-10;2023-08-24;96.76
15504385;2214912231;1er Impayé;2023-06-13;2023-06-14;85.57
15538937;2219848231;1er Impayé;2023-06-13;2023-06-22;178.12
15900487;2271498231;2ème Impayé;2023-10-09;2023-10-26;519.68
15900487;2271498231;Mise en demeure;2023-10-27;2023-11-30;534.68
15900487;2271498231;1er Impayé;2023-09-11;2023-09-29;129.92
15901488;2271641231;Annonce du contentieux;2023-11-24;;329.16
15901488;2271641231;Suspension de garanties;2023-11-17;2023-11-23;329.16
15901488;2271641231;Mise en demeure;2023-10-13;2023-11-16;329.16
15901488;2271641231;1er Impayé;2023-09-11;2023-10-12;78.54
15907004;2272429231;1er Impayé;2023-09-11;2023-09-14;113.69
15920801;2274400231;1er Impayé;2023-09-11;2023-10-13;189.84
15936243;2276606231;1er Impayé;2023-09-11;2023-09-12;132.23
15940835;2277262231;1er Impayé;2023-09-11;2023-09-16;83.91
15940856;2277265231;1er Impayé;2023-09-11;2023-10-05;94.69
15951937;2278848231;2ème Impayé;2023-10-09;2023-10-26;532.12
15951937;2278848231;Mise en demeure;2023-10-27;;547.12
15951937;2278848231;1er Impayé;2023-09-11;2023-10-03;133.03
15979013;2282716231;1er Impayé;2023-09-11;2023-09-21;68.89
15979104;2282729231;Mise en demeure;2023-10-27;2023-11-30;263.4
15979104;2282729231;1er Impayé;2023-09-11;2023-09-29;62.1
15979104;2282729231;2ème Impayé;2023-10-11;2023-10-26;248.4
15983031;2283290231;1er Impayé;2023-09-11;2023-09-28;99.63
16004654;2286379231;1er Impayé;2023-09-11;2023-09-14;87.34
16007342;2286763231;Mise en demeure;2023-10-20;2023-10-30;227.19
16007342;2286763231;2ème Impayé;2023-10-05;2023-10-19;212.19
16007342;2286763231;1er Impayé;2023-09-11;2023-09-29;129.63
16008210;2286887231;1er Impayé;2023-09-11;2023-10-27;85.06
16008672;2286953231;1er Impayé;2023-09-11;2023-09-24;157.8
16019613;2288516231;Mise en demeure;2023-10-20;2023-11-23;401.35
16019613;2288516231;Suspension de garanties;2023-11-24;2023-11-30;401.35
16019613;2288516231;2ème Impayé;2023-10-05;2023-10-19;386.35
16019613;2288516231;1er Impayé;2023-09-11;2023-09-29;112.62
16022406;2288915231;1er Impayé;2023-09-11;2023-09-13;84.46
16029616;2289945231;1er Impayé;2023-09-11;2023-09-13;131.9
16032787;2290398231;1er Impayé;2023-09-11;2023-10-05;82.54
15834008;22620012301;Mise en demeure;2023-06-16;2023-07-20;89.63
15834008;22620012301;En recouvrement;2023-09-24;2023-10-15;179.31
15834008;22620012301;1ere lettre de relance;2023-06-02;2023-06-15;74.63
15834008;22620012301;Annonce du contentieux;2023-07-28;2023-09-23;89.63
15834008;22620012301;Suspension de garanties;2023-07-21;2023-07-27;89.63
15608580;22297972301;1ere lettre de relance;2023-06-02;2023-06-04;289.4
15873110;22675872301;1ere lettre de relance;2023-06-02;2023-06-06;85.95
10532894;15046992327;1ere lettre de relance;2023-06-02;2023-06-07;165.89
15872186;22674552301;Mise en demeure;2023-06-16;2023-06-20;127.4
15872186;22674552301;1ere lettre de relance;2023-06-02;2023-06-15;127.4
13287415;18982022301;Mise en demeure;2023-06-16;2023-06-22;55.98
13287415;18982022301;1ere lettre de relance;2023-06-02;2023-06-15;40.98
15768852;22526932303;1ere lettre de relance;2023-07-28;2023-08-07;236.7
15873012;22675732301;1ere lettre de relance;2023-07-28;2023-08-10;145.08
15208425;21726322302;1ere lettre de relance;2023-07-28;2023-08-10;300.3
15208425;21726322302;Mise en demeure;2023-08-11;2023-08-20;315.3
282353;403362338;1ere lettre de relance;2023-07-28;2023-08-06;203.85
13264882;18949832301;1ere lettre de relance;2023-07-28;2023-08-03;273.26
15560833;22229762303;Annonce du contentieux;2023-09-22;2023-09-24;325.46
15560833;22229762303;Suspension de garanties;2023-09-15;2023-09-21;325.46
15560833;22229762303;1ere lettre de relance;2023-07-28;2023-08-10;460.46
15560833;22229762303;Mise en demeure;2023-08-11;2023-09-14;475.46
14077365;20110522309;Annonce du contentieux;2023-09-22;2023-09-27;180.13
14077365;20110522309;1ere lettre de relance;2023-07-28;2023-08-10;89.71
14077365;20110522309;Mise en demeure;2023-08-11;2023-09-14;194.42
14077365;20110522309;Suspension de garanties;2023-09-15;2023-09-21;195.13
15442540;22060772302;Annonce du contentieux;2023-09-22;2023-10-17;261.4
15442540;22060772302;Suspension de garanties;2023-09-15;2023-09-21;261.4
15442540;22060772302;1ere lettre de relance;2023-07-28;2023-08-10;246.4
15442540;22060772302;Mise en demeure;2023-08-11;2023-09-14;261.4
15753459;22504942302;1ere lettre de relance;2023-07-28;2023-08-04;481.39
13530980;1932997234;Mise en demeure;2023-08-11;2023-09-07;381.72
13530980;1932997234;2ème Impayé;2023-07-25;2023-08-10;366.72
13530980;1932997234;1er Impayé;2023-06-25;2023-07-11;91.68
15689808;2241401232;Annonce du contentieux;2023-09-22;2023-09-28;210.68
15689808;2241401232;Suspension de garanties;2023-09-15;2023-09-21;210.68
15689808;2241401232;Mise en demeure;2023-08-11;2023-09-14;410.68
15689808;2241401232;2ème Impayé;2023-07-25;2023-08-10;395.68
15689808;2241401232;1er Impayé;2023-06-25;2023-06-29;83.16
15707077;2243868231;1er Impayé;2023-06-25;2023-07-10;99.56
15897701;2271100231;1er Impayé;2023-06-25;2023-07-05;61.69
15901446;2271635231;2ème Impayé;2023-07-11;2023-07-28;343.56
15901446;2271635231;1er Impayé;2023-06-25;2023-06-30;78.69
8833658;1261951233;1er Impayé;2023-11-07;;147.22
3882684;5546692319;1er Impayé;2023-11-07;2023-11-19;184.53
7818574;1116939235;1er Impayé;2023-11-07;;133.77
8642894;1234699235;1er Impayé;2023-11-07;;93.3
9516886;1359555231;1er Impayé;2023-11-07;;303.2
10089353;1441336237;1er Impayé;2023-11-07;;223.4
11085614;1583659231;1er Impayé;2023-11-07;;177.36
11162264;1594609231;1er Impayé;2023-11-07;;217.56
11380643;1625806234;1er Impayé;2023-11-07;2023-11-09;52.5
11522568;1646081231;1er Impayé;2023-11-07;;230.24
12031811;1718830232;1er Impayé;2023-11-07;;48.35
12437818;1776831231;1er Impayé;2023-11-07;;50.84
12513810;1787687232;1er Impayé;2023-11-07;;107.54
12515238;1787891238;1er Impayé;2023-11-07;;111.08
12859491;1837070231;1er Impayé;2023-11-07;;66.09
12917255;1845322231;1er Impayé;2023-11-07;;192.84
13493425;1927632233;1er Impayé;2023-11-07;;95.32
13687178;1955311231;1er Impayé;2023-11-07;2023-11-13;200.5
13773180;1967597231;1er Impayé;2023-11-07;;78.42
13950679;1992954231;1er Impayé;2023-11-07;;134.98
13951120;1993017231;1er Impayé;2023-11-07;;117.54
14048483;2006926231;1er Impayé;2023-11-07;2023-11-10;64.23
14212269;2030324231;1er Impayé;2023-11-07;;145.0
14368474;2052639231;1er Impayé;2023-11-07;;163.26
14395816;2056545231;1er Impayé;2023-11-07;2023-11-10;110.98
14485122;2069303231;1er Impayé;2023-11-07;2023-11-22;114.65
15273889;2181984235;1er Impayé;2023-07-11;2023-08-02;109.36
15314594;2187799231;1er Impayé;2023-07-11;2023-08-02;76.84
15318360;2188337232;1er Impayé;2023-07-11;2023-07-12;95.82
15430346;2204335231;Mise en demeure;2023-07-28;2023-08-21;333.63
15430346;2204335231;1er Impayé;2023-07-11;2023-07-27;318.63
15432565;2204652231;1er Impayé;2023-07-11;2023-08-02;173.8
15511875;2215982231;1er Impayé;2023-07-11;2023-08-04;53.74
15553168;2221881231;1er Impayé;2023-07-11;2023-08-04;56.25
15618275;2231182231;1er Impayé;2023-07-11;2023-07-23;286.77
15640255;2234322231;1er Impayé;2023-07-11;2023-08-02;26.62
15644105;2234872232;Mise en demeure;2023-08-04;2023-09-04;447.35
15644105;2234872232;1er Impayé;2023-07-11;2023-08-03;432.35
15671783;2238826231;1er Impayé;2023-07-11;2023-08-02;82.78
15701442;2243063231;1er Impayé;2023-07-11;2023-08-02;31.92
15780906;2254415231;Suspension de garanties;2023-09-01;2023-09-07;212.38
15780906;2254415231;Mise en demeure;2023-07-28;2023-08-31;212.38
15780906;2254415231;1er Impayé;2023-07-11;2023-07-27;296.07
15780906;2254415231;Annonce du contentieux;2023-09-08;2023-11-27;212.38
15782978;2254711232;Mise en demeure;2023-07-28;2023-09-01;194.94
15782978;2254711232;1er Impayé;2023-07-11;2023-07-27;179.94
15821016;2260145231;1er Impayé;2023-07-11;2023-07-14;132.25
15849814;2264259231;2ème Impayé;2023-08-13;2023-08-29;505.73
15849814;2264259231;1er Impayé;2023-07-11;2023-08-04;175.91
15877037;2268148231;Suspension de garanties;2023-09-01;2023-09-07;266.37
15877037;2268148231;Mise en demeure;2023-07-28;2023-08-31;482.37
15877037;2268148231;1er Impayé;2023-07-11;2023-07-27;467.37
15877037;2268148231;Annonce du contentieux;2023-09-08;2023-09-11;266.37
15878668;2268381231;1er Impayé;2023-07-11;2023-08-02;52.72
15881923;2268846231;Mise en demeure;2023-07-28;2023-08-28;209.36
15881923;2268846231;1er Impayé;2023-07-11;2023-07-27;194.36
15885556;2269365231;1er Impayé;2023-07-11;2023-08-07;364.55
15899122;2271303231;2ème Impayé;2023-08-08;2023-08-24;231.12
15899122;2271303231;Suspension de garanties;2023-09-29;2023-10-05;246.12
15899122;2271303231;Mise en demeure;2023-08-25;2023-09-28;246.12
15899122;2271303231;Annonce du contentieux;2023-10-06;2023-11-27;246.12
15899122;2271303231;1er Impayé;2023-07-11;2023-08-02;114.24
15923671;2274810231;1er Impayé;2023-07-11;2023-08-04;382.82
15928144;2275449231;1er Impayé;2023-07-11;2023-07-19;196.4
15934815;2276402231;1er Impayé;2023-07-11;2023-08-02;69.64
15938392;2276913231;1er Impayé;2023-07-11;2023-07-19;622.55
15940912;2277273231;1er Impayé;2023-07-11;2023-08-07;451.81
5809042;8298632319;1er Impayé;2023-07-23;2023-08-10;1700.64
5809042;8298632319;Mise en demeure;2023-08-11;2023-08-17;1715.64
12495491;1785070232;1er Impayé;2023-02-12;2023-03-02;53.74
15571158;2224451231;Suspension de garanties;2023-08-18;2023-08-21;598.68
15571158;2224451231;1er Impayé;2023-06-13;2023-07-13;145.92
15571158;2224451231;Mise en demeure;2023-07-14;2023-08-17;598.68
15615538;2230791231;1er Impayé;2023-06-13;2023-06-30;83.89
15671531;2238790231;1er Impayé;2023-06-13;2023-07-11;186.25
15694680;2242097231;2ème Impayé;2023-08-06;2023-08-09;151.61
15694680;2242097231;1er Impayé;2023-06-13;2023-06-14;83.01
15702296;2243185231;1er Impayé;2023-06-13;2023-06-19;256.58
15775838;2253691231;1er Impayé;2023-06-13;2023-06-16;160.33
15805280;2257897231;1er Impayé;2023-06-13;2023-06-14;387.75
15823165;2260452231;1er Impayé;2023-06-13;2023-06-23;83.06
15828765;2261252231;1er Impayé;2023-06-13;2023-06-14;150.05
15840007;2262858231;1er Impayé;2023-06-13;2023-06-29;235.35
15858032;2265433231;Suspension de garanties;2023-08-18;2023-08-24;345.09
15858032;2265433231;Annonce du contentieux;2023-08-25;2023-09-14;345.09
15858032;2265433231;1er Impayé;2023-06-13;2023-07-13;125.43
15858032;2265433231;Mise en demeure;2023-07-14;2023-08-17;345.09
15870842;2267263231;1er Impayé;2023-06-13;2023-07-13;115.98
15870842;2267263231;Mise en demeure;2023-07-14;2023-07-24;338.73
15873551;2267650231;1er Impayé;2023-06-13;2023-07-08;42.21
15876064;2268009231;1er Impayé;2023-06-13;2023-06-26;80.93
15876540;2268077231;1er Impayé;2023-06-13;2023-06-14;368.23
15876540;2268077231;2ème Impayé;2023-07-05;2023-07-12;851.91
15883274;2269039231;1er Impayé;2023-06-13;2023-06-30;105.32
15883274;2269039231;2ème Impayé;2023-07-05;2023-07-20;388.28
15883274;2269039231;Mise en demeure;2023-07-21;2023-08-15;403.28
15617610;22310872302;1ere lettre de relance;2023-08-11;2023-08-28;314.64
8877275;12681822301;1ere lettre de relance;2023-07-28;2023-08-10;690.66
8877275;12681822301;Mise en demeure;2023-08-11;2023-08-30;705.66
15484414;22120592302;1ere lettre de relance;2023-07-28;2023-08-07;341.49
7656685;10938122313;1er Impayé;2023-10-12;2023-10-13;189.23
8657356;12367652314;1er Impayé;2023-10-12;2023-11-07;100.7
8657356;12367652314;2ème Impayé;2023-11-14;;302.1
9010989;1287284233;1er Impayé;2023-10-12;2023-11-02;304.7
9254575;1322082234;1er Impayé;2023-10-12;2023-11-07;122.97
9254575;1322082234;2ème Impayé;2023-11-14;;368.91
9261743;1323106231;1er Impayé;2023-10-12;2023-11-07;71.31
9503838;1357691231;Mise en demeure;2023-10-27;2023-11-30;516.75
9503838;1357691231;1er Impayé;2023-10-12;2023-10-26;501.75
9902208;1414601231;1er Impayé;2023-10-12;2023-11-02;113.13
9902208;1414601231;2ème Impayé;2023-11-08;;339.39
10178323;1454046233;1er Impayé;2023-10-12;2023-11-02;99.73
12099074;1728439236;1er Impayé;2023-10-12;2023-11-07;114.61
12099074;1728439236;2ème Impayé;2023-11-14;;343.83
12299169;1757024235;1er Impayé;2023-10-12;2023-11-07;229.21
12299169;1757024235;2ème Impayé;2023-11-14;;687.63
12370968;1767281233;1er Impayé;2023-10-12;2023-11-07;150.64
12419002;1774143237;1er Impayé;2023-10-12;2023-11-07;85.27
12419002;1774143237;2ème Impayé;2023-11-14;;255.81
12600148;1800021234;1er Impayé;2023-10-12;2023-11-07;112.49
12600148;1800021234;2ème Impayé;2023-11-14;;337.47
12783947;1826278235;2ème Impayé;2023-11-13;;267.83
12783947;1826278235;1er Impayé;2023-10-12;2023-10-14;267.83
13077093;1868156236;1er Impayé;2023-10-12;2023-11-07;89.18
13259051;1894150231;1er Impayé;2023-10-12;2023-11-02;732.78
14765836;2109405232;1er Impayé;2023-11-07;;347.36
14811959;2115994231;1er Impayé;2023-11-07;2023-11-22;67.3
14880930;2125847232;1er Impayé;2023-11-07;;86.11
15007308;2143901231;1er Impayé;2023-11-07;;236.46
15082194;2154599231;1er Impayé;2023-11-07;;140.66
15090986;2155855231;1er Impayé;2023-11-07;;358.88
15236614;2176659233;1er Impayé;2023-11-07;;152.2
15238959;2176994231;1er Impayé;2023-11-07;2023-11-09;157.12
15241367;2177338231;1er Impayé;2023-11-07;2023-11-09;46.08
15269584;2181369232;1er Impayé;2023-11-07;;91.28
15269661;2181380233;1er Impayé;2023-11-07;;42.53
15305550;2186507233;1er Impayé;2023-11-07;;141.71
15307643;2186806231;1er Impayé;2023-11-07;;192.78
15341012;2191573231;1er Impayé;2023-11-07;;102.8
15389760;2198537231;1er Impayé;2023-11-07;;251.54
15391272;2198753231;1er Impayé;2023-11-07;2023-11-09;40.96
15477337;2211048231;1er Impayé;2023-11-07;;315.06
15589813;2227116231;1er Impayé;2023-11-07;;67.92
15626899;2232414231;1er Impayé;2023-11-07;;63.56
15682199;2240314232;1er Impayé;2023-11-07;;127.62
15683368;2240481232;1er Impayé;2023-11-07;;328.86
15753711;2250530231;1er Impayé;2023-11-07;;306.96
15856954;2265279232;1er Impayé;2023-11-07;;105.64
15786919;2255274232;1er Impayé;2023-11-07;;153.04
15875427;2267918231;1er Impayé;2023-11-07;2023-11-14;270.1
15875651;2267950232;1er Impayé;2023-11-07;;109.29
15877513;2268216231;1er Impayé;2023-11-07;;199.94
15886011;2269430231;1er Impayé;2023-11-07;;561.7
15934815;2276402232;1er Impayé;2023-11-07;;46.54
15952497;2278928231;1er Impayé;2023-11-07;2023-11-09;47.31
15992929;2284704232;1er Impayé;2023-11-07;2023-11-09;77.54
15994294;2284899231;1er Impayé;2023-11-07;;125.36
16014657;2287808231;1er Impayé;2023-11-07;;51.92
16015707;2287958231;1er Impayé;2023-11-07;2023-11-13;60.09
16058043;2294006231;1er Impayé;2023-11-07;2023-11-08;80.13
16071623;2295946231;1er Impayé;2023-11-07;2023-11-08;47.88
16078049;2296864231;1er Impayé;2023-11-07;;27.72
16079190;2297027231;1er Impayé;2023-11-07;;134.09
16085119;2297874231;1er Impayé;2023-11-07;;181.76
15574133;2224876232;Mise en demeure;2023-09-01;2023-10-05;129.6
15574133;2224876232;Suspension de garanties;2023-10-06;2023-10-11;129.6
15574133;2224876232;1er Impayé;2023-08-10;2023-08-31;114.6
14963740;2137677232;1er Impayé;2023-08-13;2023-09-03;126.11
7656685;10938122312;1er Impayé;2023-08-14;2023-08-18;189.23
8574462;1224923239;Mise en demeure;2023-10-20;2023-11-15;3203.23
8574462;1224923239;2ème Impayé;2023-09-07;2023-10-19;1594.12
8574462;1224923239;1er Impayé;2023-08-14;2023-09-07;1062.75
9480185;1354312231;2ème Impayé;2023-09-14;2023-10-02;463.83
9480185;1354312231;1er Impayé;2023-08-14;2023-09-06;463.83
9719781;13885402316;Mise en demeure;2023-10-13;2023-11-09;492.1
9719781;13885402316;1er Impayé;2023-08-14;2023-09-06;95.42
10271073;1467296233;1er Impayé;2023-08-14;2023-09-03;91.79
10306080;1472297233;1er Impayé;2023-08-14;2023-09-06;145.95
10520567;1502938234;1er Impayé;2023-08-14;2023-09-06;126.74
11842594;1691799238;1er Impayé;2023-08-14;2023-09-04;126.71
9719781;13885402316;2ème Impayé;2023-09-13;2023-10-12;190.84
12190606;1741515233;1er Impayé;2023-08-14;2023-09-06;67.39
12388629;1769804232;1er Impayé;2023-08-14;2023-09-06;93.21
12692506;18132152318;2ème Impayé;2023-10-08;2023-11-09;279.2
12692506;18132152318;1er Impayé;2023-08-14;2023-09-06;69.8
12692506;18132152318;Mise en demeure;2023-11-10;2023-11-30;294.2
13012294;1858899237;1er Impayé;2023-08-14;2023-09-06;74.47
13077093;1868156235;1er Impayé;2023-08-14;2023-09-06;89.18
13316514;1902359232;1er Impayé;2023-08-14;2023-09-06;55.44
13368524;1909789236;Mise en demeure;2023-10-20;2023-11-23;741.8
13368524;1909789236;Suspension de garanties;2023-11-24;2023-11-30;741.8
13368524;1909789236;1er Impayé;2023-08-14;2023-09-06;145.36
13368524;1909789236;2ème Impayé;2023-09-13;2023-10-19;290.72
13389279;1912754235;1er Impayé;2023-08-14;2023-08-19;83.96
13484444;1926349233;1er Impayé;2023-08-14;2023-09-06;80.92
13660837;1951548231;1er Impayé;2023-08-14;2023-09-03;159.42
15545468;22207812302;Mise en demeure;2023-08-25;2023-10-25;162.72
15545468;22207812302;1ere lettre de relance;2023-08-11;2023-08-24;147.72
15492149;22131642302;Mise en demeure;2023-08-25;2023-09-06;172.98
15492149;22131642302;1ere lettre de relance;2023-08-11;2023-08-24;157.98
14361586;20516552304;Mise en demeure;2023-10-13;2023-11-09;347.8
14361586;20516552304;2ème Impayé;2023-09-24;2023-10-12;133.12
14361586;20516552304;1ere lettre de relance;2023-08-11;2023-09-24;133.12
15595756;22279652302;Annonce du contentieux;2023-11-17;;388.36
15595756;22279652302;Mise en demeure;2023-08-25;2023-11-09;394.68
15595756;22279652302;1ere lettre de relance;2023-08-11;2023-08-24;379.68
15595756;22279652302;Suspension de garanties;2023-11-10;2023-11-16;581.36
15475573;22107962301;Mise en demeure;2023-08-25;2023-08-31;243.94
15475573;22107962301;1ere lettre de relance;2023-08-11;2023-08-24;228.94
15531265;22187522303;Mise en demeure;2023-08-25;2023-09-28;256.46
15531265;22187522303;1ere lettre de relance;2023-08-11;2023-08-24;241.46
15302722;21861032301;Mise en demeure;2023-09-01;2023-09-18;455.6
15302722;21861032301;1ere lettre de relance;2023-08-11;2023-08-31;528.72
16018157;2288308231;1er Impayé;2023-10-09;2023-11-02;85.0
16018157;2288308231;2ème Impayé;2023-11-08;;255.0
16021860;2288837231;1er Impayé;2023-10-09;2023-10-12;154.85
16024268;2289181231;1er Impayé;2023-10-09;2023-10-11;196.25
16024310;2289187231;1er Impayé;2023-10-09;2023-10-13;70.4
16024310;2289187231;2ème Impayé;2023-11-08;2023-11-15;141.16
16026690;2289527231;1er Impayé;2023-10-09;2023-11-02;34.65
16026690;2289527231;2ème Impayé;2023-11-08;;103.95
16043343;2291906231;1er Impayé;2023-10-09;2023-10-26;134.79
16057322;2293903231;1er Impayé;2023-10-09;2023-10-23;310.79
16063657;2294808231;1er Impayé;2023-10-12;2023-11-02;103.46
16091734;2298819231;1er Impayé;2023-10-29;2023-11-02;75.04
16091734;2298819231;2ème Impayé;2023-11-08;;211.58
15880516;22686452301;1ere lettre de relance;2023-06-09;2023-06-23;127.4
12645228;18064612301;1ere lettre de relance;2023-06-09;2023-06-19;583.87
15877534;22682192301;1ere lettre de relance;2023-06-09;2023-06-18;561.61
14891437;21273482303;1ere lettre de relance;2023-06-09;2023-07-13;78.95
14891437;21273482303;Mise en demeure;2023-07-14;2023-07-19;157.9
13349554;19070792301;1ere lettre de relance;2023-06-09;2023-06-14;76.98
15315273;21878962303;1ere lettre de relance;2023-06-09;2023-06-12;121.82
13557174;19367392301;1ere lettre de relance;2023-06-09;2023-06-21;147.33
13995143;19993062302;1ere lettre de relance;2023-06-09;2023-06-23;156.05
13388152;1912593231;1er Impayé;2023-10-12;2023-11-07;57.76
13388712;1912673234;Mise en demeure;2023-10-27;2023-11-23;508.86
13388712;1912673234;1er Impayé;2023-10-12;2023-10-26;493.86
13450900;1921557233;1er Impayé;2023-10-12;2023-11-07;64.48
13502693;1928956231;1er Impayé;2023-10-12;2023-11-02;181.62
13831917;1975988232;1er Impayé;2023-10-12;2023-11-07;221.04
13831917;1975988232;2ème Impayé;2023-11-15;;663.12
13936021;1990860236;1er Impayé;2023-10-12;2023-11-07;66.5
13936021;1990860236;2ème Impayé;2023-11-14;2023-11-28;199.5
13965547;1995078231;1er Impayé;2023-10-12;2023-11-07;105.68
13997075;1999582231;1er Impayé;2023-10-12;2023-11-07;103.89
14144201;2020600231;1er Impayé;2023-10-12;2023-11-07;118.97
13745481;1963640235;1er Impayé;2023-08-14;2023-09-06;261.58
13974962;1996423231;1er Impayé;2023-08-14;2023-08-28;48.95
14031235;2004462231;1er Impayé;2023-08-14;2023-09-06;72.64
14058374;2008339233;1er Impayé;2023-08-14;2023-09-06;95.94
14126246;2018035231;1er Impayé;2023-08-14;2023-09-06;60.26
14126253;2018036231;1er Impayé;2023-08-14;2023-09-06;33.63
14280855;2040122233;1er Impayé;2023-08-14;2023-09-06;46.09
14348909;2049844232;1er Impayé;2023-08-14;2023-09-06;81.63
14399449;2057064234;Mise en demeure;2023-10-13;2023-11-06;737.6
14399449;2057064234;2ème Impayé;2023-09-12;2023-10-12;289.04
14399449;2057064234;1er Impayé;2023-08-14;2023-09-03;144.52
14537538;2076791231;1er Impayé;2023-08-14;2023-09-06;131.2
14566441;2080920234;1er Impayé;2023-08-14;2023-09-03;171.79
14620845;2088692231;1er Impayé;2023-08-14;2023-09-03;80.81
14662257;2094608232;1er Impayé;2023-08-14;2023-09-06;71.14
14702570;2100367231;2ème Impayé;2023-09-06;2023-09-07;114.76
14702570;2100367231;1er Impayé;2023-08-14;2023-09-03;57.38
14774243;2110606231;1er Impayé;2023-08-14;2023-09-06;105.48
14974835;2139262233;1er Impayé;2023-08-14;2023-09-03;75.35
14994498;2142071231;Mise en demeure;2023-09-01;2023-09-24;455.4
14994498;2142071231;1er Impayé;2023-08-14;2023-08-31;293.6
15075852;2153693234;1er Impayé;2023-08-14;2023-08-31;21.2
15186095;2169442231;1er Impayé;2023-08-14;2023-08-16;39.7
15208901;2172700232;1er Impayé;2023-08-14;2023-09-03;68.94
15229383;2175626232;1er Impayé;2023-08-14;2023-09-03;64.07
15230251;2175750231;1er Impayé;2023-08-14;2023-08-27;159.6
15236439;2176634232;1er Impayé;2023-08-14;2023-09-06;79.95
15243628;2177661231;1er Impayé;2023-08-14;2023-09-13;88.52
15243628;2177661231;2ème Impayé;2023-10-04;2023-10-17;442.6
7104497;1014928232;Mise en demeure;2023-09-01;2023-09-13;889.36
7104497;1014928232;1er Impayé;2023-08-13;2023-08-31;874.36
9276660;13252372312;1er Impayé;2023-08-13;2023-09-03;152.7
10660196;15228852311;1er Impayé;2023-08-13;2023-09-03;174.1
11666831;1666690231;1er Impayé;2023-08-13;2023-09-03;156.39
12039819;1719974232;Suspension de garanties;2023-11-17;2023-11-23;721.65
12039819;1719974232;Annonce du contentieux;2023-11-24;;721.65
12039819;1719974232;Mise en demeure;2023-10-13;2023-11-16;721.65
12039819;1719974232;2ème Impayé;2023-09-11;2023-10-12;282.66
12039819;1719974232;1er Impayé;2023-08-13;2023-09-03;141.33
12115209;1730744233;1er Impayé;2023-08-13;2023-09-03;109.61
12154444;1736349233;Mise en demeure;2023-09-01;2023-09-13;244.7
12154444;1736349233;1er Impayé;2023-08-13;2023-08-31;229.7
12175675;1739382232;1er Impayé;2023-08-13;2023-09-29;245.31
12222190;1746027232;1er Impayé;2023-08-13;2023-08-22;175.76
12318174;1759739232;1er Impayé;2023-08-13;2023-09-03;66.14
12380747;1768678231;1er Impayé;2023-08-13;2023-09-03;168.29
12550749;1792964232;1er Impayé;2023-08-13;2023-09-03;213.04
12623836;1803405232;1er Impayé;2023-08-13;2023-09-03;45.37
13008402;1858343236;Mise en demeure;2023-09-01;2023-09-27;197.89
13008402;1858343236;1er Impayé;2023-08-13;2023-08-31;365.78
13184879;1883554232;1er Impayé;2023-08-13;2023-09-03;229.97
13256552;1893793231;1er Impayé;2023-08-13;2023-09-03;190.49
13460203;1922886235;Mise en demeure;2023-11-06;;911.45
13460203;1922886235;2ème Impayé;2023-09-12;;364.58
13460203;1922886235;1er Impayé;2023-08-13;2023-09-06;182.29
13613258;1944751231;1er Impayé;2023-08-13;2023-09-03;48.13
13944036;1992005234;1er Impayé;2023-08-13;2023-09-06;79.47
14304704;2043529231;1er Impayé;2023-08-13;2023-09-03;107.55
14233626;2033375236;1er Impayé;2023-10-12;2023-11-07;121.8
14233626;2033375236;2ème Impayé;2023-11-14;;365.4
14274289;2039184232;1er Impayé;2023-10-12;2023-11-08;486.39
14274289;2039184232;2ème Impayé;2023-11-08;;610.65
14312740;2044677235;1er Impayé;2023-10-12;2023-11-07;72.83
14312740;2044677235;2ème Impayé;2023-11-14;;218.49
14315141;2045020235;1er Impayé;2023-10-12;2023-11-07;91.02
14397153;2056736233;1er Impayé;2023-10-12;2023-11-07;129.19
14419896;2059985231;1er Impayé;2023-10-12;2023-10-19;72.67
14448869;2064124234;1er Impayé;2023-10-12;2023-10-27;454.0
14500809;2071544233;1er Impayé;2023-10-12;2023-11-02;143.1
14563109;2080444238;1er Impayé;2023-10-12;2023-11-07;161.97
14565181;2080740232;1er Impayé;2023-10-12;2023-10-19;37.51
14610240;2087177233;1er Impayé;2023-10-12;2023-11-02;56.39
14610240;2087177233;2ème Impayé;2023-11-08;2023-11-19;169.17
14617212;2088173231;1er Impayé;2023-10-12;2023-11-07;59.72
14617212;2088173231;2ème Impayé;2023-11-14;;179.16
14683887;2097698234;1er Impayé;2023-10-12;2023-11-01;148.62
14683887;2097698234;2ème Impayé;2023-11-15;;297.24
14771058;2110151233;Mise en demeure;2023-10-27;2023-11-29;345.03
14771058;2110151233;1er Impayé;2023-10-12;2023-10-26;330.03
14900201;2128600231;1er Impayé;2023-10-12;2023-11-07;60.49
14909441;2129920231;1er Impayé;2023-10-12;2023-11-07;50.05
14909441;2129920231;2ème Impayé;2023-11-14;;150.15
15045206;2149315232;1er Impayé;2023-10-12;2023-11-02;78.25
15049756;2149965231;1er Impayé;2023-10-12;2023-11-07;75.04
15049756;2149965231;2ème Impayé;2023-11-15;;225.12
15050876;2150125231;1er Impayé;2023-10-12;2023-11-07;77.15
15073409;2153344231;1er Impayé;2023-10-12;2023-11-02;47.72
15081018;2154431233;1er Impayé;2023-10-12;2023-10-16;105.99
15081018;2154431233;2ème Impayé;2023-11-14;2023-11-19;211.98
15099155;2157022231;1er Impayé;2023-10-12;2023-11-07;131.44
15099155;2157022231;2ème Impayé;2023-11-14;;394.32
15127890;2161127232;1er Impayé;2023-10-12;2023-11-07;84.73
15127890;2161127232;2ème Impayé;2023-11-14;;254.19
15149737;2164248234;1er Impayé;2023-10-12;2023-11-24;77.58
15153349;2164764232;1er Impayé;2023-10-12;2023-11-07;100.29
15153349;2164764232;2ème Impayé;2023-11-14;;300.87
15166110;2166587234;1er Impayé;2023-10-12;2023-11-07;167.42
15166110;2166587234;2ème Impayé;2023-11-15;;502.26
15166278;2166611231;1er Impayé;2023-10-12;2023-11-07;71.53
15208901;2172700233;2ème Impayé;2023-11-13;;206.82
15208901;2172700233;1er Impayé;2023-10-12;2023-11-02;68.94
15236439;2176634233;1er Impayé;2023-10-12;2023-11-07;79.95
15256123;2179446231;1er Impayé;2023-10-12;2023-11-07;95.74
15273357;2181908234;1er Impayé;2023-10-12;2023-10-16;163.16
15304997;2186428233;1er Impayé;2023-10-12;2023-11-07;55.99
15304997;2186428233;2ème Impayé;2023-11-14;;167.97
15307699;2186814232;1er Impayé;2023-10-12;2023-11-14;73.98
15310842;2187263233;2ème Impayé;2023-11-12;;392.04
15310842;2187263233;1er Impayé;2023-10-12;2023-11-07;130.68
15341215;2191602232;Mise en demeure;2023-10-27;2023-11-07;225.12
15341215;2191602232;1er Impayé;2023-10-12;2023-10-26;210.12
4758475;679782231;1er Impayé;2023-11-06;2023-11-29;177.38
7691888;10988412325;1er Impayé;2023-11-06;2023-11-30;517.38
8920227;1274318232;1er Impayé;2023-11-06;;440.1
9037288;12910412313;1er Impayé;2023-11-06;;368.62
9123437;1303348234;1er Impayé;2023-11-06;;94.16
9495585;1356512231;1er Impayé;2023-11-06;;596.94
9532055;1361722232;1er Impayé;2023-11-06;;187.12
9824186;1403455231;1er Impayé;2023-11-06;;129.34
11026716;1575245231;1er Impayé;2023-11-06;2023-11-26;295.14
11498215;1642602231;1er Impayé;2023-11-06;;141.18
12537407;1791058231;1er Impayé;2023-11-06;;145.88
13015241;1859320232;1er Impayé;2023-11-06;;130.66
13307848;1901121231;1er Impayé;2023-11-06;;70.24
13717782;1959683231;1er Impayé;2023-11-06;;387.32
14329960;2047137231;1er Impayé;2023-11-06;;96.89
14535158;2076451231;1er Impayé;2023-11-06;;169.22
15086688;2155241231;1er Impayé;2023-11-06;;353.8
15092848;2156121231;1er Impayé;2023-11-06;;120.54
15093765;2156252231;1er Impayé;2023-11-06;;300.92
15205247;2172178231;1er Impayé;2023-11-06;;125.42
15233359;2176194231;1er Impayé;2023-11-06;;104.78
15240933;2177276231;1er Impayé;2023-11-06;;282.18
15248017;2178288231;1er Impayé;2023-11-06;;147.62
15248332;2178333231;1er Impayé;2023-11-06;;113.96
15251881;2178840233;1er Impayé;2023-11-06;;62.66
7350666;10500952314;1er Impayé;2023-10-24;2023-11-14;116.18
9953707;1421958232;1er Impayé;2023-10-24;2023-10-28;312.22
10208626;14583752311;1er Impayé;2023-10-24;2023-11-14;130.56
12194750;1742107234;2ème Impayé;2023-11-22;;314.76
12194750;1742107234;1er Impayé;2023-10-24;2023-11-14;104.92
13003964;1857709234;2ème Impayé;2023-11-22;;276.09
13003964;1857709234;1er Impayé;2023-10-24;2023-11-14;92.03
13594435;1942062235;1er Impayé;2023-10-24;2023-11-14;134.96
13932199;1990314231;1er Impayé;2023-10-24;2023-11-14;165.63
13932248;1990321231;1er Impayé;2023-10-24;2023-11-14;56.21
14607636;2086805231;1er Impayé;2023-10-24;2023-11-14;68.9
14905192;2129313231;1er Impayé;2023-10-24;2023-11-14;78.65
15142051;2163150234;1er Impayé;2023-10-24;2023-11-09;328.56
15142051;2163150234;Mise en demeure;2023-11-10;;234.04
15191457;2170208232;1er Impayé;2023-10-24;2023-11-14;82.28
15384741;2197820231;1er Impayé;2023-10-24;2023-11-14;87.93
15386134;2198019231;1er Impayé;2023-10-24;2023-11-14;75.05
15407281;2201040231;2ème Impayé;2023-11-22;;172.8
15407281;2201040231;1er Impayé;2023-10-24;2023-11-14;57.6
15429576;2204225233;2ème Impayé;2023-11-22;;149.01
15429576;2204225233;1er Impayé;2023-10-24;2023-11-14;49.67
15776783;2253826231;1er Impayé;2023-10-24;2023-11-06;122.11
15780535;2254362231;1er Impayé;2023-10-24;2023-11-09;420.35
15780535;2254362231;Mise en demeure;2023-11-10;;435.35
15789474;2255639232;1er Impayé;2023-10-24;2023-11-09;317.31
15789474;2255639232;Mise en demeure;2023-11-10;;226.31
15914109;2273444231;2ème Impayé;2023-11-23;;405.21
15914109;2273444231;1er Impayé;2023-10-24;2023-11-14;135.07
16038940;2291277231;2ème Impayé;2023-11-22;;254.3
16038940;2291277231;1er Impayé;2023-10-24;2023-11-03;97.0
16049818;2292831231;2ème Impayé;2023-11-22;;265.47
16049818;2292831231;1er Impayé;2023-10-24;2023-11-03;126.53
16073842;2296263231;1er Impayé;2023-10-24;2023-11-09;81.5
16073842;2296263231;Mise en demeure;2023-11-10;;175.38
16088031;2298290231;1er Impayé;2023-10-24;2023-11-07;97.09
16088031;2298290231;2ème Impayé;2023-11-14;;280.93
16091167;2298738231;1er Impayé;2023-10-24;2023-11-02;57.1
16091167;2298738231;2ème Impayé;2023-11-08;;149.14
16098356;2299765231;1er Impayé;2023-10-24;2023-11-03;63.84
16098356;2299765231;2ème Impayé;2023-11-14;;187.4
16109934;2301419231;1er Impayé;2023-10-24;2023-11-02;141.57
16109934;2301419231;2ème Impayé;2023-11-08;;567.63
15233212;21761732304;Mise en demeure;2023-08-04;2023-08-21;222.21
4317258;6167512383;1ere lettre de relance;2023-07-21;2023-07-25;507.78
15233212;21761732304;1ere lettre de relance;2023-07-21;2023-08-03;207.21
15671531;22387902302;Mise en demeure;2023-08-04;2023-07-21;387.5
15671531;22387902302;1ere lettre de relance;2023-07-21;2023-08-03;558.75
12189493;17413562302;Mise en demeure;2023-08-04;2023-08-10;245.52
12189493;17413562302;1ere lettre de relance;2023-07-21;2023-08-03;230.52
4442698;6346712351;1ere lettre de relance;2023-07-21;2023-08-02;447.03
13866770;19809672308;1ere lettre de relance;2023-07-21;2023-07-31;368.73
5415544;7736492369;1ere lettre de relance;2023-07-21;2023-07-25;325.53
15146846;21638352304;Mise en demeure;2023-08-04;2023-08-05;106.2
15146846;21638352304;1ere lettre de relance;2023-07-21;2023-08-03;91.2
5241482;7487832308;Mise en demeure;2023-08-04;2023-08-10;866.28
5241482;7487832308;1ere lettre de relance;2023-07-21;2023-08-03;851.28
14924099;21320142302;Mise en demeure;2023-08-04;2023-08-14;123.91
14924099;21320142302;1ere lettre de relance;2023-07-21;2023-08-03;108.91
9054956;12935652335;1ere lettre de relance;2023-07-21;2023-07-31;273.96
4705177;6721682324;Mise en demeure;2023-08-04;2023-08-11;510.63
4705177;6721682324;1ere lettre de relance;2023-07-21;2023-08-03;495.63
14663692;20948132308;1ere lettre de relance;2023-07-21;2023-07-27;176.98
13989830;19985472305;1ere lettre de relance;2023-07-21;2023-08-03;105.99
15088130;21554472303;1ere lettre de relance;2023-07-21;2023-08-07;339.78
9272824;13246892326;En recouvrement;2023-09-24;2023-11-05;737.16
9272824;13246892326;Mise en demeure;2023-08-04;2023-09-07;376.08
9272824;13246892326;Annonce du contentieux;2023-09-15;2023-09-23;376.08
9272824;13246892326;Suspension de garanties;2023-09-08;2023-09-14;376.08
9272824;13246892326;1ere lettre de relance;2023-07-21;2023-08-03;361.08
10173136;14533052334;En recouvrement;2023-09-24;2023-11-26;870.42
10173136;14533052334;Mise en demeure;2023-08-04;2023-09-07;442.71
10173136;14533052334;Annonce du contentieux;2023-09-15;2023-09-23;442.71
10173136;14533052334;Suspension de garanties;2023-09-08;2023-09-14;442.71
10173136;14533052334;1ere lettre de relance;2023-07-21;2023-08-03;427.71
309562;442232318;1ere lettre de relance;2023-07-21;2023-07-27;289.68
4967817;7096882321;1ere lettre de relance;2023-07-21;2023-07-30;741.96
3893261;5561802352;Mise en demeure;2023-08-04;2023-08-06;495.15
3893261;5561802352;1ere lettre de relance;2023-07-21;2023-08-03;480.15
15121394;21601992303;1ere lettre de relance;2023-07-21;2023-08-03;273.54
15389326;21984752303;Mise en demeure;2023-08-04;2023-08-06;335.37
15389326;21984752303;1ere lettre de relance;2023-07-21;2023-08-03;320.37
12398863;17712662312;Mise en demeure;2023-08-04;2023-08-18;157.41
12398863;17712662312;1ere lettre de relance;2023-07-21;2023-08-03;142.41
648068;925812312;Mise en demeure;2023-08-04;2023-08-21;320.58
648068;925812312;1ere lettre de relance;2023-07-21;2023-08-03;305.58
9303015;13290022312;1ere lettre de relance;2023-07-21;2023-07-31;571.34
15832762;22618232302;Mise en demeure;2023-08-04;2023-08-22;113.37
15832762;22618232302;1ere lettre de relance;2023-07-21;2023-08-03;98.37
4599281;6570402317;1ere lettre de relance;2023-07-21;2023-07-30;495.63
10516346;15023352307;1ere lettre de relance;2023-07-21;2023-07-25;188.46
11273249;16104642309;Mise en demeure;2023-08-04;2023-09-06;152.76
11273249;16104642309;1ere lettre de relance;2023-07-21;2023-08-03;137.76
15602014;22288592303;1ere lettre de relance;2023-07-21;2023-07-24;195.33
11210438;16014912306;1ere lettre de relance;2023-07-21;2023-07-27;354.06
14306342;20437632305;Mise en demeure;2023-08-04;2023-08-30;159.14
14306342;20437632305;1ere lettre de relance;2023-07-21;2023-08-03;144.14
8122955;11604222306;1ere lettre de relance;2023-07-21;2023-07-26;447.48
7955459;11364942309;1ere lettre de relance;2023-07-21;2023-08-03;395.55
5008214;7154592322;1ere lettre de relance;2023-07-21;2023-07-25;1423.02
15501732;22145332302;1ere lettre de relance;2023-07-21;2023-07-31;186.95
9828687;14040982326;Suspension de garanties;2023-10-13;2023-10-27;1394.78
9828687;14040982326;Mise en demeure;2023-09-08;2023-10-12;773.54
9828687;14040982326;1ere lettre de relance;2023-07-21;2023-09-07;1137.54
13495532;19279332303;1ere lettre de relance;2023-07-21;2023-07-29;454.83
15329525;21899322303;1ere lettre de relance;2023-07-21;2023-08-01;242.31
15070637;21529482304;Mise en demeure;2023-08-04;2023-08-13;169.35
15070637;21529482304;1ere lettre de relance;2023-07-21;2023-08-03;154.35
112673;160962305;Mise en demeure;2023-08-04;2023-08-21;1483.56
112673;160962305;1ere lettre de relance;2023-07-21;2023-08-03;1468.56
15693609;22419442302;Mise en demeure;2023-08-04;2023-08-08;182.54
15693609;22419442302;1ere lettre de relance;2023-07-21;2023-08-03;167.54
11241966;1605995234;1er Impayé;2023-11-08;;106.18
11252557;16075082314;1er Impayé;2023-11-08;;267.92
11311630;1615947233;1er Impayé;2023-11-08;;142.84
11338559;1619794233;1er Impayé;2023-11-08;;261.0
11379663;1625666233;1er Impayé;2023-11-08;;67.65
11419276;1631325231;1er Impayé;2023-11-08;;231.55
11431701;16331002315;1er Impayé;2023-11-08;2023-11-29;131.53
11467660;1638237234;1er Impayé;2023-11-08;;232.96
11619245;1659892231;1er Impayé;2023-11-08;;105.51
11622556;1660365231;1er Impayé;2023-11-08;2023-11-14;313.88
11775555;1682222231;1er Impayé;2023-11-08;;123.77
11944416;1706345231;1er Impayé;2023-11-08;;22.72
12008991;1715570238;1er Impayé;2023-11-08;;91.81
12025035;1717862239;1er Impayé;2023-11-08;;261.84
12077745;1725392239;1er Impayé;2023-11-08;;103.04
12142152;1734593232;1er Impayé;2023-11-08;;65.1
12155242;1736463233;1er Impayé;2023-11-08;;77.66
12301801;1757400234;1er Impayé;2023-11-08;;101.74
12407858;1772551236;1er Impayé;2023-11-08;;173.53
12439442;1777063233;1er Impayé;2023-11-08;;136.96
12460848;1780121231;1er Impayé;2023-11-08;2023-11-12;106.0
12537890;1791127232;1er Impayé;2023-11-08;2023-11-10;124.63
12471537;1781648231;1er Impayé;2023-11-08;2023-11-09;165.19
12512725;1787532232;1er Impayé;2023-11-08;;59.54
12554522;1793503232;1er Impayé;2023-11-08;2023-11-12;150.64
12769163;1824166236;1er Impayé;2023-11-08;;38.7
12772019;1824574231;1er Impayé;2023-11-08;;151.05
12804212;1829173231;1er Impayé;2023-11-08;;57.28
12909401;1844200231;1er Impayé;2023-11-08;;197.53
12960949;1851564234;1er Impayé;2023-11-08;;87.71
12998238;1856891231;1er Impayé;2023-11-08;2023-11-10;135.64
12998525;1856932231;1er Impayé;2023-11-08;;173.81
13011349;18587642311;1er Impayé;2023-11-08;;143.23
9491252;13558932312;1er Impayé;2023-03-19;2023-04-05;151.66
13810063;1972866232;1er Impayé;2023-03-19;2023-04-05;68.36
13810063;1972866232;Suspension de garanties;2023-06-16;2023-06-18;288.44
13810063;1972866232;Mise en demeure;2023-05-12;2023-06-15;288.44
13810063;1972866232;2ème Impayé;2023-04-18;2023-05-11;273.44
14397216;2056745232;1er Impayé;2023-03-19;2023-04-05;59.54
14801802;2114543232;1er Impayé;2023-03-19;2023-03-24;11.55
15230174;2175739233;1er Impayé;2023-03-19;2023-04-05;95.12
15454909;2207844232;1er Impayé;2023-03-19;2023-03-30;233.4
15617799;2231114231;1er Impayé;2023-03-19;2023-03-31;66.74
15630574;2232939231;1er Impayé;2023-03-19;2023-03-31;409.71
15485408;2212201231;Mise en demeure;2023-05-26;2023-06-15;67.74
15485408;2212201231;1er Impayé;2023-05-09;2023-05-25;189.74
15547771;2221110231;1er Impayé;2023-05-09;2023-06-01;125.86
15632485;2233212231;2ème Impayé;2023-06-08;2023-06-11;117.74
15632485;2233212231;1er Impayé;2023-05-09;2023-06-01;58.87
15632653;2233236233;1er Impayé;2023-05-09;2023-06-01;123.61
15669291;2238470231;Mise en demeure;2023-05-26;2023-06-14;169.12
15669291;2238470231;1er Impayé;2023-05-09;2023-05-25;154.12
15689640;2241377231;1er Impayé;2023-05-09;2023-06-01;98.94
15697921;2242560231;1er Impayé;2023-05-09;2023-05-17;107.35
15699608;2242801231;1er Impayé;2023-05-09;2023-06-02;106.61
15705642;2243663231;Mise en demeure;2023-06-02;2023-06-08;100.56
15705642;2243663231;1er Impayé;2023-05-09;2023-06-01;182.12
15716359;2245194231;1er Impayé;2023-05-09;2023-05-25;165.2
15719376;2245625231;Mise en demeure;2023-05-26;2023-06-12;156.82
15719376;2245625231;1er Impayé;2023-05-09;2023-05-25;141.82
15722512;2246073231;1er Impayé;2023-05-09;2023-06-06;299.08
15738605;2248372231;Mise en demeure;2023-05-26;2023-06-12;177.54
15738605;2248372231;1er Impayé;2023-05-09;2023-05-25;162.54
15764736;2252105231;1er Impayé;2023-05-09;2023-05-30;55.2
15767158;2252451232;1er Impayé;2023-05-09;2023-05-12;249.4
15769356;2252765231;1er Impayé;2023-05-09;2023-05-12;168.88
15781130;2254447231;1er Impayé;2023-05-09;2023-05-23;199.3
15782404;2254629231;Mise en demeure;2023-05-26;2023-06-07;87.16
15782404;2254629231;1er Impayé;2023-05-09;2023-05-25;155.32
15788809;2255544231;1er Impayé;2023-05-09;2023-05-22;242.65
15791133;2255876231;1er Impayé;2023-05-09;2023-05-14;255.44
15794808;2256401231;Mise en demeure;2023-05-26;2023-06-29;212.58
15794808;2256401231;Suspension de garanties;2023-06-30;2023-07-06;212.58
15794808;2256401231;1er Impayé;2023-05-09;2023-05-25;197.58
15818265;2259752231;1er Impayé;2023-05-09;2023-05-25;154.94
15826161;2260880231;1er Impayé;2023-05-09;2023-06-06;261.78
15834407;2262058231;1er Impayé;2023-05-09;2023-05-10;69.66
15842415;2263202231;Mise en demeure;2023-05-26;2023-06-20;215.09
15842415;2263202231;1er Impayé;2023-05-09;2023-05-25;200.09
8237328;1176761235;1er Impayé;2023-03-26;2023-04-12;558.64
10948400;1564057231;1er Impayé;2023-03-26;2023-04-12;58.85
14347313;2049616232;1er Impayé;2023-03-26;2023-04-12;78.65
14562836;2080405236;1er Impayé;2023-03-26;2023-04-04;116.11
15132748;2161821231;1er Impayé;2023-03-26;2023-04-12;111.15
15719047;2245578231;1er Impayé;2023-03-26;2023-03-31;68.9
15722232;2246033231;1er Impayé;2023-03-26;2023-03-31;135.39
11492153;1641736231;1er Impayé;2023-04-06;2023-05-04;230.52
12379585;1768512231;1er Impayé;2023-04-06;2023-05-02;99.66
12379585;1768512231;Mise en demeure;2023-05-26;2023-06-08;313.98
14612179;2087454232;1er Impayé;2023-04-06;2023-04-13;40.5
14612179;2087454232;Mise en demeure;2023-05-26;2023-06-07;96.0
14612179;2087454232;2ème Impayé;2023-05-08;2023-05-25;81.0
14641019;2091574231;1er Impayé;2023-04-06;2023-04-20;161.22
14641019;2091574231;Mise en demeure;2023-04-21;2023-04-25;161.22
14767152;2109593231;1er Impayé;2023-04-06;2023-05-02;70.59
14900222;2128603233;1er Impayé;2023-04-06;2023-04-19;67.85
12379585;1768512231;2ème Impayé;2023-05-09;2023-05-25;298.98
15458003;2208286231;1er Impayé;2023-04-13;2023-05-04;116.65
15508424;2215489232;1er Impayé;2023-04-13;2023-05-02;58.41
15508487;2215498231;1er Impayé;2023-04-13;2023-05-02;97.41
15520212;2217173231;1er Impayé;2023-04-13;2023-05-02;119.4
15530229;2218604231;1er Impayé;2023-04-13;2023-04-29;43.36
15550921;2221560231;1er Impayé;2023-04-13;2023-05-01;506.54
15550921;2221560231;Suspension de garanties;2023-06-30;2023-07-06;1017.08
15550921;2221560231;Mise en demeure;2023-05-02;2023-06-29;521.54
15550921;2221560231;Annonce du contentieux;2023-07-07;2023-09-11;801.08
15555093;2222156231;1er Impayé;2023-04-13;2023-05-01;204.17
15555093;2222156231;Annonce du contentieux;2023-06-16;2023-06-20;219.17
15555093;2222156231;Mise en demeure;2023-05-02;2023-06-08;219.17
15555093;2222156231;Suspension de garanties;2023-06-09;2023-06-15;219.17
15559951;2222850231;1er Impayé;2023-04-13;2023-05-02;58.87
15563724;2223389231;1er Impayé;2023-04-13;2023-05-14;66.92
15563724;2223389231;2ème Impayé;2023-05-14;2023-06-01;178.76
15563724;2223389231;Mise en demeure;2023-06-02;2023-06-12;193.76
15568239;2224034232;1er Impayé;2023-04-13;2023-05-01;138.78
15568239;2224034232;Mise en demeure;2023-05-02;2023-05-24;153.78
15573671;2224810231;1er Impayé;2023-04-13;2023-05-01;182.97
15573671;2224810231;Suspension de garanties;2023-06-30;2023-07-06;216.98
15573671;2224810231;Mise en demeure;2023-05-02;2023-06-29;197.97
15573671;2224810231;En recouvrement;2023-07-30;2023-09-13;301.98
15573671;2224810231;Annonce du contentieux;2023-07-07;2023-07-29;216.98
15579810;2225687231;1er Impayé;2023-04-13;2023-05-02;132.25
15595658;2227951232;1er Impayé;2023-04-13;2023-05-02;58.61
15595658;2227951232;2ème Impayé;2023-05-14;2023-05-15;175.83
15606389;2229484231;1er Impayé;2023-04-13;2023-05-02;76.52
15615951;2230850231;1er Impayé;2023-04-13;2023-05-02;87.68
15623903;2231986231;1er Impayé;2023-04-13;2023-04-21;75.23
15624134;2232019231;1er Impayé;2023-04-13;2023-05-02;215.91
15626199;2232314231;1er Impayé;2023-04-13;2023-05-02;88.16
15626199;2232314231;2ème Impayé;2023-05-10;2023-05-25;242.48
15626199;2232314231;Mise en demeure;2023-05-26;2023-06-29;257.48
15626199;2232314231;Suspension de garanties;2023-06-30;2023-07-18;257.48
15636860;2233837231;1er Impayé;2023-04-13;2023-05-01;676.59
15636860;2233837231;Mise en demeure;2023-05-02;2023-05-25;691.59
15636167;22337382301;1ere lettre de relance;2023-03-10;2023-03-15;235.98
14256929;20367042301;Mise en demeure;2023-04-14;2023-05-08;668.49
14256929;20367042301;1ere lettre de relance;2023-03-10;2023-04-13;163.38
13262432;18946332302;1ere lettre de relance;2023-03-10;2023-03-14;225.76
15305347;21864782302;1ere lettre de relance;2023-03-10;2023-04-05;258.88
12000374;17143392308;1ere lettre de relance;2023-03-10;2023-03-22;38.71
295695;422422303;1ere lettre de relance;2023-03-10;2023-03-12;37.98
12203941;17434202302;1ere lettre de relance;2023-03-10;2023-03-16;203.43
14253968;20362812302;1ere lettre de relance;2023-03-10;2023-03-17;104.77
13117035;18738622301;1ere lettre de relance;2023-03-10;2023-03-31;76.84
15696507;22423582301;1ere lettre de relance;2023-03-10;2023-03-27;1363.44
14475049;20678642304;Mise en demeure;2023-04-14;2023-05-18;267.72
14475049;20678642304;1ere lettre de relance;2023-03-10;2023-04-13;126.36
14475049;20678642304;Annonce du contentieux;2023-05-26;2023-05-29;267.72
14475049;20678642304;Suspension de garanties;2023-05-19;2023-05-25;267.72
15775215;2253602231;1er Impayé;2023-04-19;2023-05-04;823.4
12565547;1795078235;1er Impayé;2023-07-06;2023-07-07;59.83
12936267;1848038231;1er Impayé;2023-07-06;2023-07-20;187.14
12936267;1848038231;Mise en demeure;2023-07-21;2023-07-30;232.56
13450774;1921539232;1er Impayé;2023-07-06;2023-08-02;81.18
14210666;2030095231;1er Impayé;2023-07-06;2023-08-02;76.84
14824412;2117773231;1er Impayé;2023-07-06;2023-08-02;82.28
14849052;2121293231;1er Impayé;2023-07-06;2023-07-20;211.56
14849052;2121293231;Mise en demeure;2023-07-21;2023-07-23;226.56
14871886;2124555231;1er Impayé;2023-07-06;2023-08-02;136.15
15024444;2146349231;1er Impayé;2023-07-06;2023-07-11;104.7
15059430;2151347233;1er Impayé;2023-07-06;2023-08-02;166.57
15080122;2154303231;Annonce du contentieux;2023-09-01;2023-09-17;121.75
15080122;2154303231;Suspension de garanties;2023-08-25;2023-08-31;121.75
15080122;2154303231;1er Impayé;2023-07-06;2023-07-20;320.25
15080122;2154303231;Mise en demeure;2023-07-21;2023-08-24;335.25
15210238;2172891231;1er Impayé;2023-07-06;2023-07-09;47.3
15434287;2204898231;1er Impayé;2023-07-06;2023-07-10;63.2
90105;128722303;1ere lettre de relance;2023-07-21;2023-07-27;492.9
8940996;12772852316;Mise en demeure;2023-08-04;2023-09-07;725.22
8940996;12772852316;Suspension de garanties;2023-09-08;2023-09-14;725.22
8940996;12772852316;1ere lettre de relance;2023-07-21;2023-08-03;710.22
9792385;13989122330;Mise en demeure;2023-08-04;2023-09-06;364.53
9792385;13989122330;1ere lettre de relance;2023-07-21;2023-08-03;349.53
14311256;20444652302;Mise en demeure;2023-08-04;2023-09-05;244.9
14311256;20444652302;1ere lettre de relance;2023-07-21;2023-08-03;229.9
206753;295362311;1ere lettre de relance;2023-07-21;2023-07-23;516.87
4470831;6386902309;1ere lettre de relance;2023-07-21;2023-08-01;447.99
9325184;13321692341;1ere lettre de relance;2023-07-21;2023-07-31;96.33
15637315;22339022302;1ere lettre de relance;2023-07-21;2023-07-23;477.12
9607998;13725712308;1ere lettre de relance;2023-07-21;2023-08-03;1443.18
4344810;6206872307;1ere lettre de relance;2023-07-21;2023-07-26;1379.76
4685696;6693852329;Mise en demeure;2023-08-04;2023-09-06;488.37
4685696;6693852329;1ere lettre de relance;2023-07-21;2023-08-03;473.37
15937615;22768022301;1ere lettre de relance;2023-07-21;2023-08-07;201.41
15630182;22328832302;Mise en demeure;2023-08-04;2023-09-07;729.87
15630182;22328832302;1ere lettre de relance;2023-07-21;2023-08-03;714.87
14757800;21082572304;1ere lettre de relance;2023-07-21;2023-08-02;900.69
15789544;22556492302;Mise en demeure;2023-08-04;2023-09-07;195.82
15789544;22556492302;En recouvrement;2023-09-24;2023-10-10;376.64
15789544;22556492302;Annonce du contentieux;2023-09-15;2023-09-23;105.41
15789544;22556492302;1ere lettre de relance;2023-07-21;2023-08-03;180.82
15789544;22556492302;Suspension de garanties;2023-09-08;2023-09-14;105.41
4574109;6534442359;1ere lettre de relance;2023-07-21;2023-07-31;577.17
15336441;21909202303;Mise en demeure;2023-08-04;2023-08-21;350.5
15336441;21909202303;1ere lettre de relance;2023-07-21;2023-08-03;503.25
9256654;13223792318;1ere lettre de relance;2023-07-21;2023-07-25;224.88
13482799;19261142311;1ere lettre de relance;2023-07-21;2023-07-27;508.35
4272255;6103222335;1ere lettre de relance;2023-07-21;2023-08-02;555.36
11772307;16817582309;Mise en demeure;2023-08-04;2023-09-04;30.02
11772307;16817582309;1ere lettre de relance;2023-07-21;2023-08-03;407.52
10913925;15591322317;Mise en demeure;2023-08-04;2023-08-31;217.92
10913925;15591322317;1ere lettre de relance;2023-07-21;2023-08-03;202.92
13574163;19391662310;1ere lettre de relance;2023-07-21;2023-07-28;293.49
94158;134512322;1ere lettre de relance;2023-07-21;2023-07-25;272.58
15903203;22718862301;1ere lettre de relance;2023-07-21;2023-08-04;103.78
14409949;20585642303;Mise en demeure;2023-08-04;2023-08-21;188.58
14409949;20585642303;1ere lettre de relance;2023-07-21;2023-08-03;173.58
15713860;22448372302;Mise en demeure;2023-08-04;2023-09-04;183.75
15713860;22448372302;1ere lettre de relance;2023-07-21;2023-08-03;168.75
15134701;21621002305;1ere lettre de relance;2023-07-21;2023-07-30;465.09
8712194;12445992322;1ere lettre de relance;2023-07-21;2023-08-02;1238.52
5209030;7441472338;1ere lettre de relance;2023-07-21;2023-07-30;1609.23
15304710;21863872304;Mise en demeure;2023-09-01;2023-09-11;183.09
15304710;21863872304;2ème Impayé;2023-08-15;2023-08-31;168.09
15304710;21863872304;1ere lettre de relance;2023-07-21;2023-08-15;168.09
5051292;7216132313;1ere lettre de relance;2023-07-21;2023-08-03;2359.35
15393351;21990502303;Mise en demeure;2023-08-04;2023-09-07;214.68
15393351;21990502303;1ere lettre de relance;2023-07-21;2023-08-03;199.68
8816326;12594752318;1ere lettre de relance;2023-07-21;2023-07-27;269.1
14801802;21145432303;1ere lettre de relance;2023-07-21;2023-11-24;235.95
10842294;15488992312;Mise en demeure;2023-08-04;2023-09-07;339.93
10842294;15488992312;Suspension de garanties;2023-09-08;2023-09-14;339.93
10842294;15488992312;1ere lettre de relance;2023-07-21;2023-08-03;324.93
14711817;21016882302;Mise en demeure;2023-08-04;2023-08-29;200.16
14711817;21016882302;1ere lettre de relance;2023-07-21;2023-08-03;185.16
12467701;17811002310;1ere lettre de relance;2023-07-21;2023-08-01;468.75
11967348;17096212312;Mise en demeure;2023-08-04;2023-09-07;594.43
11967348;17096212312;Suspension de garanties;2023-09-08;2023-09-10;594.43
11967348;17096212312;1ere lettre de relance;2023-07-21;2023-08-03;579.43
15319585;21885122303;Mise en demeure;2023-08-04;2023-08-16;807.15
15319585;21885122303;1ere lettre de relance;2023-07-21;2023-08-03;792.15
4729285;6756122360;Mise en demeure;2023-08-04;2023-08-09;730.08
4729285;6756122360;1ere lettre de relance;2023-07-21;2023-08-03;715.08
7247661;10353802306;1ere lettre de relance;2023-07-21;2023-07-25;959.77
7764457;11092082336;1ere lettre de relance;2023-07-21;2023-07-27;332.64
4692059;6702942321;1ere lettre de relance;2023-07-21;2023-07-23;544.53
10325799;14751142303;Mise en demeure;2023-08-04;2023-09-12;465.87
10325799;14751142303;1ere lettre de relance;2023-07-21;2023-08-03;450.87
14663916;20948452305;1ere lettre de relance;2023-07-21;2023-07-24;97.05
13260689;18943842306;1ere lettre de relance;2023-07-21;2023-08-01;154.56
13200251;1885750231;1er Impayé;2023-11-08;;133.88
13337045;19052922310;1er Impayé;2023-11-08;;48.55
13337465;1905352232;1er Impayé;2023-11-08;;66.24
13366977;1909568232;1er Impayé;2023-11-08;;134.03
13391806;1913115231;1er Impayé;2023-11-08;;56.32
13395208;1913601237;1er Impayé;2023-11-08;;162.65
13414318;1916331231;1er Impayé;2023-11-08;;86.65
13445118;1920731231;1er Impayé;2023-11-08;2023-11-28;75.64
13454603;1922086231;1er Impayé;2023-11-08;2023-11-10;72.74
13460063;1922866231;1er Impayé;2023-11-08;;49.03
13504982;1929283232;1er Impayé;2023-11-08;;73.17
13526640;1932377233;1er Impayé;2023-11-08;;204.68
13567044;1938149233;1er Impayé;2023-11-08;2023-11-18;112.79
13581324;1940189233;1er Impayé;2023-11-08;;55.37
13586000;1940857236;1er Impayé;2023-11-08;;51.88
13765361;1966480234;1er Impayé;2023-11-08;;64.09
13786053;1969436231;1er Impayé;2023-11-08;;91.59
13792584;1970369232;1er Impayé;2023-11-08;;184.28
13849998;1978571237;1er Impayé;2023-11-08;;46.81
13924261;1989180232;1er Impayé;2023-11-08;2023-11-10;82.52
13933452;1990493231;1er Impayé;2023-11-08;;250.43
13947046;1992435233;1er Impayé;2023-11-08;;66.56
13991181;1998740231;1er Impayé;2023-11-08;;213.1
14037262;2005323231;1er Impayé;2023-11-08;;161.7
14081236;2011605231;1er Impayé;2023-11-08;2023-11-10;85.78
14102677;2014668231;1er Impayé;2023-11-08;;42.74
14111154;2015879231;1er Impayé;2023-11-08;;30.97
14156374;2022339233;1er Impayé;2023-11-08;;54.87
14285923;2040846232;1er Impayé;2023-11-08;2023-11-29;176.36
14299664;2042809234;1er Impayé;2023-11-08;2023-11-13;37.1
14933220;2133317231;1er Impayé;2023-06-20;2023-07-05;178.98
15304108;2186301231;1er Impayé;2023-06-20;2023-07-05;72.39
15346178;2192311231;1er Impayé;2023-06-20;2023-06-22;52.84
15399651;2199950231;1er Impayé;2023-06-20;2023-07-05;81.82
15492107;2213158231;1er Impayé;2023-06-20;2023-06-30;77.92
15532140;2218877232;1er Impayé;2023-06-20;2023-07-05;159.26
15625394;2232199231;1er Impayé;2023-06-20;2023-06-24;67.69
15626836;2232405231;1er Impayé;2023-06-20;2023-06-30;83.91
15860146;2265735231;1er Impayé;2023-06-20;2023-06-30;97.85
15883428;2269061231;1er Impayé;2023-06-20;2023-06-30;87.41
15901733;2271676231;1er Impayé;2023-06-20;2023-06-24;104.9
15264586;2180655231;1er Impayé;2023-07-09;2023-08-02;87.07
15274197;2182028231;1er Impayé;2023-07-09;2023-08-02;90.46
15277081;2182440231;1er Impayé;2023-07-09;2023-07-16;52.89
15305711;2186530233;1er Impayé;2023-07-09;2023-08-02;218.87
15070714;2152959232;1er Impayé;2023-04-06;2023-04-23;51.4
15148792;2164113232;1er Impayé;2023-04-06;2023-05-02;59.4
15148792;2164113232;Mise en demeure;2023-06-02;2023-06-07;193.2
15148792;2164113232;2ème Impayé;2023-05-09;2023-06-01;178.2
15182672;2168953231;1er Impayé;2023-04-06;2023-05-02;57.8
15410872;2201553232;1er Impayé;2023-04-06;2023-05-02;230.68
15410872;2201553232;Suspension de garanties;2023-06-30;2023-07-06;707.04
15410872;2201553232;Mise en demeure;2023-05-26;2023-06-29;707.04
15410872;2201553232;Annonce du contentieux;2023-07-07;2023-07-26;707.04
15410872;2201553232;2ème Impayé;2023-05-08;2023-05-25;692.04
15552251;2221750231;1er Impayé;2023-04-06;2023-05-02;221.34
15659848;2237121231;1er Impayé;2023-04-06;2023-04-20;310.76
15659848;2237121231;Mise en demeure;2023-04-21;2023-05-23;325.76
15660982;2237283231;1er Impayé;2023-04-06;2023-05-02;76.31
15660982;2237283231;2ème Impayé;2023-05-17;2023-06-01;228.93
15660982;2237283231;Mise en demeure;2023-06-02;2023-07-06;243.93
15660982;2237283231;Suspension de garanties;2023-07-07;2023-07-13;243.93
15660982;2237283231;Annonce du contentieux;2023-07-14;2023-07-18;243.93
15682451;2240350231;1er Impayé;2023-04-06;2023-05-01;977.91
15682451;2240350231;Mise en demeure;2023-05-02;2023-05-09;550.56
15715400;2245057232;1er Impayé;2023-04-06;2023-05-04;494.16
15782845;2254692231;1er Impayé;2023-04-06;2023-04-11;389.01
15936306;2276615231;1er Impayé;2023-10-10;2023-10-26;434.0
15936306;2276615231;Mise en demeure;2023-10-27;2023-11-30;449.0
15937671;2276810231;1er Impayé;2023-10-10;2023-10-26;398.87
15937671;2276810231;Mise en demeure;2023-10-27;2023-11-30;413.87
15986293;2283756231;1er Impayé;2023-10-10;2023-10-26;525.35
15986293;2283756231;Mise en demeure;2023-10-27;2023-11-30;540.35
15665196;2237885231;1er Impayé;2023-04-13;2023-04-16;81.04
15668815;2238402231;1er Impayé;2023-04-13;2023-05-02;107.84
15671972;2238853231;1er Impayé;2023-04-13;2023-05-02;252.72
15682360;2240337231;1er Impayé;2023-04-13;2023-05-01;893.51
15682360;2240337231;En recouvrement;2023-06-16;2023-06-18;1293.32
15682360;2240337231;Mise en demeure;2023-05-02;2023-06-01;908.51
15682360;2240337231;Annonce du contentieux;2023-06-09;2023-06-15;438.44
15682360;2240337231;Suspension de garanties;2023-06-02;2023-06-08;438.44
15689430;2241347231;1er Impayé;2023-04-13;2023-05-02;72.12
15689843;2241406231;1er Impayé;2023-04-13;2023-05-01;267.65
15689843;2241406231;Mise en demeure;2023-05-02;2023-06-01;282.65
15689843;2241406231;Annonce du contentieux;2023-06-09;2023-06-26;111.49
15689843;2241406231;Suspension de garanties;2023-06-02;2023-06-08;111.49
15692489;2241784231;1er Impayé;2023-04-13;2023-04-24;60.22
15692881;2241840231;1er Impayé;2023-04-13;2023-05-02;61.12
15693588;2241941231;1er Impayé;2023-04-13;2023-05-02;89.45
15697032;2242433231;1er Impayé;2023-04-13;2023-05-02;77.63
15702940;2243277231;1er Impayé;2023-04-13;2023-05-02;166.5
15721987;2245998231;1er Impayé;2023-04-13;2023-05-02;110.52
15742903;2248986231;1er Impayé;2023-04-13;2023-04-14;218.85
15745395;2249342231;1er Impayé;2023-04-13;2023-05-02;83.23
15756910;2250987231;1er Impayé;2023-04-13;2023-05-01;244.33
15756910;2250987231;Mise en demeure;2023-05-02;2023-05-15;259.33
15760956;2251565231;1er Impayé;2023-04-13;2023-05-02;68.19
15761782;2251683231;1er Impayé;2023-04-13;2023-05-02;79.43
15761782;2251683231;2ème Impayé;2023-05-10;2023-05-25;216.29
15761782;2251683231;Mise en demeure;2023-05-26;2023-06-28;231.29
14632535;2090362233;1er Impayé;2023-04-18;2023-05-04;192.06
15341215;2191602231;1er Impayé;2023-04-18;2023-05-04;70.04
15477918;2211131231;1er Impayé;2023-07-06;2023-07-20;402.99
15477918;2211131231;Mise en demeure;2023-07-21;2023-07-31;417.99
15669550;2238507231;1er Impayé;2023-07-06;2023-07-20;186.66
15669550;2238507231;Mise en demeure;2023-07-21;2023-07-26;201.66
15671433;2238776231;2ème Impayé;2023-08-08;2023-08-24;219.93
15671433;2238776231;Mise en demeure;2023-08-25;2023-09-18;234.93
15671433;2238776231;1er Impayé;2023-07-06;2023-08-02;73.31
15699545;2242792231;1er Impayé;2023-07-06;2023-07-20;306.45
15699545;2242792231;Mise en demeure;2023-07-21;2023-08-09;321.45
15760879;2251554231;1er Impayé;2023-07-06;2023-08-02;63.75
15764736;2252105232;2ème Impayé;2023-08-08;2023-08-09;165.6
15764736;2252105232;1er Impayé;2023-07-06;2023-08-02;55.2
15804867;2257838231;Suspension de garanties;2023-08-25;2023-09-07;117.63
15804867;2257838231;1er Impayé;2023-07-06;2023-07-20;307.89
15804867;2257838231;Annonce du contentieux;2023-09-08;2023-09-10;117.63
15804867;2257838231;Mise en demeure;2023-07-21;2023-08-24;322.89
15827302;2261043231;1er Impayé;2023-07-06;2023-07-11;75.84
8782257;12546082306;1ere lettre de relance;2023-07-21;2023-08-01;150.5
7132014;10188592312;Mise en demeure;2023-08-04;2023-08-27;115.0
7132014;10188592312;1ere lettre de relance;2023-07-21;2023-08-03;100.0
457577;653682368;Mise en demeure;2023-08-04;2023-08-20;941.01
457577;653682368;1ere lettre de relance;2023-07-21;2023-08-03;926.01
15283136;21833052304;Mise en demeure;2023-08-04;2023-08-24;222.75
15283136;21833052304;1ere lettre de relance;2023-07-21;2023-08-03;207.75
3905175;5578822327;1ere lettre de relance;2023-07-21;2023-07-28;870.48
14415087;20592982308;Mise en demeure;2023-08-04;2023-09-01;141.32
14415087;20592982308;1ere lettre de relance;2023-07-21;2023-08-03;126.32
13890423;19843462311;1ere lettre de relance;2023-07-21;2023-07-28;125.23
4830351;6900502354;1ere lettre de relance;2023-07-21;2023-08-01;432.78
5595941;7994202317;1ere lettre de relance;2023-07-21;2023-07-27;530.46
4353329;6219042316;1ere lettre de relance;2023-07-21;2023-07-23;1128.66
6019567;8599382333;1ere lettre de relance;2023-07-21;2023-07-25;210.66
13364485;19092122312;Mise en demeure;2023-08-04;2023-08-15;166.59
13364485;19092122312;1ere lettre de relance;2023-07-21;2023-08-03;151.59
13432700;19189572311;1ere lettre de relance;2023-07-21;2023-07-28;141.48
12656666;18080952301;Mise en demeure;2023-08-04;2023-08-28;317.73
12656666;18080952301;1ere lettre de relance;2023-07-21;2023-08-03;302.73
15133826;21619752302;1ere lettre de relance;2023-07-21;2023-07-30;375.93
11661798;16659712315;1ere lettre de relance;2023-07-21;2023-08-04;400.11
5838967;8341382307;Mise en demeure;2023-08-04;2023-08-21;1023.66
5838967;8341382307;1ere lettre de relance;2023-07-21;2023-08-03;1008.66
13360971;19087102316;Mise en demeure;2023-08-04;2023-09-07;496.47
13360971;19087102316;1ere lettre de relance;2023-07-21;2023-08-03;481.47
13360971;19087102316;Suspension de garanties;2023-09-08;2023-09-14;15.47
7692777;10989682342;1ere lettre de relance;2023-07-21;2023-07-30;575.64
14674360;20963372308;Mise en demeure;2023-08-04;2023-08-14;93.32
14674360;20963372308;1ere lettre de relance;2023-07-21;2023-08-03;78.32
7923840;11319772347;Mise en demeure;2023-08-04;2023-08-24;442.92
7923840;11319772347;1ere lettre de relance;2023-07-21;2023-08-03;427.92
10162531;14517902320;1ere lettre de relance;2023-07-21;2023-07-25;286.2
5043151;7204502345;Mise en demeure;2023-08-04;2023-08-11;735.24
5043151;7204502345;1ere lettre de relance;2023-07-21;2023-08-03;720.24
13804407;19720582308;1ere lettre de relance;2023-07-21;2023-07-27;564.9
5343752;7633932359;1ere lettre de relance;2023-07-21;2023-07-22;1415.19
9014097;12877282314;1ere lettre de relance;2023-07-21;2023-07-24;885.72
7291677;10416682314;1ere lettre de relance;2023-07-21;2023-07-23;1137.24
12477270;17824672303;1ere lettre de relance;2023-07-21;2023-07-27;164.13
4500756;6429652303;1ere lettre de relance;2023-07-21;2023-07-31;839.04
4233797;6048282360;Mise en demeure;2023-08-04;2023-08-08;580.5
4233797;6048282360;1ere lettre de relance;2023-07-21;2023-08-03;565.5
11746673;16780962318;Mise en demeure;2023-08-04;2023-08-06;284.19
11746673;16780962318;1ere lettre de relance;2023-07-21;2023-08-03;269.19
8790874;12558392316;1ere lettre de relance;2023-07-21;2023-07-24;2339.04
4220469;6029242362;1ere lettre de relance;2023-07-21;2023-07-23;305.58
15023730;21462472305;1ere lettre de relance;2023-07-21;2023-07-27;336.33
13361615;19088022302;Mise en demeure;2023-08-04;2023-08-27;449.28
13361615;19088022302;1ere lettre de relance;2023-07-21;2023-08-03;434.28
4968860;7098372329;1ere lettre de relance;2023-07-21;2023-08-03;1116.72
7894566;11277952363;1ere lettre de relance;2023-07-21;2023-07-30;1196.43
15148792;21641132303;Mise en demeure;2023-08-04;2023-08-31;208.2
15148792;21641132303;1ere lettre de relance;2023-07-21;2023-08-03;193.2
15255850;21794072303;Mise en demeure;2023-08-04;2023-08-30;291.29
15255850;21794072303;1ere lettre de relance;2023-07-21;2023-08-03;276.29
9289197;13270282315;Mise en demeure;2023-08-04;2023-09-07;183.54
9289197;13270282315;Suspension de garanties;2023-09-08;2023-09-13;183.54
9289197;13270282315;1ere lettre de relance;2023-07-21;2023-08-03;168.54
5903731;8433902324;1ere lettre de relance;2023-07-21;2023-07-22;816.39
14310514;20443592305;Mise en demeure;2023-08-04;2023-08-21;280.59
14310514;20443592305;1ere lettre de relance;2023-07-21;2023-08-03;187.18
13570733;19386762305;1ere lettre de relance;2023-07-21;2023-07-31;214.86
4937675;7053822319;1ere lettre de relance;2023-07-21;2023-07-28;277.53
10395792;14851132327;1ere lettre de relance;2023-07-21;2023-07-28;211.2
15308203;21868862302;1ere lettre de relance;2023-07-21;2023-07-27;94.56
7886075;11265822339;1ere lettre de relance;2023-07-21;2023-07-28;1146.48
14224456;20320652310;Mise en demeure;2023-08-04;2023-09-07;530.19
14224456;20320652310;En recouvrement;2023-09-24;;1045.38
14224456;20320652310;Annonce du contentieux;2023-09-15;2023-09-23;530.19
14224456;20320652310;1ere lettre de relance;2023-07-21;2023-08-03;515.19
14224456;20320652310;Suspension de garanties;2023-09-08;2023-09-14;530.19
14182379;20260542302;Mise en demeure;2023-08-04;2023-09-07;351.57
14182379;20260542302;1ere lettre de relance;2023-07-21;2023-08-03;336.57
14182379;20260542302;Suspension de garanties;2023-09-08;2023-09-12;351.57
15003108;21433012302;Mise en demeure;2023-08-04;2023-08-10;447.24
15003108;21433012302;1ere lettre de relance;2023-07-21;2023-08-03;432.24
5192874;7418392371;Mise en demeure;2023-08-04;2023-08-09;548.34
5192874;7418392371;1ere lettre de relance;2023-07-21;2023-08-03;533.34
6017579;8596542322;1ere lettre de relance;2023-07-21;2023-07-25;1353.96
8835471;12622102321;Mise en demeure;2023-08-04;2023-08-18;298.95
8835471;12622102321;1ere lettre de relance;2023-07-21;2023-08-03;283.95
15721609;22459442301;1ere lettre de relance;2023-07-21;2023-07-31;289.56
8014784;11449692304;1ere lettre de relance;2023-07-21;2023-07-30;833.52
5670792;8101132324;1ere lettre de relance;2023-07-21;2023-07-24;252.66
14364372;2052053239;1er Impayé;2023-11-08;;69.68
14423172;2060453234;1er Impayé;2023-11-08;;77.9
14443493;2063356231;1er Impayé;2023-11-08;;60.38
14445089;2063584231;1er Impayé;2023-11-08;;72.53
14449583;2064226232;1er Impayé;2023-11-08;;21.32
14450899;2064414232;1er Impayé;2023-11-08;2023-11-29;222.04
14482623;2068946231;1er Impayé;2023-11-08;;85.11
14525869;2075124231;1er Impayé;2023-11-08;;121.11
14527024;2075289232;1er Impayé;2023-11-08;;47.8
14533156;2076165232;1er Impayé;2023-11-08;;94.03
14535088;2076441231;1er Impayé;2023-11-08;2023-11-26;150.81
14550131;2078590233;1er Impayé;2023-11-08;;90.04
14560400;2080057232;1er Impayé;2023-11-08;;60.29
14560540;2080077234;1er Impayé;2023-11-08;;171.58
14569409;2081344232;1er Impayé;2023-11-08;;100.22
14569731;2081390235;1er Impayé;2023-11-08;;58.15
14589254;2084179232;1er Impayé;2023-11-08;2023-11-19;77.13
14595631;2085090233;1er Impayé;2023-11-08;;94.77
14595953;2085136231;1er Impayé;2023-11-08;;62.17
14600223;2085746234;1er Impayé;2023-11-08;;95.25
14627957;2089708234;1er Impayé;2023-11-08;;96.56
14645324;2092189232;1er Impayé;2023-11-08;;85.11
14650644;2092949232;1er Impayé;2023-11-08;;43.55
14660185;2094312231;1er Impayé;2023-11-08;;80.0
14660990;2094427233;1er Impayé;2023-11-08;2023-11-21;23.04
14698979;2099854231;1er Impayé;2023-11-08;;171.04
14710872;2101553231;1er Impayé;2023-11-08;;34.11
14716052;2102293233;1er Impayé;2023-11-08;;64.28
14716318;2102331231;1er Impayé;2023-11-08;2023-11-17;182.33
14721281;2103040231;1er Impayé;2023-11-08;;136.48
14741357;2105908231;1er Impayé;2023-11-08;;63.58
14764667;2109238233;1er Impayé;2023-11-08;;405.06
14766396;2109485231;1er Impayé;2023-11-08;;95.03
14783154;2111879231;1er Impayé;2023-11-08;;210.45
14784085;2112012231;1er Impayé;2023-11-08;;159.39
14790280;2112897231;1er Impayé;2023-11-08;;105.06
14799940;2114277233;1er Impayé;2023-11-08;;56.28
14848023;2121146232;1er Impayé;2023-11-08;;72.74
14853973;2121996232;1er Impayé;2023-11-08;2023-11-28;232.8
14885186;2126455232;1er Impayé;2023-11-08;;272.76
14896204;2128029231;1er Impayé;2023-11-08;;89.72
14896295;2128042232;1er Impayé;2023-11-08;;112.02
14903806;2129115231;1er Impayé;2023-11-08;;58.22
14919997;2131428235;1er Impayé;2023-11-08;;61.74
14927102;2132443234;1er Impayé;2023-11-08;;45.86
15329448;2189921231;1er Impayé;2023-07-09;2023-08-02;167.5
15345807;2192258232;1er Impayé;2023-07-09;2023-08-02;49.13
15359016;2194145231;1er Impayé;2023-07-09;2023-07-14;167.17
15369201;2195600231;1er Impayé;2023-07-09;2023-08-02;103.68
15371364;2195909231;1er Impayé;2023-07-09;2023-08-02;154.68
15384790;2197827231;1er Impayé;2023-07-09;2023-08-02;98.3
15439817;2205688231;1er Impayé;2023-07-09;2023-08-02;76.08
15447370;2206767231;2ème Impayé;2023-08-09;2023-08-24;371.82
15447370;2206767231;Mise en demeure;2023-08-25;2023-09-12;386.82
15447370;2206767231;1er Impayé;2023-07-09;2023-08-02;123.94
15466067;2209438232;1er Impayé;2023-07-09;2023-07-11;59.53
15471212;2210173233;1er Impayé;2023-07-09;2023-08-02;63.27
15489286;2212755231;1er Impayé;2023-07-09;2023-08-02;59.16
15497819;2213974232;1er Impayé;2023-07-09;2023-08-02;73.12
15504147;2214878231;2ème Impayé;2023-08-09;2023-08-24;267.03
15504147;2214878231;Suspension de garanties;2023-09-29;2023-10-05;282.03
15504147;2214878231;Annonce du contentieux;2023-10-06;2023-10-12;282.03
15504147;2214878231;Mise en demeure;2023-08-25;2023-09-28;282.03
15504147;2214878231;1er Impayé;2023-07-09;2023-08-02;89.01
15500990;2214427232;1er Impayé;2023-07-09;2023-08-02;97.67
15509964;2215709232;2ème Impayé;2023-08-09;2023-08-24;459.45
15509964;2215709232;Mise en demeure;2023-08-25;2023-09-26;474.45
15509964;2215709232;1er Impayé;2023-07-09;2023-08-02;153.15
15519379;2217054231;1er Impayé;2023-07-09;2023-07-31;173.5
15522459;2217494232;1er Impayé;2023-07-09;2023-07-28;188.55
15523089;2217584231;1er Impayé;2023-07-09;2023-08-02;89.66
15535157;2219308231;1er Impayé;2023-07-09;2023-08-02;59.72
15554281;2222040233;1er Impayé;2023-07-09;2023-08-04;66.92
15556976;2222425231;1er Impayé;2023-07-09;2023-08-02;82.28
15567588;2223941233;2ème Impayé;2023-08-09;2023-08-24;235.84
15567588;2223941233;Suspension de garanties;2023-09-29;2023-10-05;250.84
15567588;2223941233;Annonce du contentieux;2023-10-06;2023-10-20;250.84
15567588;2223941233;Mise en demeure;2023-08-25;2023-09-28;250.84
15567588;2223941233;1er Impayé;2023-07-09;2023-07-27;117.92
15568785;2224112231;Mise en demeure;2023-07-28;2023-09-08;247.71
15568785;2224112231;1er Impayé;2023-07-09;2023-07-27;232.71
15569114;2224159231;2ème Impayé;2023-08-09;2023-08-24;285.6
15569114;2224159231;Mise en demeure;2023-08-25;2023-09-21;300.6
15569114;2224159231;1er Impayé;2023-07-09;2023-08-02;95.2
15569240;2224177231;Mise en demeure;2023-08-25;2023-11-09;317.07
15569240;2224177231;1er Impayé;2023-07-09;2023-08-02;100.69
15569240;2224177231;2ème Impayé;2023-08-10;2023-08-24;302.07
15605969;2229424231;1er Impayé;2023-07-09;2023-08-02;113.1
15610351;2230050232;1er Impayé;2023-07-09;2023-07-23;89.1
15613032;2230433231;2ème Impayé;2023-10-09;2023-10-26;509.37
15613032;2230433231;Mise en demeure;2023-10-27;2023-11-02;347.21
15613032;2230433231;1er Impayé;2023-07-09;2023-07-23;520.37
15614040;2230577231;2ème Impayé;2023-08-07;2023-08-25;422.94
15614040;2230577231;1er Impayé;2023-07-09;2023-08-02;140.98
15618282;2231183231;1er Impayé;2023-07-09;2023-07-31;135.59
15620914;2231559232;1er Impayé;2023-07-09;2023-08-02;66.39
15634627;2233518231;1er Impayé;2023-07-09;2023-07-14;90.84
15647339;2235334231;1er Impayé;2023-07-09;2023-08-04;85.18
15652554;2236079231;1er Impayé;2023-07-09;2023-08-02;76.95
15766591;2252370231;1er Impayé;2023-04-13;2023-05-02;151.05
15772968;2253281231;1er Impayé;2023-04-13;2023-05-02;119.94
15772968;2253281231;Suspension de garanties;2023-06-30;2023-07-06;123.94
15772968;2253281231;Mise en demeure;2023-05-26;2023-06-29;123.94
15772968;2253281231;2ème Impayé;2023-05-08;2023-05-25;337.82
15777721;2253960231;1er Impayé;2023-04-13;2023-05-02;65.31
15778750;2254107231;1er Impayé;2023-04-13;2023-05-01;214.67
15778750;2254107231;Mise en demeure;2023-05-02;2023-05-15;147.92
15780598;2254371231;1er Impayé;2023-04-13;2023-05-02;53.16
15785883;2255126231;1er Impayé;2023-04-13;2023-05-02;66.5
13530980;1932997233;1er Impayé;2023-04-25;2023-05-10;91.68
15689808;2241401231;1er Impayé;2023-04-25;2023-04-27;103.16
14729688;2104241231;1er Impayé;2023-05-08;2023-05-29;149.06
14764667;2109238231;1er Impayé;2023-05-08;2023-06-01;405.07
14792037;2113148231;2ème Impayé;2023-06-07;2023-07-13;141.82
14792037;2113148231;1er Impayé;2023-05-08;2023-06-01;70.91
14792037;2113148231;Mise en demeure;2023-07-14;2023-08-10;369.55
14968101;2138300231;1er Impayé;2023-05-08;2023-06-01;93.6
11602599;16575142304;1ere lettre de relance;2023-07-21;2023-07-22;305.25
10307067;14724382316;Mise en demeure;2023-08-04;2023-09-03;165.33
10307067;14724382316;1ere lettre de relance;2023-07-21;2023-08-03;150.33
5975754;8536792302;Mise en demeure;2023-08-04;2023-09-07;549.06
5975754;8536792302;Annonce du contentieux;2023-09-15;2023-09-22;549.06
5975754;8536792302;1ere lettre de relance;2023-07-21;2023-08-03;534.06
5975754;8536792302;Suspension de garanties;2023-09-08;2023-09-14;549.06
15926121;22751602301;1ere lettre de relance;2023-07-21;2023-08-02;198.24
3867193;5524562355;1ere lettre de relance;2023-07-21;2023-07-28;820.92
13270559;18957942303;Mise en demeure;2023-08-04;2023-08-06;164.88
13270559;18957942303;1ere lettre de relance;2023-07-21;2023-08-03;149.88
15567812;22239732303;Mise en demeure;2023-08-04;2023-08-11;196.14
15567812;22239732303;1ere lettre de relance;2023-07-21;2023-08-03;181.14
107087;152982366;1ere lettre de relance;2023-07-21;2023-07-25;668.07
14766466;21094952305;Mise en demeure;2023-08-04;2023-09-04;240.18
14766466;21094952305;1ere lettre de relance;2023-07-21;2023-08-03;225.18
12837658;18339512303;Mise en demeure;2023-08-04;2023-08-16;163.98
15611548;22302212302;Mise en demeure;2023-08-04;2023-08-18;337.08
15611548;22302212302;1ere lettre de relance;2023-07-21;2023-08-03;322.08
12837658;18339512303;1ere lettre de relance;2023-07-21;2023-08-03;148.98
4312260;6160372370;1ere lettre de relance;2023-07-21;2023-08-03;490.65
12920167;18457382305;1ere lettre de relance;2023-07-21;2023-07-27;301.68
6062302;8660432317;1ere lettre de relance;2023-07-21;2023-07-27;421.98
13215861;18879802307;Mise en demeure;2023-08-04;2023-09-01;186.75
13215861;18879802307;1ere lettre de relance;2023-07-21;2023-08-03;171.75
5555943;7937062333;Mise en demeure;2023-08-04;2023-08-21;1529.81
5555943;7937062333;1ere lettre de relance;2023-07-21;2023-08-03;1514.81
14293847;20419782305;Mise en demeure;2023-08-04;2023-08-27;1098.9
14293847;20419782305;1ere lettre de relance;2023-07-21;2023-08-03;1083.9
15832678;22618112302;Mise en demeure;2023-08-04;2023-08-15;447.36
15832678;22618112302;1ere lettre de relance;2023-07-21;2023-08-03;432.36
8424522;12035032312;1ere lettre de relance;2023-07-21;2023-07-25;357.0
11155803;15936862313;Mise en demeure;2023-08-04;2023-08-25;413.76
11155803;15936862313;1ere lettre de relance;2023-07-21;2023-08-03;398.76
10330461;14757802341;Mise en demeure;2023-08-04;2023-08-28;627.69
10330461;14757802341;1ere lettre de relance;2023-07-21;2023-08-03;612.69
4992765;7132522315;Mise en demeure;2023-08-04;2023-08-15;273.63
4992765;7132522315;1ere lettre de relance;2023-07-21;2023-08-03;258.63
9359841;13371202306;Mise en demeure;2023-08-04;2023-08-29;926.61
9359841;13371202306;1ere lettre de relance;2023-07-21;2023-08-03;911.61
15068607;21526582303;1ere lettre de relance;2023-07-21;2023-08-03;200.82
15788844;22555492302;Mise en demeure;2023-08-04;2023-08-08;117.9
15788844;22555492302;1ere lettre de relance;2023-07-21;2023-08-03;102.9
15376894;21966992301;1ere lettre de relance;2023-07-21;2023-08-01;326.79
447707;639582308;Mise en demeure;2023-08-04;2023-08-08;494.04
447707;639582308;1ere lettre de relance;2023-07-21;2023-08-03;479.04
15507269;22153242302;1ere lettre de relance;2023-07-21;2023-08-03;306.3
11738147;16768782303;1ere lettre de relance;2023-07-21;2023-08-01;16.8
15601881;22288402302;1ere lettre de relance;2023-07-21;2023-07-31;239.07
15528829;22184042301;1ere lettre de relance;2023-07-21;2023-07-31;332.19
12839884;18342692304;Mise en demeure;2023-08-04;2023-08-30;446.34
12839884;18342692304;1ere lettre de relance;2023-07-21;2023-08-03;431.34
12006597;17152282306;Mise en demeure;2023-08-04;2023-09-06;489.51
12006597;17152282306;1ere lettre de relance;2023-07-21;2023-08-03;474.51
13609772;19442532309;Mise en demeure;2023-08-04;2023-08-11;1005.09
13609772;19442532309;1ere lettre de relance;2023-07-21;2023-08-03;990.09
13549075;19355822305;Mise en demeure;2023-08-04;2023-08-23;161.22
13549075;19355822305;1ere lettre de relance;2023-07-21;2023-08-03;161.22
12754946;18221352302;1ere lettre de relance;2023-07-21;2023-07-31;807.78
5128838;7326912314;1ere lettre de relance;2023-07-21;2023-07-27;487.77
4326008;6180012304;1ere lettre de relance;2023-07-21;2023-08-02;1901.4
4399375;6284822334;Mise en demeure;2023-08-04;2023-08-07;952.26
4399375;6284822334;1ere lettre de relance;2023-07-21;2023-08-03;937.26
15563780;22233972302;Mise en demeure;2023-08-04;2023-09-07;197.82
15563780;22233972302;Annonce du contentieux;2023-09-15;2023-11-13;197.82
15563780;22233972302;1ere lettre de relance;2023-07-21;2023-08-03;182.82
15563780;22233972302;Suspension de garanties;2023-09-08;2023-09-14;197.82
4319169;6170242347;Mise en demeure;2023-08-04;2023-08-07;984.45
4319169;6170242347;1ere lettre de relance;2023-07-21;2023-08-03;969.45
4253215;6076022314;1ere lettre de relance;2023-07-21;2023-08-03;320.27
14933010;2133287231;1er Impayé;2023-11-08;;78.65
14935012;2133573231;1er Impayé;2023-11-08;;68.05
14937798;2133971232;1er Impayé;2023-11-08;;107.12
14968213;2138316232;1er Impayé;2023-11-08;;96.19
14971139;2138734233;1er Impayé;2023-11-08;;51.0
14992153;2141736234;1er Impayé;2023-11-08;;135.34
14994386;2142055232;1er Impayé;2023-11-08;;75.08
15001113;2143016231;1er Impayé;2023-11-08;;56.82
15003668;2143381231;1er Impayé;2023-11-08;;84.86
15007413;2143916232;1er Impayé;2023-11-08;;48.93
15012950;2144707231;1er Impayé;2023-11-08;;92.34
15013958;2144851233;1er Impayé;2023-11-08;;62.46
15019796;2145685232;1er Impayé;2023-11-08;;126.1
15033061;2147580231;1er Impayé;2023-11-08;2023-11-09;98.12
15038353;2148336232;1er Impayé;2023-11-08;;231.46
15038458;2148351231;1er Impayé;2023-11-08;;86.04
15044464;2149209233;1er Impayé;2023-11-08;;88.45
15055811;2150830231;1er Impayé;2023-11-08;;76.79
15061866;2151695231;1er Impayé;2023-11-08;;194.39
15083482;2154783231;1er Impayé;2023-11-08;2023-11-11;66.86
15084525;2154932232;1er Impayé;2023-11-08;;148.61
15088494;2155499231;1er Impayé;2023-11-08;2023-11-15;130.87
15089257;2155608233;1er Impayé;2023-11-08;;93.96
15091840;2155977231;1er Impayé;2023-11-08;;108.63
15110607;2158658232;1er Impayé;2023-11-08;;37.12
15110915;2158702232;1er Impayé;2023-11-08;;58.61
15114562;2159223231;1er Impayé;2023-11-08;;95.89
15127379;2161054231;1er Impayé;2023-11-08;2023-11-12;61.23
15132433;2161776232;1er Impayé;2023-11-08;;143.66
15145138;2163591232;1er Impayé;2023-11-08;;79.59
15149114;2164159232;1er Impayé;2023-11-08;;73.76
15152131;2164590231;1er Impayé;2023-11-08;;287.2
15152446;2164635232;1er Impayé;2023-11-08;;154.57
15164150;2166307231;1er Impayé;2023-11-08;;188.47
15205002;2172143232;1er Impayé;2023-11-08;2023-11-27;184.13
15210322;2172903232;1er Impayé;2023-11-08;2023-11-14;258.48
15215677;2173668231;1er Impayé;2023-11-08;;146.8
15242158;2177451233;1er Impayé;2023-11-08;;53.53
15243215;2177602231;1er Impayé;2023-11-08;;114.08
15244909;2177844231;1er Impayé;2023-11-08;2023-11-10;27.24
15245126;2177875232;1er Impayé;2023-11-08;;101.07
15255941;2179420231;1er Impayé;2023-11-08;;58.05
15262199;2180314232;1er Impayé;2023-11-08;;59.57
15283689;2183384231;1er Impayé;2023-11-08;;139.93
15302883;2186126233;1er Impayé;2023-11-08;2023-11-15;123.82
15304080;2186297231;1er Impayé;2023-11-08;;144.05
15320075;2188582231;1er Impayé;2023-11-08;2023-11-29;87.76
15326326;2189475231;1er Impayé;2023-11-08;;98.36
15329448;2189921232;1er Impayé;2023-11-08;;167.5
15329462;2189923231;1er Impayé;2023-11-08;;100.63
15341544;2191649231;1er Impayé;2023-11-08;;90.56
15368613;2195516231;1er Impayé;2023-11-08;;91.5
15377580;2196797232;1er Impayé;2023-11-08;;80.74
15380233;2197176232;1er Impayé;2023-11-08;;91.81
15383887;2197698231;1er Impayé;2023-11-08;;172.78
15669956;2238565232;Mise en demeure;2023-07-28;2023-09-07;405.03
15669956;2238565232;1er Impayé;2023-07-09;2023-07-27;390.03
15669956;2238565232;Suspension de garanties;2023-09-08;2023-09-09;145.01
15690011;2241430231;1er Impayé;2023-07-09;2023-07-14;203.44
15697011;2242430231;1er Impayé;2023-07-09;2023-07-18;52.84
15712285;2244612232;2ème Impayé;2023-08-09;2023-08-24;217.5
15712285;2244612232;Mise en demeure;2023-08-25;2023-09-18;232.5
15712285;2244612232;1er Impayé;2023-07-09;2023-08-02;72.5
15717003;2245286231;1er Impayé;2023-07-09;2023-08-04;249.39
15717094;2245299231;2ème Impayé;2023-08-09;2023-08-24;308.64
15717094;2245299231;Suspension de garanties;2023-09-29;2023-10-05;323.64
15717094;2245299231;Annonce du contentieux;2023-10-06;2023-10-18;323.64
15717094;2245299231;Mise en demeure;2023-08-25;2023-09-28;323.64
15717094;2245299231;1er Impayé;2023-07-09;2023-08-02;102.88
15717234;2245319232;1er Impayé;2023-07-09;2023-08-02;86.18
15720538;2245791231;1er Impayé;2023-07-09;2023-08-02;77.54
15778092;2254013231;1er Impayé;2023-07-09;2023-08-02;92.13
15778190;2254027231;1er Impayé;2023-07-09;2023-08-02;52.76
15778442;2254063231;1er Impayé;2023-07-09;2023-07-10;111.0
15780598;2254371232;2ème Impayé;2023-08-09;2023-08-24;126.48
15780598;2254371232;Mise en demeure;2023-08-25;2023-09-13;141.48
15780598;2254371232;1er Impayé;2023-07-09;2023-08-02;42.16
15782845;2254692232;1er Impayé;2023-07-09;2023-07-21;373.98
15785204;2255029231;Mise en demeure;2023-07-28;2023-08-07;227.49
15785204;2255029231;1er Impayé;2023-07-09;2023-07-27;212.49
15785946;2255135231;1er Impayé;2023-07-09;2023-07-10;81.01
15788235;2255462231;1er Impayé;2023-07-09;2023-07-18;61.07
15795396;2256485231;1er Impayé;2023-07-09;2023-08-04;236.17
15818993;2259856231;1er Impayé;2023-07-09;2023-08-02;54.17
15820239;2260034231;2ème Impayé;2023-08-09;2023-08-24;429.96
15820239;2260034231;Mise en demeure;2023-08-25;2023-09-27;444.96
15820239;2260034231;1er Impayé;2023-07-09;2023-08-02;143.32
15822941;2260420231;1er Impayé;2023-07-09;2023-07-14;153.03
15826616;2260945231;1er Impayé;2023-07-09;2023-08-04;119.56
15830032;2261433231;1er Impayé;2023-07-09;2023-08-04;58.52
15830942;2261563232;1er Impayé;2023-07-09;2023-07-14;157.84
15836136;2262305231;1er Impayé;2023-07-09;2023-08-02;124.66
15838768;2262681231;1er Impayé;2023-07-09;2023-07-12;79.88
15839461;2262780232;1er Impayé;2023-07-09;2023-08-07;441.24
15845957;2263708231;2ème Impayé;2023-08-09;2023-08-29;258.54
15845957;2263708231;1er Impayé;2023-07-09;2023-08-02;86.18
15847070;2263867231;Suspension de garanties;2023-09-01;2023-09-07;388.49
15847070;2263867231;En recouvrement;2023-09-24;2023-10-12;750.98
15847070;2263867231;Mise en demeure;2023-07-28;2023-08-31;388.49
15847070;2263867231;1er Impayé;2023-07-09;2023-07-27;373.49
15847070;2263867231;Annonce du contentieux;2023-09-08;2023-09-23;388.49
15857178;2265311231;1er Impayé;2023-07-09;2023-08-02;77.16
15864318;2266331231;1er Impayé;2023-07-09;2023-08-02;82.59
15873096;2267585231;1er Impayé;2023-07-09;2023-08-07;551.92
15876603;2268086231;2ème Impayé;2023-08-09;2023-09-29;329.82
15876603;2268086231;1er Impayé;2023-07-09;2023-08-02;109.94
15884261;2269180231;1er Impayé;2023-07-09;2023-08-02;90.6
15885367;2269338231;1er Impayé;2023-07-09;2023-08-02;51.13
15885416;2269345231;Suspension de garanties;2023-09-01;2023-09-07;397.71
15885416;2269345231;Mise en demeure;2023-07-28;2023-08-31;397.71
15885416;2269345231;1er Impayé;2023-07-09;2023-07-27;382.71
15885416;2269345231;Annonce du contentieux;2023-09-08;2023-10-12;397.71
15068481;2152640231;1er Impayé;2023-05-08;2023-05-18;211.64
15226303;2175186231;1er Impayé;2023-05-08;2023-06-01;76.39
15235494;2176499231;1er Impayé;2023-05-08;2023-06-06;127.64
15296149;2185164231;1er Impayé;2023-05-08;2023-06-01;98.61
15366688;2195241231;1er Impayé;2023-05-08;2023-05-12;458.21
15369754;2195679232;2ème Impayé;2023-06-07;2023-11-08;421.72
15369754;2195679232;Mise en demeure;2023-11-09;;1686.88
15369754;2195679232;1er Impayé;2023-05-08;2023-06-01;210.86
15393141;2199020231;1er Impayé;2023-05-08;2023-05-27;195.62
15447811;2206830232;1er Impayé;2023-05-08;2023-06-01;68.29
15471212;2210173232;1er Impayé;2023-05-08;2023-06-01;63.27
15500990;2214427231;1er Impayé;2023-05-08;2023-06-01;97.67
15501732;2214533231;Suspension de garanties;2023-06-30;2023-07-03;201.95
15501732;2214533231;Mise en demeure;2023-05-26;2023-06-29;201.95
15501732;2214533231;1er Impayé;2023-05-08;2023-05-25;373.9
15531265;2218752231;2ème Impayé;2023-06-08;2023-07-11;241.46
15531265;2218752231;1er Impayé;2023-05-08;2023-06-01;214.18
15542297;2220328231;1er Impayé;2023-05-08;2023-05-09;47.44
15562772;2223253231;1er Impayé;2023-05-08;2023-06-01;134.02
15607593;2229656232;1er Impayé;2023-05-08;2023-06-06;89.85
15612633;2230376232;2ème Impayé;2023-06-06;2023-06-08;85.2
15612633;2230376232;1er Impayé;2023-05-08;2023-05-09;85.2
15622699;2231814231;1er Impayé;2023-05-08;2023-05-12;83.87
15737527;2248218231;Mise en demeure;2023-05-26;2023-05-30;133.5
15737527;2248218231;1er Impayé;2023-05-08;2023-05-25;118.5
7842234;11203192321;1er Impayé;2023-11-16;;136.55
12437531;1776790232;1er Impayé;2023-11-16;;165.14
13404315;1914902232;1er Impayé;2023-11-16;;58.35
13534270;1933467231;1er Impayé;2023-11-16;;118.62
13831035;1975862233;1er Impayé;2023-11-16;;73.71
14077358;2011051232;1er Impayé;2023-11-16;;104.4
14368404;2052629232;1er Impayé;2023-11-16;;76.4
15581994;2225999231;1er Impayé;2023-11-16;;67.37
15612115;2230302231;1er Impayé;2023-11-16;;55.85
15629510;2232787232;1er Impayé;2023-11-16;;170.18
15629720;2232817231;1er Impayé;2023-11-16;;60.82
15647367;2235338231;1er Impayé;2023-11-16;;160.81
15656831;2236690231;1er Impayé;2023-11-16;;86.15
15663509;2237644232;1er Impayé;2023-11-16;;96.86
15776405;2253772231;1er Impayé;2023-11-16;;95.94
15856667;2265238231;1er Impayé;2023-11-16;2023-11-19;124.47
15872634;2267519231;1er Impayé;2023-11-16;;116.9
15937937;2276848232;1er Impayé;2023-11-16;;151.86
15938595;2276942231;1er Impayé;2023-11-16;;60.84
16008833;2286976231;1er Impayé;2023-11-16;;197.29
16019123;2288446231;1er Impayé;2023-11-16;;66.86
16071427;2295918231;1er Impayé;2023-11-16;;126.81
16076341;2296620231;1er Impayé;2023-11-16;;131.1
16113273;2301896231;1er Impayé;2023-11-16;2023-11-25;141.6
16127994;2303999231;1er Impayé;2023-11-16;2023-11-23;120.76
16128001;2304000231;1er Impayé;2023-11-16;;129.57
16141399;2305914231;1er Impayé;2023-11-16;2023-11-23;68.86
12016418;1716631234;1er Impayé;2023-08-15;2023-09-06;61.5
15010325;2144332232;Mise en demeure;2023-09-01;2023-09-24;191.16
15010325;2144332232;1er Impayé;2023-08-15;2023-08-31;176.16
15887460;2269637231;1er Impayé;2023-08-15;2023-09-01;198.34
15457380;2208197233;1er Impayé;2023-10-22;2023-10-24;260.76
14986588;21409412306;Mise en demeure;2023-08-04;2023-08-09;352.23
14986588;21409412306;1ere lettre de relance;2023-07-21;2023-08-03;337.23
13135270;18764672306;Mise en demeure;2023-08-04;2023-09-02;79.55
13135270;18764672306;1ere lettre de relance;2023-07-21;2023-08-03;254.55
4277428;6110612351;1ere lettre de relance;2023-07-21;2023-07-23;323.31
13524673;19320962303;1ere lettre de relance;2023-07-21;2023-07-29;117.15
15876064;22680092302;1ere lettre de relance;2023-07-21;2023-07-28;166.74
4390023;6271462326;1ere lettre de relance;2023-07-21;2023-07-27;1021.8
3924201;5606002378;1ere lettre de relance;2023-07-21;2023-07-28;393.27
6009578;8585112301;Mise en demeure;2023-08-04;2023-08-10;674.82
6009578;8585112301;1ere lettre de relance;2023-07-21;2023-08-03;659.82
14595575;20850822303;1ere lettre de relance;2023-07-21;2023-07-27;911.43
13623128;19461612305;Mise en demeure;2023-08-04;2023-09-07;218.85
13623128;19461612305;En recouvrement;2023-09-27;;422.7
13623128;19461612305;Annonce du contentieux;2023-09-15;2023-09-26;218.85
13623128;19461612305;1ere lettre de relance;2023-07-21;2023-08-03;203.85
13623128;19461612305;Suspension de garanties;2023-09-08;2023-09-14;218.85
15669865;22385522303;1ere lettre de relance;2023-07-21;2023-07-28;270.93
7203666;10290952319;1ere lettre de relance;2023-07-21;2023-08-02;935.94
12354679;17649542314;1ere lettre de relance;2023-07-21;2023-07-25;407.1
15428393;22040562301;1ere lettre de relance;2023-07-21;2023-07-23;1269.06
111637;159482338;1ere lettre de relance;2023-07-21;2023-07-23;1171.77
14878991;21255702305;Mise en demeure;2023-08-04;2023-08-21;212.19
14878991;21255702305;1ere lettre de relance;2023-07-21;2023-08-03;197.19
15644602;22349432303;Mise en demeure;2023-08-04;2023-08-10;97.92
15644602;22349432303;1ere lettre de relance;2023-07-21;2023-08-03;41.46
15110481;21586402304;1ere lettre de relance;2023-07-21;2023-07-25;245.85
15329980;21899972304;Suspension de garanties;2023-11-17;;377.94
15329980;21899972304;Mise en demeure;2023-10-13;2023-11-16;377.94
15329980;21899972304;1ere lettre de relance;2023-07-21;2023-10-12;181.47
4761016;6801452332;1ere lettre de relance;2023-07-21;2023-07-25;696.74
5957974;8511392313;1ere lettre de relance;2023-07-21;2023-08-02;368.07
4474121;6391602304;1ere lettre de relance;2023-07-21;2023-07-27;591.36
13574177;19391682309;1ere lettre de relance;2023-07-21;2023-07-27;205.38
11127215;15896022381;1ere lettre de relance;2023-07-21;2023-07-29;150.01
14245323;20350462309;1ere lettre de relance;2023-07-21;2023-08-01;198.57
7670440;10957772312;1ere lettre de relance;2023-07-21;2023-07-23;619.5
15449512;22070732301;1ere lettre de relance;2023-07-21;2023-07-26;282.51
3941680;5630972306;1ere lettre de relance;2023-07-21;2023-07-23;954.9
15308007;21868582302;Mise en demeure;2023-08-04;2023-08-25;173.9
15308007;21868582302;1ere lettre de relance;2023-07-21;2023-08-03;158.9
12698127;18140182312;1ere lettre de relance;2023-07-21;2023-07-24;250.35
13090428;18700612303;1ere lettre de relance;2023-07-21;2023-08-01;579.63
14336204;20480292301;Mise en demeure;2023-08-04;2023-08-08;527.5
14336204;20480292301;1ere lettre de relance;2023-07-21;2023-08-03;512.5
4350795;6215422347;Mise en demeure;2023-08-04;2023-08-06;563.22
4350795;6215422347;1ere lettre de relance;2023-07-21;2023-08-03;548.22
14683887;20976982303;1ere lettre de relance;2023-07-21;2023-07-31;445.86
4499748;6428212332;1ere lettre de relance;2023-07-21;2023-07-25;973.44
13609758;19442512309;Mise en demeure;2023-08-04;2023-08-11;1005.09
13609758;19442512309;1ere lettre de relance;2023-07-21;2023-08-03;990.09
4313331;6161902347;1ere lettre de relance;2023-07-21;2023-07-31;534.3
8127813;11611162305;1ere lettre de relance;2023-07-21;2023-07-30;1371.12
4727983;6754262321;Mise en demeure;2023-08-04;2023-08-16;748.23
4727983;6754262321;1ere lettre de relance;2023-07-21;2023-08-03;733.23
13449479;19213542304;Mise en demeure;2023-08-04;2023-08-23;630.36
13449479;19213542304;1ere lettre de relance;2023-07-21;2023-08-03;630.36
15274400;21820572302;Mise en demeure;2023-08-04;2023-08-22;576.33
15274400;21820572302;1ere lettre de relance;2023-07-21;2023-08-03;561.33
5503436;7862052345;1ere lettre de relance;2023-07-21;2023-08-03;191.52
5386641;7695202349;Mise en demeure;2023-08-04;2023-08-31;748.97
15733425;22476322301;Mise en demeure;2023-08-04;2023-09-07;179.73
15733425;22476322301;En recouvrement;2023-09-24;;344.46
15733425;22476322301;Annonce du contentieux;2023-09-15;2023-09-23;179.73
15733425;22476322301;Suspension de garanties;2023-09-08;2023-09-14;179.73
5386641;7695202349;1ere lettre de relance;2023-07-21;2023-08-03;733.97
15733425;22476322301;1ere lettre de relance;2023-07-21;2023-08-03;164.73
15129080;21612972303;Mise en demeure;2023-08-04;2023-08-07;535.74
15129080;21612972303;1ere lettre de relance;2023-07-21;2023-08-03;520.74
4695972;6708532317;1ere lettre de relance;2023-07-21;2023-07-30;391.41
10944515;15635022317;Mise en demeure;2023-08-04;2023-08-10;509.73
10944515;15635022317;1ere lettre de relance;2023-07-21;2023-08-03;494.73
15366520;21952172303;Mise en demeure;2023-08-04;2023-08-28;189.54
15366520;21952172303;1ere lettre de relance;2023-07-21;2023-08-03;174.54
10855930;15508472307;1ere lettre de relance;2023-07-21;2023-07-25;255.48
4337054;6195792333;1ere lettre de relance;2023-07-21;2023-07-31;465.3
13484437;19263482311;Mise en demeure;2023-08-04;2023-08-05;321.66
13484437;19263482311;1ere lettre de relance;2023-07-21;2023-08-03;306.66
14366038;20522912305;Mise en demeure;2023-08-04;2023-09-04;145.32
14366038;20522912305;1ere lettre de relance;2023-07-21;2023-08-03;130.32
15428372;2204053232;1er Impayé;2023-11-08;;81.89
15439817;2205688233;1er Impayé;2023-11-08;;76.08
15444465;2206352231;1er Impayé;2023-11-08;2023-11-10;126.65
15467145;2209592231;1er Impayé;2023-11-08;;129.1
15475363;2210766231;1er Impayé;2023-11-08;;183.13
15477386;2211055233;1er Impayé;2023-11-08;;80.92
15480494;2211499232;1er Impayé;2023-11-08;;61.14
15484631;2212090231;1er Impayé;2023-11-08;2023-11-23;40.99
15491771;2213110232;1er Impayé;2023-11-08;;85.34
15526267;2218038231;1er Impayé;2023-11-08;;107.76
15530229;2218604232;1er Impayé;2023-11-08;;43.36
15544789;2220684232;1er Impayé;2023-11-08;;109.45
15547925;2221132231;1er Impayé;2023-11-08;;60.26
15548219;2221174231;1er Impayé;2023-11-08;;90.91
15587678;2226811231;1er Impayé;2023-11-08;;93.54
15599907;2228558232;1er Impayé;2023-11-08;;156.32
15602469;2228924231;1er Impayé;2023-11-08;;73.78
15620417;2231488231;1er Impayé;2023-11-08;;117.26
15620914;2231559233;1er Impayé;2023-11-08;;66.39
15634627;2233518232;1er Impayé;2023-11-08;;90.84
15640948;2234421231;1er Impayé;2023-11-08;;80.14
15654920;2236417232;1er Impayé;2023-11-08;;92.87
15688233;2241176232;1er Impayé;2023-11-08;;53.01
15690011;2241430232;1er Impayé;2023-11-08;;203.44
15692454;2241779232;1er Impayé;2023-11-08;;146.1
15692601;2241800232;1er Impayé;2023-11-08;;78.27
15702940;2243277232;1er Impayé;2023-11-08;;141.81
15706209;2243744231;1er Impayé;2023-11-08;2023-11-28;262.24
15716646;2245235231;1er Impayé;2023-11-08;2023-11-12;115.47
15722820;2246117231;1er Impayé;2023-11-08;;177.97
15745143;2249306232;1er Impayé;2023-11-08;;98.28
15756749;2250964231;1er Impayé;2023-11-08;;91.23
15756945;2250992231;1er Impayé;2023-11-08;;23.86
15760956;2251565232;1er Impayé;2023-11-08;;48.19
15761782;2251683232;1er Impayé;2023-11-08;;68.43
15770231;2252890231;1er Impayé;2023-11-08;;85.07
15771981;2253140231;1er Impayé;2023-11-08;;48.21
15772093;2253156231;1er Impayé;2023-11-08;;130.7
15777056;2253865232;1er Impayé;2023-11-08;;66.65
15778904;2254129231;1er Impayé;2023-11-08;;187.66
15821443;2260206231;1er Impayé;2023-11-08;;46.51
15823354;2260479233;1er Impayé;2023-11-08;;77.23
15825762;2260823231;1er Impayé;2023-11-08;;77.77
15838768;2262681233;1er Impayé;2023-11-08;;92.03
15839839;2262834232;1er Impayé;2023-11-08;;69.25
15844389;2263484231;1er Impayé;2023-11-08;;49.59
15854826;2264975231;1er Impayé;2023-11-08;2023-11-15;81.35
15858809;2265544232;1er Impayé;2023-11-08;;101.56
15870079;2267154231;1er Impayé;2023-11-08;;80.77
15879753;2268536232;1er Impayé;2023-11-08;;105.15
15880250;2268607231;1er Impayé;2023-11-08;2023-11-12;237.8
8804657;1257808232;1er Impayé;2023-02-21;2023-03-14;165.59
12943323;1849046231;1er Impayé;2023-02-21;2023-03-09;151.22
12943323;1849046231;Mise en demeure;2023-03-10;2023-03-28;166.22
15206689;2172384232;1er Impayé;2023-02-21;2023-03-01;73.68
15308203;2186886231;1er Impayé;2023-02-21;2023-03-16;109.78
15308203;2186886231;Mise en demeure;2023-03-17;2023-04-20;124.78
15308203;2186886231;Suspension de garanties;2023-04-21;2023-05-01;124.78
15308203;2186886231;Annonce du contentieux;2023-05-02;2023-05-05;124.78
15386477;2198068232;1er Impayé;2023-02-21;2023-02-21;163.05
15656964;2236709231;1er Impayé;2023-02-21;2023-03-09;161.4
15656964;2236709231;Mise en demeure;2023-03-10;2023-03-15;176.4
15886270;2269467231;1er Impayé;2023-07-09;2023-07-16;332.16
15892122;2270303231;Suspension de garanties;2023-09-01;2023-09-07;438.85
15892122;2270303231;En recouvrement;2023-09-24;2023-10-10;860.77
15892122;2270303231;Mise en demeure;2023-07-28;2023-08-31;438.85
15892122;2270303231;1er Impayé;2023-07-09;2023-07-27;423.85
15892122;2270303231;Annonce du contentieux;2023-09-08;2023-09-23;438.85
15931959;2275994231;Mise en demeure;2023-07-28;2023-08-17;345.39
15931959;2275994231;1er Impayé;2023-07-09;2023-07-27;330.39
15933674;2276239231;1er Impayé;2023-07-09;2023-07-20;201.99
12114187;1730598238;1er Impayé;2023-10-15;2023-10-23;170.49
12114187;1730598238;2ème Impayé;2023-11-08;;355.04
12941328;1848761239;1er Impayé;2023-10-15;2023-11-02;523.92
12941328;1848761239;Mise en demeure;2023-11-03;;364.28
13929462;1989923231;1er Impayé;2023-10-15;2023-11-07;105.25
14449275;2064182231;1er Impayé;2023-10-15;2023-10-18;115.98
14586244;2083749231;1er Impayé;2023-10-15;2023-11-02;325.2
14586244;2083749231;Mise en demeure;2023-11-03;;231.8
15156289;2165184232;1er Impayé;2023-10-15;2023-11-07;53.53
15230251;2175750232;1er Impayé;2023-10-15;2023-11-02;399.0
15230251;2175750232;Mise en demeure;2023-11-03;;414.0
8237328;1176761236;2ème Impayé;2023-08-23;2023-09-14;1675.92
8237328;1176761236;Mise en demeure;2023-09-15;2023-10-12;573.64
8237328;1176761236;1er Impayé;2023-07-25;2023-08-10;558.64
9783460;1397637233;1er Impayé;2023-07-25;2023-08-10;58.05
11597237;1656748237;1er Impayé;2023-07-25;2023-08-10;79.14
12030474;1718639236;1er Impayé;2023-07-25;2023-08-10;63.93
12195800;1742257237;1er Impayé;2023-07-25;2023-08-10;215.37
14354761;2050680238;2ème Impayé;2023-08-23;2023-09-07;141.64
14354761;2050680238;Mise en demeure;2023-09-08;2023-09-25;156.64
14354761;2050680238;1er Impayé;2023-07-25;2023-08-10;141.64
14599628;2085661234;1er Impayé;2023-07-25;2023-08-10;47.86
14614069;2087724234;2ème Impayé;2023-08-23;2023-09-07;223.14
14614069;2087724234;1er Impayé;2023-07-25;2023-08-10;74.38
14614069;2087724234;Mise en demeure;2023-09-08;2023-09-13;89.38
14799163;2114166232;1er Impayé;2023-07-25;2023-08-10;78.7
15758779;2251254232;2ème Impayé;2023-08-23;2023-10-04;527.48
15758779;2251254232;1er Impayé;2023-07-25;2023-08-23;370.18
15854329;2264904231;1er Impayé;2023-07-25;2023-07-28;141.07
15876442;2268063231;Mise en demeure;2023-08-11;2023-08-27;388.52
15876442;2268063231;1er Impayé;2023-07-25;2023-08-10;373.52
15957698;2279671231;1er Impayé;2023-07-25;2023-08-02;99.46
13221587;1888798239;2ème Impayé;2023-09-24;2023-10-11;240.8
13221587;1888798239;1er Impayé;2023-08-22;2023-09-13;120.4
11993633;1713376231;Annonce du contentieux;2023-08-25;2023-09-23;526.32
11993633;1713376231;En recouvrement;2023-09-24;;909.81
11993633;1713376231;Suspension de garanties;2023-08-18;2023-08-24;526.32
11993633;1713376231;1er Impayé;2023-06-05;2023-07-13;127.83
11993633;1713376231;Mise en demeure;2023-07-14;2023-08-17;526.32
15141512;2163073231;1er Impayé;2023-06-05;2023-06-25;65.11
11305792;16151132305;1ere lettre de relance;2023-07-21;2023-07-31;486.66
14716122;21023032305;Mise en demeure;2023-08-04;2023-09-07;252.27
14716122;21023032305;Suspension de garanties;2023-09-08;2023-09-13;252.27
14716122;21023032305;1ere lettre de relance;2023-07-21;2023-08-03;237.27
13510701;19301002313;Mise en demeure;2023-08-04;2023-08-05;142.23
13510701;19301002313;1ere lettre de relance;2023-07-21;2023-08-03;127.23
15037135;21481622304;Mise en demeure;2023-08-04;2023-08-21;253.34
15037135;21481622304;1ere lettre de relance;2023-07-21;2023-08-03;357.51
15872536;22675052302;1ere lettre de relance;2023-07-21;2023-07-31;146.4
5333847;7619782335;Mise en demeure;2023-08-04;2023-08-11;2139.78
5333847;7619782335;1ere lettre de relance;2023-07-21;2023-08-03;2124.78
5136013;7337162350;Mise en demeure;2023-08-04;2023-08-23;1898.01
5136013;7337162350;1ere lettre de relance;2023-07-21;2023-08-03;1883.01
13424650;19178072309;1ere lettre de relance;2023-07-21;2023-07-27;129.55
15590800;22272572302;Mise en demeure;2023-08-04;2023-09-03;213.09
15590800;22272572302;1ere lettre de relance;2023-07-21;2023-08-03;198.09
14588988;20841412303;Mise en demeure;2023-08-04;2023-08-22;218.82
14588988;20841412303;1ere lettre de relance;2023-07-21;2023-08-03;203.82
13933781;19905402307;Mise en demeure;2023-08-04;2023-09-07;208.65
13933781;19905402307;1ere lettre de relance;2023-07-21;2023-08-03;193.65
13933781;19905402307;Suspension de garanties;2023-09-08;2023-09-11;208.65
7940381;11343402320;1ere lettre de relance;2023-07-21;2023-08-01;226.71
8642509;12346442322;1ere lettre de relance;2023-07-21;2023-07-25;932.04
15428407;22040582305;Mise en demeure;2023-08-04;2023-08-15;245.0
15428407;22040582305;1ere lettre de relance;2023-07-21;2023-08-03;230.0
207740;296772377;1ere lettre de relance;2023-07-21;2023-07-23;296.13
11000970;15715672314;En recouvrement;2023-09-24;;1376.58
11000970;15715672314;Mise en demeure;2023-08-04;2023-09-07;695.79
11000970;15715672314;Annonce du contentieux;2023-09-15;2023-09-23;695.79
11000970;15715672314;1ere lettre de relance;2023-07-21;2023-08-03;680.79
11000970;15715672314;Suspension de garanties;2023-09-08;2023-09-14;695.79
15622384;22317692303;1ere lettre de relance;2023-07-21;2023-07-29;464.46
15482167;22117382302;Mise en demeure;2023-08-04;2023-08-06;177.54
15482167;22117382302;1ere lettre de relance;2023-07-21;2023-08-03;162.54
4386138;6265912379;1ere lettre de relance;2023-07-21;2023-07-24;506.37
14391812;20559732305;1ere lettre de relance;2023-07-21;2023-07-31;190.62
7197436;10282052346;1ere lettre de relance;2023-07-21;2023-08-03;268.53
11937087;17052982306;1ere lettre de relance;2023-07-21;2023-07-25;124.89
15223615;21748022305;1ere lettre de relance;2023-07-21;2023-07-31;739.11
12050382;17214832304;1ere lettre de relance;2023-07-21;2023-07-30;338.61
7168071;10240102309;1ere lettre de relance;2023-07-21;2023-07-27;1060.29
319138;455912355;1ere lettre de relance;2023-07-21;2023-07-25;273.75
7735092;11050132351;Mise en demeure;2023-08-04;2023-08-11;1033.08
7735092;11050132351;1ere lettre de relance;2023-07-21;2023-08-03;1018.08
15834960;22621372302;1ere lettre de relance;2023-07-21;2023-07-27;360.36
13901112;19858732313;Mise en demeure;2023-08-04;2023-08-09;186.36
13901112;19858732313;1ere lettre de relance;2023-07-21;2023-08-03;171.36
13856928;19795612306;Mise en demeure;2023-08-04;2023-08-11;179.7
13856928;19795612306;1ere lettre de relance;2023-07-21;2023-08-03;164.7
15502852;22146932303;1ere lettre de relance;2023-07-21;2023-07-24;119.2
5140738;7343912307;1ere lettre de relance;2023-07-21;2023-07-30;610.56
7695458;10993512325;1ere lettre de relance;2023-07-21;2023-07-23;4934.64
13922413;19889162308;1ere lettre de relance;2023-07-21;2023-07-31;223.02
14475049;20678642305;1ere lettre de relance;2023-07-21;2023-07-27;126.36
15772576;22532252303;1ere lettre de relance;2023-07-21;2023-07-26;244.14
15508571;22155102302;Mise en demeure;2023-08-04;2023-08-06;263.61
15508571;22155102302;1ere lettre de relance;2023-07-21;2023-08-03;248.61
4348394;6211992321;Mise en demeure;2023-08-04;2023-08-21;967.32
4348394;6211992321;1ere lettre de relance;2023-07-21;2023-08-03;952.32
5343941;7634202338;1ere lettre de relance;2023-07-21;2023-07-30;871.26
8641697;12345282323;1ere lettre de relance;2023-07-21;2023-07-31;482.1
13828151;19754502307;Mise en demeure;2023-08-04;2023-09-02;449.37
4815798;6879712375;1ere lettre de relance;2023-07-21;2023-07-23;791.97
4484978;6407112334;1ere lettre de relance;2023-07-21;2023-07-25;1848.54
13828151;19754502307;1ere lettre de relance;2023-07-21;2023-08-03;434.37
9418998;13455712302;1ere lettre de relance;2023-07-21;2023-07-23;2051.34
15625142;22321632302;1ere lettre de relance;2023-07-21;2023-08-07;454.71
10739793;15342562312;Mise en demeure;2023-08-04;2023-08-16;275.61
10739793;15342562312;1ere lettre de relance;2023-07-21;2023-08-03;260.61
10685788;15265412333;1ere lettre de relance;2023-07-21;2023-07-27;622.53
15880285;2268612231;1er Impayé;2023-11-08;;88.48
15883631;2269090231;1er Impayé;2023-11-08;2023-11-10;226.04
15886886;2269555231;1er Impayé;2023-11-08;;67.44
15899045;2271292232;1er Impayé;2023-11-08;;228.72
15900193;2271456231;1er Impayé;2023-11-08;;76.4
15901243;2271606231;1er Impayé;2023-11-08;2023-11-09;70.61
15904379;2272054231;1er Impayé;2023-11-08;2023-11-12;156.2
15910147;2272878231;1er Impayé;2023-11-08;;135.68
15913941;2273420232;1er Impayé;2023-11-08;;93.26
15923370;2274767231;1er Impayé;2023-11-08;;42.25
15929775;2275682231;1er Impayé;2023-11-08;;83.19
15931329;2275904231;1er Impayé;2023-11-08;;125.64
15934500;2276357231;1er Impayé;2023-11-08;;87.8
15936229;2276604232;1er Impayé;2023-11-08;;65.65
15937034;2276719231;1er Impayé;2023-11-08;2023-11-15;79.47
15949949;2278564231;1er Impayé;2023-11-08;;64.11
15958517;2279788231;1er Impayé;2023-11-08;2023-11-09;43.06
15960666;2280095231;1er Impayé;2023-11-08;2023-11-09;109.32
15961205;2280172231;1er Impayé;2023-11-08;;51.93
15966980;2280997232;1er Impayé;2023-11-08;;414.14
15970858;2281551231;1er Impayé;2023-11-08;;169.04
15971327;2281618232;1er Impayé;2023-11-08;;62.52
16002799;2286114231;1er Impayé;2023-11-08;;129.92
16004423;2286346231;1er Impayé;2023-11-08;;100.87
16005235;2286462231;1er Impayé;2023-11-08;;63.55
16009463;2287066232;1er Impayé;2023-11-08;;67.01
16011220;2287317231;1er Impayé;2023-11-08;;126.45
16011759;2287394232;1er Impayé;2023-11-08;;102.67
16018633;2288376231;1er Impayé;2023-11-08;;73.73
16019144;2288449231;1er Impayé;2023-11-08;;61.48
16020915;2288702231;1er Impayé;2023-11-08;;155.35
16023085;2289012231;1er Impayé;2023-11-08;;226.95
16030547;2290078231;1er Impayé;2023-11-08;;65.75
16038674;2291239231;1er Impayé;2023-11-08;;67.29
16043455;2291922231;1er Impayé;2023-11-08;;78.93
16044575;2292082232;1er Impayé;2023-11-08;2023-11-11;63.18
16047949;2292564231;1er Impayé;2023-11-08;;31.82
16058022;2294003231;1er Impayé;2023-11-08;2023-11-10;171.97
16063069;2294724231;1er Impayé;2023-11-08;;209.24
16063447;2294778231;1er Impayé;2023-11-08;2023-11-15;102.58
16071133;2295876231;1er Impayé;2023-11-08;;68.64
16073751;2296250231;1er Impayé;2023-11-08;;76.79
16080821;2297260231;1er Impayé;2023-11-08;2023-11-09;35.51
16091741;2298820231;1er Impayé;2023-11-08;;87.47
16095381;2299340231;1er Impayé;2023-11-08;;97.56
16099070;2299867231;1er Impayé;2023-11-08;2023-11-09;86.82
3886800;5552572319;1er Impayé;2023-04-11;2023-05-02;264.45
4415615;630802238;1er Impayé;2023-04-11;2023-05-02;164.49
4913343;701906235;1er Impayé;2023-04-11;2023-05-02;324.75
5045699;720814232;1er Impayé;2023-04-11;2023-05-02;229.67
5257463;751066237;1er Impayé;2023-04-11;2023-05-02;478.62
5257463;751066237;2ème Impayé;2023-05-10;2023-05-23;478.62
5718000;816857231;1er Impayé;2023-04-11;2023-05-02;1399.56
5848228;835461235;1er Impayé;2023-04-11;2023-05-02;877.77
5848228;835461235;2ème Impayé;2023-05-10;2023-05-25;877.77
5848228;835461235;Mise en demeure;2023-05-26;2023-10-12;892.77
7083329;10119042316;1er Impayé;2023-04-11;2023-04-14;208.22
8455497;1207928231;1er Impayé;2023-04-11;2023-05-02;80.98
8675192;12393132312;1er Impayé;2023-04-11;2023-04-13;116.23
9091251;1298750234;1er Impayé;2023-04-11;2023-05-02;461.66
9238685;1319812231;1er Impayé;2023-04-11;2023-05-01;341.79
9238685;1319812231;Mise en demeure;2023-05-02;2023-05-14;356.79
9247792;1321113235;1er Impayé;2023-04-11;2023-05-02;84.37
9557220;1365317231;1er Impayé;2023-04-11;2023-05-02;415.56
9687924;1383989232;1er Impayé;2023-04-11;2023-04-12;131.87
9692180;1384597233;1er Impayé;2023-04-11;2023-05-02;345.45
9692180;1384597233;Mise en demeure;2023-05-26;2023-06-29;1051.35
9692180;1384597233;Suspension de garanties;2023-06-30;2023-07-10;1051.35
9692180;1384597233;2ème Impayé;2023-05-09;2023-05-25;1036.35
9761781;1394540232;1er Impayé;2023-04-11;2023-05-04;253.5
9934849;1419264231;1er Impayé;2023-04-11;2023-05-02;62.02
9934849;1419264231;2ème Impayé;2023-05-10;2023-05-25;186.06
9934849;1419264231;En recouvrement;2023-08-01;;573.18
9934849;1419264231;Mise en demeure;2023-05-26;2023-06-29;201.06
9934849;1419264231;Suspension de garanties;2023-06-30;2023-07-06;201.06
9934849;1419264231;Annonce du contentieux;2023-07-07;2023-07-31;201.06
9988112;1426873232;1er Impayé;2023-04-11;2023-05-02;159.14
10066799;1438114235;1er Impayé;2023-04-11;2023-04-12;165.07
10805299;1543614231;1er Impayé;2023-04-11;2023-05-02;402.17
10828917;1546988239;1er Impayé;2023-04-11;2023-05-02;58.26
11220644;1602949235;1er Impayé;2023-04-11;2023-05-02;106.22
11220644;1602949235;2ème Impayé;2023-05-10;2023-05-21;318.66
11362569;1623224236;1er Impayé;2023-04-11;2023-05-02;169.2
11362569;1623224236;2ème Impayé;2023-05-10;2023-05-25;507.6
11362569;1623224236;Suspension de garanties;2023-06-30;2023-07-06;522.6
11362569;1623224236;Mise en demeure;2023-05-26;2023-06-29;522.6
11362569;1623224236;Annonce du contentieux;2023-07-07;2023-07-30;522.6
15443765;2206252233;1er Impayé;2023-10-15;2023-11-07;157.56
15528948;2218421232;1er Impayé;2023-10-15;2023-11-07;42.2
15528948;2218421232;2ème Impayé;2023-11-15;;126.6
15546469;2220924232;1er Impayé;2023-10-15;2023-11-03;126.82
15612157;2230308232;1er Impayé;2023-10-15;2023-11-03;70.57
15637532;2233933232;1er Impayé;2023-10-15;2023-11-03;48.38
15738465;2248352232;1er Impayé;2023-10-15;2023-11-03;62.51
15779772;2254253231;1er Impayé;2023-10-15;2023-11-03;121.19
15785960;2255137233;2ème Impayé;2023-11-13;2023-11-13;246.21
15785960;2255137233;1er Impayé;2023-10-15;2023-11-07;82.07
15792316;2256045231;1er Impayé;2023-10-15;2023-11-03;62.67
15833161;2261880231;1er Impayé;2023-10-15;2023-11-02;197.05
15833161;2261880231;Mise en demeure;2023-11-03;;212.05
15931406;2275915231;2ème Impayé;2023-11-16;;271.5
15931406;2275915231;1er Impayé;2023-10-15;2023-11-03;90.5
15949830;2278547231;2ème Impayé;2023-11-12;;264.6
15949830;2278547231;1er Impayé;2023-10-15;2023-11-03;88.2
15972041;2281720231;1er Impayé;2023-10-15;2023-11-02;319.04
15972041;2281720231;Mise en demeure;2023-11-03;;334.04
16034271;2290610231;2ème Impayé;2023-11-09;;212.3
16034271;2290610231;1er Impayé;2023-10-15;2023-11-02;100.56
16036091;2290870231;2ème Impayé;2023-11-09;;251.77
16036091;2290870231;1er Impayé;2023-10-15;2023-11-02;123.93
16036588;2290941231;1er Impayé;2023-10-15;2023-11-02;586.66
16036588;2290941231;Mise en demeure;2023-11-03;;601.66
16048222;2292603231;1er Impayé;2023-10-15;2023-11-02;305.63
16048222;2292603231;2ème Impayé;2023-11-08;;681.77
16056790;2293827231;2ème Impayé;2023-11-09;;326.95
16056790;2293827231;1er Impayé;2023-10-15;2023-11-02;141.09
16058498;2294071231;2ème Impayé;2023-11-09;;295.1
16058498;2294071231;1er Impayé;2023-10-15;2023-11-02;128.06
16058876;2294125231;2ème Impayé;2023-11-09;;394.33
16058876;2294125231;1er Impayé;2023-10-15;2023-11-02;169.73
16059107;2294158231;1er Impayé;2023-10-15;2023-10-20;199.34
16060094;2294299231;1er Impayé;2023-10-15;2023-11-07;141.31
16061508;2294501231;2ème Impayé;2023-11-13;;103.95
16061508;2294501231;1er Impayé;2023-10-15;2023-11-03;147.29
16066254;2295179231;2ème Impayé;2023-11-13;;412.27
16066254;2295179231;1er Impayé;2023-10-15;2023-11-03;156.15
16070573;2295796231;1er Impayé;2023-10-15;2023-11-02;45.34
16085553;2297936231;1er Impayé;2023-10-15;2023-11-02;107.74
16085553;2297936231;2ème Impayé;2023-11-08;;258.14
15928774;2275539231;1er Impayé;2023-08-22;2023-09-04;159.98
5581045;797292232;1er Impayé;2023-03-09;2023-03-12;254.06
12472083;1781726232;1er Impayé;2023-03-09;2023-04-03;94.85
12536896;1790985233;2ème Impayé;2023-04-12;2023-05-02;127.23
12536896;1790985233;1er Impayé;2023-03-09;2023-03-19;42.41
12660698;1808671232;1er Impayé;2023-03-09;2023-04-03;52.64
13145588;1877941236;1er Impayé;2023-03-09;2023-03-12;158.84
13937043;1991006234;1er Impayé;2023-03-09;2023-04-03;61.12
13937043;1991006234;2ème Impayé;2023-04-11;2023-05-01;244.48
13937043;1991006234;En recouvrement;2023-06-16;2023-08-30;503.96
13937043;1991006234;Annonce du contentieux;2023-06-09;2023-06-15;259.48
13937043;1991006234;Suspension de garanties;2023-06-02;2023-06-08;259.48
13937043;1991006234;Mise en demeure;2023-05-02;2023-06-01;259.48
13967906;1995415234;1er Impayé;2023-03-09;2023-04-03;69.78
14003816;2000545232;1er Impayé;2023-03-09;2023-04-03;64.93
14311382;2044483231;1er Impayé;2023-03-09;2023-04-03;91.44
14395137;2056448231;1er Impayé;2023-03-09;2023-04-03;92.96
14502013;2071716231;1er Impayé;2023-03-09;2023-04-03;218.78
14518841;2074120233;1er Impayé;2023-03-09;2023-04-03;33.05
14731088;2104441234;1er Impayé;2023-03-09;2023-04-03;143.03
14930539;2132934233;2ème Impayé;2023-04-13;2023-05-01;858.32
14930539;2132934233;1er Impayé;2023-03-09;2023-04-03;214.58
14930539;2132934233;En recouvrement;2023-06-16;2023-09-13;1860.8
14930539;2132934233;Annonce du contentieux;2023-06-09;2023-06-15;873.32
14930539;2132934233;Suspension de garanties;2023-06-02;2023-06-08;873.32
14930539;2132934233;Mise en demeure;2023-05-02;2023-06-01;873.32
14971734;2138819232;1er Impayé;2023-03-09;2023-04-03;161.82
15040376;2148625232;1er Impayé;2023-03-09;2023-04-03;86.31
15080696;2154385232;1er Impayé;2023-03-09;2023-04-03;68.14
13332096;1904585233;Mise en demeure;2023-05-12;2023-06-29;493.44
13332096;1904585233;Suspension de garanties;2023-06-30;2023-07-06;971.88
13332096;1904585233;Annonce du contentieux;2023-07-07;2023-07-20;971.88
13332096;1904585233;1er Impayé;2023-04-20;2023-05-11;478.44
15758779;2251254231;Mise en demeure;2023-05-12;2023-06-13;291.53
15758779;2251254231;1er Impayé;2023-04-20;2023-05-11;276.53
15762895;2251842231;Mise en demeure;2023-05-12;2023-06-21;172.3
15762895;2251842231;1er Impayé;2023-04-20;2023-05-11;209.73
15244846;21778352303;Mise en demeure;2023-08-04;2023-09-07;459.21
15244846;21778352303;Annonce du contentieux;2023-09-15;2023-10-11;459.21
15244846;21778352303;Suspension de garanties;2023-09-08;2023-09-14;459.21
15244846;21778352303;1ere lettre de relance;2023-07-21;2023-08-03;444.21
14182645;20260922303;1ere lettre de relance;2023-07-21;2023-08-01;173.58
10258088;14654412319;1ere lettre de relance;2023-07-21;2023-07-25;800.49
7692539;10989342325;1ere lettre de relance;2023-07-21;2023-07-28;150.93
14980127;21400182314;1ere lettre de relance;2023-07-21;2023-07-26;72.41
5328800;7612572326;Mise en demeure;2023-08-04;2023-08-24;896.49
5328800;7612572326;1ere lettre de relance;2023-07-21;2023-08-03;881.49
5097947;7282782349;Mise en demeure;2023-08-04;2023-09-06;1158.36
5097947;7282782349;1ere lettre de relance;2023-07-21;2023-08-03;1143.36
12030887;17186982317;1ere lettre de relance;2023-07-21;2023-08-02;148.56
4284589;6120842320;En recouvrement;2023-09-24;2023-10-12;2865.12
4284589;6120842320;Mise en demeure;2023-08-04;2023-09-07;2865.12
4284589;6120842320;Annonce du contentieux;2023-09-15;2023-09-23;2865.12
4284589;6120842320;1ere lettre de relance;2023-07-21;2023-08-03;2850.12
4284589;6120842320;Suspension de garanties;2023-09-08;2023-09-14;2865.12
8721105;12458722331;1ere lettre de relance;2023-07-21;2023-07-30;236.94
15377846;21968352304;Mise en demeure;2023-08-04;2023-08-29;204.6
15377846;21968352304;1ere lettre de relance;2023-07-21;2023-08-03;189.6
4252291;6074702307;1ere lettre de relance;2023-07-21;2023-07-27;500.19
15903819;22719742301;Mise en demeure;2023-08-04;2023-08-07;277.89
15903819;22719742301;1ere lettre de relance;2023-07-21;2023-08-03;262.89
14678882;20969832304;Mise en demeure;2023-08-04;2023-09-06;93.2
14678882;20969832304;1ere lettre de relance;2023-07-21;2023-08-03;78.2
7904303;11291862362;1ere lettre de relance;2023-07-21;2023-07-30;306.55
12431266;17758952307;1ere lettre de relance;2023-07-21;2023-07-30;362.46
14783504;21119292306;Mise en demeure;2023-08-11;2023-10-02;298.65
14783504;21119292306;1ere lettre de relance;2023-07-21;2023-08-10;283.65
11136007;15908582327;1ere lettre de relance;2023-07-21;2023-07-27;305.16
647494;924992345;Mise en demeure;2023-08-04;2023-08-22;320.58
647494;924992345;1ere lettre de relance;2023-07-21;2023-08-03;305.58
15840007;22628582302;Mise en demeure;2023-08-04;2023-09-07;594.6
15840007;22628582302;Annonce du contentieux;2023-09-15;2023-09-17;594.6
15840007;22628582302;1ere lettre de relance;2023-07-21;2023-08-03;579.6
15840007;22628582302;Suspension de garanties;2023-09-08;2023-09-14;594.6
11187485;15982122302;Mise en demeure;2023-08-04;2023-09-07;280.23
11187485;15982122302;Annonce du contentieux;2023-09-15;2023-11-27;280.23
11187485;15982122302;1ere lettre de relance;2023-07-21;2023-08-03;280.23
11187485;15982122302;Suspension de garanties;2023-09-08;2023-09-14;280.23
10350530;14786472301;1ere lettre de relance;2023-07-21;2023-08-10;663.94
15308385;21869122302;Mise en demeure;2023-08-04;2023-08-10;232.2
15308385;21869122302;1ere lettre de relance;2023-07-21;2023-08-03;217.2
12526249;17894642302;1ere lettre de relance;2023-07-21;2023-07-25;337.23
15459571;22085102301;Mise en demeure;2023-08-04;2023-09-18;131.76
15459571;22085102301;1ere lettre de relance;2023-07-21;2023-08-03;116.76
15769356;22527652302;Mise en demeure;2023-08-04;2023-08-17;251.82
15769356;22527652302;1ere lettre de relance;2023-07-21;2023-08-03;236.82
15693469;22419242303;1ere lettre de relance;2023-07-21;2023-07-26;150.99
15286685;21838122303;Mise en demeure;2023-08-04;2023-08-21;236.13
15286685;21838122303;1ere lettre de relance;2023-07-21;2023-08-03;221.13
3989378;5699112318;1ere lettre de relance;2023-07-21;2023-07-23;659.46
14664392;20949132306;Mise en demeure;2023-08-04;2023-09-05;115.0
14664392;20949132306;1ere lettre de relance;2023-07-21;2023-08-03;211.83
5573702;7962432341;Mise en demeure;2023-08-04;2023-08-15;237.21
5573702;7962432341;1ere lettre de relance;2023-07-21;2023-08-03;222.21
13157719;18796742310;Mise en demeure;2023-08-04;2023-08-11;252.48
13157719;18796742310;1ere lettre de relance;2023-07-21;2023-08-03;237.48
15340627;21915182303;1ere lettre de relance;2023-07-21;2023-07-23;292.39
12761169;18230242315;Mise en demeure;2023-08-04;2023-08-20;201.48
12761169;18230242315;1ere lettre de relance;2023-07-21;2023-08-03;186.48
13345557;19065082307;1ere lettre de relance;2023-07-21;2023-07-28;324.48
14937854;21339792303;Mise en demeure;2023-08-04;2023-09-07;230.52
14937854;21339792303;Annonce du contentieux;2023-09-15;2023-09-22;230.52
14937854;21339792303;Suspension de garanties;2023-09-08;2023-09-14;230.52
14937854;21339792303;1ere lettre de relance;2023-07-21;2023-08-03;230.52
3917467;5596382363;1ere lettre de relance;2023-07-21;2023-08-01;487.77
15212079;21731542302;Mise en demeure;2023-08-04;2023-08-22;387.69
15212079;21731542302;1ere lettre de relance;2023-07-21;2023-08-03;372.69
7399365;10570522318;1ere lettre de relance;2023-07-21;2023-07-24;461.07
15528808;22184012307;1ere lettre de relance;2023-07-21;2023-08-04;164.56
12162970;17375672303;1ere lettre de relance;2023-07-21;2023-08-02;199.65
4891958;6988512349;1ere lettre de relance;2023-07-21;2023-07-31;1093.86
13487097;19267282302;Mise en demeure;2023-08-04;2023-09-07;226.2
13487097;19267282302;Annonce du contentieux;2023-09-15;2023-09-20;226.2
13487097;19267282302;1ere lettre de relance;2023-07-21;2023-08-03;211.2
13487097;19267282302;Suspension de garanties;2023-09-08;2023-09-14;226.2
14836053;21194362305;Mise en demeure;2023-08-04;2023-09-07;179.4
14836053;21194362305;Suspension de garanties;2023-09-08;2023-09-13;179.4
14836053;21194362305;1ere lettre de relance;2023-07-21;2023-08-03;164.4
11980116;17114452313;Mise en demeure;2023-08-04;2023-08-29;102.22
11980116;17114452313;1ere lettre de relance;2023-07-21;2023-08-03;167.22
15378609;21969442301;Annonce du contentieux;2023-10-06;2023-10-12;736.87
15378609;21969442301;Mise en demeure;2023-08-04;2023-09-07;562.58
15378609;21969442301;1ere lettre de relance;2023-07-21;2023-08-03;547.58
15378609;21969442301;Suspension de garanties;2023-09-08;2023-10-05;562.58
9047830;12925472329;1ere lettre de relance;2023-07-21;2023-07-25;212.37
14251168;20358812305;Mise en demeure;2023-08-04;2023-09-07;462.18
14251168;20358812305;En recouvrement;2023-09-27;2023-10-23;909.36
14251168;20358812305;Annonce du contentieux;2023-09-15;2023-09-26;462.18
14251168;20358812305;Suspension de garanties;2023-09-08;2023-09-14;462.18
14251168;20358812305;1ere lettre de relance;2023-07-21;2023-08-03;447.18
4229828;6042612342;1ere lettre de relance;2023-07-21;2023-07-23;513.78
5224521;7463602320;Mise en demeure;2023-08-04;2023-08-07;473.76
5224521;7463602320;1ere lettre de relance;2023-07-21;2023-08-03;458.76
15481929;22117042302;Mise en demeure;2023-08-04;2023-08-29;192.18
15481929;22117042302;1ere lettre de relance;2023-07-21;2023-08-03;177.18
4392914;6275592331;Mise en demeure;2023-08-04;2023-08-27;543.24
4392914;6275592331;1ere lettre de relance;2023-07-21;2023-08-03;528.24
15623721;22319602302;Mise en demeure;2023-08-04;2023-08-17;285.54
15623721;22319602302;1ere lettre de relance;2023-07-21;2023-08-03;270.54
5410077;7728682327;1ere lettre de relance;2023-07-21;2023-07-24;788.16
11731154;1675879231;1er Impayé;2023-04-11;2023-05-02;97.57
11796464;1685209233;1er Impayé;2023-04-11;2023-05-02;140.95
12082547;1726078232;1er Impayé;2023-04-11;2023-05-02;310.41
12115209;1730744232;1er Impayé;2023-04-11;2023-05-02;109.61
12154444;1736349231;1er Impayé;2023-04-11;2023-05-02;114.85
12154444;1736349231;2ème Impayé;2023-05-08;2023-05-22;344.55
12200931;1742990236;1er Impayé;2023-04-11;2023-04-13;104.56
12249770;1749967232;1er Impayé;2023-04-11;2023-04-12;275.23
12326651;1760950233;1er Impayé;2023-04-11;2023-05-02;94.02
12326651;1760950233;2ème Impayé;2023-05-10;2023-05-25;282.06
12326651;1760950233;Mise en demeure;2023-05-26;2023-06-27;297.06
12362862;1766123231;1er Impayé;2023-04-11;2023-05-02;129.54
12367930;1766847232;1er Impayé;2023-04-11;2023-05-02;104.79
12472013;1781716232;1er Impayé;2023-04-11;2023-05-02;59.54
12472013;1781716232;2ème Impayé;2023-05-10;2023-05-25;178.62
12472013;1781716232;Mise en demeure;2023-05-26;2023-06-04;193.62
12481043;1783006231;1er Impayé;2023-04-11;2023-05-02;80.21
12530561;1790080235;1er Impayé;2023-04-11;2023-05-04;45.54
12569012;1795573232;1er Impayé;2023-04-11;2023-05-02;143.0
12796827;1828118236;1er Impayé;2023-04-11;2023-05-02;166.64
12807236;1829605232;1er Impayé;2023-04-11;2023-05-02;69.35
12931199;1847314231;1er Impayé;2023-04-11;2023-04-13;181.74
12989999;1855714234;1er Impayé;2023-04-11;2023-05-02;143.3
13019525;1859932232;1er Impayé;2023-04-11;2023-05-02;65.83
13118526;1874075233;1er Impayé;2023-04-11;2023-05-02;363.4
13145126;1877875231;1er Impayé;2023-04-11;2023-05-02;44.65
13204304;1886329235;1er Impayé;2023-04-11;2023-05-02;49.22
5576474;796639231;1er Impayé;2023-05-08;2023-05-15;286.68
10440354;14914792310;2ème Impayé;2023-06-08;2023-06-11;388.02
10440354;14914792310;1er Impayé;2023-05-08;2023-06-01;194.01
10868005;1552572234;1er Impayé;2023-05-08;2023-06-01;202.31
11373909;1624844231;1er Impayé;2023-05-08;2023-05-24;185.22
12022032;1717433231;Suspension de garanties;2023-06-30;2023-07-06;294.66
12022032;1717433231;Mise en demeure;2023-05-26;2023-06-29;294.66
12022032;1717433231;1er Impayé;2023-05-08;2023-05-25;279.66
12022032;1717433231;Annonce du contentieux;2023-07-07;2023-07-12;294.66
12419751;1774250231;1er Impayé;2023-05-08;2023-06-01;103.75
13021023;1860146231;1er Impayé;2023-05-08;2023-06-01;123.77
13061721;1865960232;1er Impayé;2023-05-08;2023-06-01;119.13
15203812;2171973232;1er Impayé;2023-03-09;2023-04-03;53.74
15208425;2172632231;1er Impayé;2023-03-09;2023-04-03;95.1
15208425;2172632231;2ème Impayé;2023-04-11;2023-05-01;380.4
15208425;2172632231;Mise en demeure;2023-05-02;2023-06-01;395.4
15208425;2172632231;Annonce du contentieux;2023-06-09;2023-06-12;395.4
15208425;2172632231;Suspension de garanties;2023-06-02;2023-06-08;395.4
15218155;2174022233;1er Impayé;2023-03-09;2023-03-10;51.03
15274400;2182057231;1er Impayé;2023-03-09;2023-04-03;187.11
15274400;2182057231;2ème Impayé;2023-04-11;2023-05-11;748.44
15274400;2182057231;Mise en demeure;2023-05-12;2023-06-14;763.44
15317457;2188208232;1er Impayé;2023-03-09;2023-04-03;153.73
15317457;2188208232;2ème Impayé;2023-04-11;2023-05-10;614.92
15322749;2188964231;1er Impayé;2023-03-09;2023-04-05;107.57
15461853;2208836231;1er Impayé;2023-03-09;2023-04-03;63.26
15461853;2208836231;2ème Impayé;2023-04-11;2023-05-01;253.04
15472591;2210370231;1er Impayé;2023-03-09;2023-03-24;160.34
15497308;2213901231;1er Impayé;2023-03-09;2023-03-31;121.64
15541268;2220181231;1er Impayé;2023-03-09;2023-04-05;169.57
15558866;2222695231;1er Impayé;2023-03-09;2023-03-20;233.99
15561631;2223090231;1er Impayé;2023-03-09;2023-03-21;73.31
15561680;2223097231;1er Impayé;2023-03-09;2023-03-20;129.93
15584542;2226363231;1er Impayé;2023-03-09;2023-03-14;176.18
15584542;2226363231;2ème Impayé;2023-04-19;2023-07-07;495.54
15591710;2227387231;1er Impayé;2023-03-09;2023-04-05;68.23
15599585;2228512231;1er Impayé;2023-03-09;2023-03-20;139.71
15599907;2228558231;1er Impayé;2023-03-09;2023-03-13;78.16
15607593;2229656231;1er Impayé;2023-03-09;2023-03-12;100.85
15617015;2231002231;1er Impayé;2023-03-09;2023-03-27;126.53
15619598;2231371231;1er Impayé;2023-03-09;2023-03-10;70.06
15619731;2231390231;1er Impayé;2023-03-09;2023-03-19;247.57
15624652;2232093231;1er Impayé;2023-03-09;2023-03-20;105.16
15653604;2236229231;1er Impayé;2023-03-09;2023-03-10;62.73
15693469;2241924231;1er Impayé;2023-03-09;2023-03-12;75.71
15694169;2242024231;1er Impayé;2023-03-09;2023-04-05;284.08
15704487;2243498231;1er Impayé;2023-03-09;2023-04-05;113.6
16062663;2294666231;1er Impayé;2023-11-13;;244.69
16088416;2298345231;1er Impayé;2023-11-13;;157.11
5706457;815208232;2ème Impayé;2023-11-12;;946.56
5706457;815208232;1er Impayé;2023-10-11;2023-11-02;946.56
5919880;8456972325;2ème Impayé;2023-11-12;;724.38
5919880;8456972325;1er Impayé;2023-10-11;2023-11-02;241.46
8217763;1173966239;1er Impayé;2023-10-11;2023-11-02;71.18
8538615;1219802238;1er Impayé;2023-10-11;2023-11-02;580.69
9048250;1292607234;1er Impayé;2023-10-11;2023-11-02;66.62
9544445;1363492238;1er Impayé;2023-10-11;2023-11-02;290.86
9965327;1423618232;1er Impayé;2023-10-11;2023-11-02;319.02
10124444;1446349231;2ème Impayé;2023-11-13;;205.77
10124444;1446349231;1er Impayé;2023-10-11;2023-11-02;68.59
10264542;14663632316;2ème Impayé;2023-11-12;;187.77
10264542;14663632316;1er Impayé;2023-10-11;2023-11-02;62.59
10276876;1468125231;1er Impayé;2023-10-11;2023-11-02;231.43
10835378;1547911234;1er Impayé;2023-10-11;2023-11-02;231.09
11087315;1583902231;1er Impayé;2023-10-11;2023-11-02;154.1
11390562;1627223234;Mise en demeure;2023-10-27;2023-11-29;248.48
11390562;1627223234;1er Impayé;2023-10-11;2023-10-26;350.22
11987025;1712432231;1er Impayé;2023-10-11;2023-11-02;286.2
12155256;1736465233;1er Impayé;2023-10-11;2023-11-02;156.35
12182122;17403032317;1er Impayé;2023-10-11;2023-10-13;217.38
12389686;1769955231;1er Impayé;2023-10-11;2023-10-12;95.87
12389791;1769970231;1er Impayé;2023-10-11;2023-11-02;123.54
12479531;1782790232;1er Impayé;2023-10-11;2023-11-02;95.47
12637836;1805405237;1er Impayé;2023-10-11;2023-11-07;162.7
12850013;1835716231;2ème Impayé;2023-11-12;;240.96
12850013;1835716231;1er Impayé;2023-10-11;2023-11-02;80.32
12989754;1855679231;Mise en demeure;2023-10-27;2023-11-30;471.99
12989754;1855679231;1er Impayé;2023-10-11;2023-10-26;456.99
13018818;1859831234;2ème Impayé;2023-11-07;;162.84
13018818;1859831234;1er Impayé;2023-10-11;2023-11-02;54.28
13346936;1906705234;1er Impayé;2023-10-11;2023-11-02;87.12
13360432;1908633232;1er Impayé;2023-10-11;2023-10-13;156.68
13433687;1919098236;1er Impayé;2023-10-11;2023-11-02;280.23
13457788;1922541233;2ème Impayé;2023-11-12;;383.28
13457788;1922541233;1er Impayé;2023-10-11;2023-11-02;127.76
13538904;1934129231;1er Impayé;2023-10-11;2023-11-02;53.74
13933704;1990529233;2ème Impayé;2023-11-12;2023-11-28;384.42
13933704;1990529233;1er Impayé;2023-10-11;2023-11-02;128.14
14025292;2003613231;2ème Impayé;2023-11-12;;208.29
14025292;2003613231;1er Impayé;2023-10-11;2023-11-02;69.43
14620845;2088692232;1er Impayé;2023-10-11;2023-11-02;80.81
15826707;22609582303;1ere lettre de relance;2023-07-21;2023-08-04;411.4
5299729;7571042328;1ere lettre de relance;2023-07-21;2023-07-29;277.5
7846294;11208992350;Mise en demeure;2023-08-04;2023-08-15;721.29
7846294;11208992350;1ere lettre de relance;2023-07-21;2023-08-03;706.29
106296;151852310;Mise en demeure;2023-08-04;2023-08-06;1287.18
106296;151852310;1ere lettre de relance;2023-07-21;2023-08-03;1272.18
13991412;19987732309;Mise en demeure;2023-08-04;2023-08-11;228.78
13991412;19987732309;1ere lettre de relance;2023-07-21;2023-08-03;213.78
4205083;6007262355;1ere lettre de relance;2023-07-21;2023-07-30;533.34
8028091;11468702321;1ere lettre de relance;2023-07-21;2023-08-07;1008.6
11341478;16202112308;Mise en demeure;2023-08-04;2023-08-21;189.51
11341478;16202112308;1ere lettre de relance;2023-07-21;2023-08-03;174.51
8413084;12018692322;1ere lettre de relance;2023-07-21;2023-08-03;449.79
5203801;7434002307;1ere lettre de relance;2023-07-21;2023-07-23;1173.84
12989922;18557032311;Mise en demeure;2023-08-04;2023-08-07;195.38
12989922;18557032311;1ere lettre de relance;2023-07-21;2023-08-03;90.19
14980204;21400292303;Mise en demeure;2023-08-04;2023-08-17;402.51
14980204;21400292303;1ere lettre de relance;2023-07-21;2023-08-03;387.51
5842782;8346832314;1ere lettre de relance;2023-07-21;2023-07-23;1679.76
13229280;18898972303;1ere lettre de relance;2023-07-21;2023-07-28;337.08
15689479;22413542302;1ere lettre de relance;2023-07-21;2023-07-25;305.19
15901733;22716762302;1ere lettre de relance;2023-07-21;2023-07-25;244.94
15506877;22152682302;Mise en demeure;2023-08-04;2023-08-31;178.02
15506877;22152682302;1ere lettre de relance;2023-07-21;2023-08-03;163.02
9901669;14145242301;1ere lettre de relance;2023-07-21;2023-08-07;297.32
15281519;21830742302;1ere lettre de relance;2023-07-21;2023-07-31;170.91
12495547;17850782307;1ere lettre de relance;2023-07-21;2023-08-02;158.46
14069609;20099442305;Mise en demeure;2023-08-04;2023-08-07;393.66
14069609;20099442305;1ere lettre de relance;2023-07-21;2023-08-03;378.66
4298022;6140032316;1ere lettre de relance;2023-07-21;2023-08-01;626.88
8641053;12344362311;1ere lettre de relance;2023-07-21;2023-08-03;1206.48
15361207;21944582303;Mise en demeure;2023-08-04;2023-08-10;332.4
15361207;21944582303;1ere lettre de relance;2023-07-21;2023-08-03;317.4
15278607;21826582302;1ere lettre de relance;2023-07-21;2023-07-30;126.54
15182147;21688782303;Mise en demeure;2023-08-04;2023-09-07;291.21
15182147;21688782303;Annonce du contentieux;2023-09-15;2023-09-21;291.21
15182147;21688782303;Suspension de garanties;2023-09-08;2023-09-14;291.21
15182147;21688782303;1ere lettre de relance;2023-07-21;2023-08-03;276.21
8332556;11903652325;1ere lettre de relance;2023-07-21;2023-07-30;918.21
5099137;7284482312;1ere lettre de relance;2023-07-21;2023-07-27;537.3
7693155;10990222311;1ere lettre de relance;2023-07-21;2023-07-31;565.5
15166572;21666532304;Mise en demeure;2023-08-04;2023-08-20;166.32
15166572;21666532304;1ere lettre de relance;2023-07-21;2023-08-03;151.32
15952581;22789402301;Mise en demeure;2023-08-04;2023-08-07;634.43
15952581;22789402301;1ere lettre de relance;2023-07-21;2023-08-03;619.43
14956936;21367052304;Mise en demeure;2023-08-04;2023-09-07;245.73
14956936;21367052304;Annonce du contentieux;2023-09-15;2023-10-17;245.73
14956936;21367052304;Suspension de garanties;2023-09-08;2023-09-14;245.73
14956936;21367052304;1ere lettre de relance;2023-07-21;2023-08-03;230.73
9231006;13187152323;1ere lettre de relance;2023-07-21;2023-07-30;390.63
9041726;12916752334;Mise en demeure;2023-08-04;2023-08-31;603.18
9041726;12916752334;1ere lettre de relance;2023-07-21;2023-08-03;588.18
4890901;6987002335;Mise en demeure;2023-08-04;2023-08-07;279.72
4890901;6987002335;1ere lettre de relance;2023-07-21;2023-08-03;264.72
11414831;16306902301;1ere lettre de relance;2023-07-21;2023-07-31;230.52
333299;476142334;Mise en demeure;2023-08-04;2023-08-09;562.44
333299;476142334;1ere lettre de relance;2023-07-21;2023-08-03;547.44
14557992;20797132304;Mise en demeure;2023-08-04;2023-08-07;159.58
14557992;20797132304;1ere lettre de relance;2023-07-21;2023-08-03;144.58
11394251;16277502303;Mise en demeure;2023-08-04;2023-08-27;123.42
11394251;16277502303;1ere lettre de relance;2023-07-21;2023-08-03;108.42
14107808;20154012306;1ere lettre de relance;2023-07-21;2023-07-30;357.45
3985108;5693012369;1ere lettre de relance;2023-07-21;2023-07-25;658.38
15122325;21603322304;Mise en demeure;2023-08-04;2023-08-05;141.86
15122325;21603322304;1ere lettre de relance;2023-07-21;2023-08-03;126.86
14294393;20420562303;Mise en demeure;2023-08-04;2023-08-11;165.39
14294393;20420562303;1ere lettre de relance;2023-07-21;2023-08-03;150.39
15308168;21868812303;Mise en demeure;2023-08-04;2023-08-31;232.38
15308168;21868812303;1ere lettre de relance;2023-07-21;2023-08-03;217.38
7860609;11229442379;1ere lettre de relance;2023-07-21;2023-07-31;182.82
15602070;22288672303;Mise en demeure;2023-08-04;2023-08-22;148.59
15602070;22288672303;1ere lettre de relance;2023-07-21;2023-08-03;133.59
4678066;6682952317;1ere lettre de relance;2023-07-21;2023-08-03;1705.32
13295416;1899345232;1er Impayé;2023-04-11;2023-04-18;88.56
13337045;1905292238;1er Impayé;2023-04-11;2023-05-02;48.55
13347517;1906788232;1er Impayé;2023-04-11;2023-05-04;217.98
13361160;1908737231;1er Impayé;2023-04-11;2023-05-02;124.85
13364247;1909178234;1er Impayé;2023-04-11;2023-05-02;105.46
13382909;1911844235;1er Impayé;2023-04-11;2023-05-02;113.78
13383595;1911942231;1er Impayé;2023-04-11;2023-04-17;42.69
13428528;1918361237;1er Impayé;2023-04-11;2023-05-02;83.36
13428528;1918361237;2ème Impayé;2023-05-14;2023-06-01;250.08
13428528;1918361237;Mise en demeure;2023-06-02;2023-06-20;265.08
13472565;1924652232;1er Impayé;2023-04-11;2023-05-02;85.52
13487468;1926781231;1er Impayé;2023-04-11;2023-05-02;73.17
13519269;1931324231;1er Impayé;2023-04-11;2023-05-02;57.32
13544987;1934998231;1er Impayé;2023-04-11;2023-05-02;65.91
13586000;1940857234;1er Impayé;2023-04-11;2023-05-02;51.88
13615841;1945120233;1er Impayé;2023-04-11;2023-05-02;62.68
13639676;1948525233;1er Impayé;2023-04-11;2023-05-02;102.98
13667284;1952469232;1er Impayé;2023-04-11;2023-04-28;204.11
13862101;1980300236;1er Impayé;2023-04-11;2023-04-26;431.13
13869864;1981409235;1er Impayé;2023-04-11;2023-05-01;1323.69
13869864;1981409235;En recouvrement;2023-06-16;2023-06-20;3986.07
13869864;1981409235;Annonce du contentieux;2023-06-09;2023-06-15;1338.69
13869864;1981409235;Suspension de garanties;2023-06-02;2023-06-08;1338.69
13869864;1981409235;Mise en demeure;2023-05-02;2023-06-01;1338.69
13910856;1987265231;1er Impayé;2023-04-11;2023-04-14;72.17
13969096;1995585231;1er Impayé;2023-04-11;2023-05-02;88.41
13979575;1997082237;1er Impayé;2023-04-11;2023-05-02;71.13
13984160;1997737233;1er Impayé;2023-04-11;2023-05-02;113.98
14079850;2011407231;1er Impayé;2023-04-11;2023-05-02;65.29
14079850;2011407231;2ème Impayé;2023-05-10;2023-05-25;195.87
14079850;2011407231;Suspension de garanties;2023-06-30;2023-07-05;210.87
14079850;2011407231;Mise en demeure;2023-05-26;2023-06-29;210.87
14094445;2013492231;1er Impayé;2023-04-11;2023-05-02;230.55
7747195;1106742237;1er Impayé;2023-03-12;2023-04-03;470.35
8135527;11622182310;1er Impayé;2023-03-12;2023-03-14;503.0
8791294;1255899234;1er Impayé;2023-03-12;2023-03-20;40.64
9261757;1323108235;1er Impayé;2023-03-12;2023-04-03;46.93
10463713;1494816231;2ème Impayé;2023-04-13;2023-05-04;337.23
10463713;1494816231;1er Impayé;2023-03-12;2023-04-03;112.41
10709084;1529869231;1er Impayé;2023-03-12;2023-03-17;58.22
11294032;16134332315;1er Impayé;2023-03-12;2023-05-02;790.58
11394678;1627811234;1er Impayé;2023-03-12;2023-04-03;101.34
12456158;1779451232;1er Impayé;2023-03-12;2023-04-03;67.95
12541509;1791644232;1er Impayé;2023-03-12;2023-03-25;75.69
12649358;1807051232;1er Impayé;2023-03-12;2023-04-03;70.81
13008402;1858343234;2ème Impayé;2023-04-13;2023-05-10;415.2
13008402;1858343234;1er Impayé;2023-03-12;2023-03-28;138.4
13061721;1865960231;1er Impayé;2023-03-12;2023-04-03;119.13
13911045;1987292232;1er Impayé;2023-03-12;2023-03-22;69.18
13927243;1989606232;1er Impayé;2023-03-12;2023-04-03;58.32
13991426;1998775231;1er Impayé;2023-03-12;2023-03-17;55.4
14094235;2013462233;1er Impayé;2023-03-12;2023-04-03;47.25
14267247;2038178231;1er Impayé;2023-03-12;2023-04-03;184.32
14309835;20442622313;Mise en demeure;2023-04-14;2023-05-18;357.4
14309835;20442622313;1er Impayé;2023-03-12;2023-04-13;85.6
14309835;20442622313;Annonce du contentieux;2023-05-26;2023-07-04;100.6
14309835;20442622313;Suspension de garanties;2023-05-19;2023-05-25;100.6
14490883;2070126231;1er Impayé;2023-03-12;2023-04-03;369.8
15306628;2186661231;1er Impayé;2023-03-20;2023-04-23;56.94
15533302;2219043231;1er Impayé;2023-03-20;2023-04-03;103.91
15546406;2220915231;1er Impayé;2023-03-20;2023-04-13;98.91
15546406;2220915231;Mise en demeure;2023-04-14;2023-04-25;377.64
15604716;2229245231;1er Impayé;2023-03-20;2023-03-24;98.32
15723464;2246209231;2ème Impayé;2023-04-05;2023-04-07;110.62
15723464;2246209231;1er Impayé;2023-03-20;2023-03-24;51.95
13075105;1867872231;Mise en demeure;2023-05-26;2023-06-21;280.6
13075105;1867872231;1er Impayé;2023-05-08;2023-05-25;265.6
13366977;1909568231;1er Impayé;2023-05-08;2023-06-01;134.03
13543188;1934741234;1er Impayé;2023-05-08;2023-06-01;80.68
14307994;2043999231;1er Impayé;2023-05-08;2023-06-01;106.19
14516860;2073837232;1er Impayé;2023-05-08;2023-06-01;58.96
14518841;2074120234;1er Impayé;2023-05-08;2023-06-01;33.05
14673884;2096269231;1er Impayé;2023-05-08;2023-06-01;304.94
14703067;2100438233;Suspension de garanties;2023-06-30;2023-07-06;176.7
14703067;2100438233;Mise en demeure;2023-05-26;2023-06-29;176.7
14703067;2100438233;Annonce du contentieux;2023-07-07;2023-07-25;176.7
14703067;2100438233;1er Impayé;2023-05-08;2023-05-25;161.7
14723598;2103371231;1er Impayé;2023-05-08;2023-05-11;105.17
15717178;2245311231;1er Impayé;2023-03-09;2023-04-05;97.5
15336441;2190920232;1er Impayé;2023-06-05;2023-07-04;167.75
15429037;2204148231;1er Impayé;2023-06-05;2023-06-27;157.11
15513170;2216167231;1er Impayé;2023-06-05;2023-07-05;82.33
15550578;2221511231;2ème Impayé;2023-10-05;2023-10-19;542.37
15550578;2221511231;1er Impayé;2023-06-05;2023-06-15;180.79
15605808;2229401231;2ème Impayé;2023-07-23;2023-08-10;224.68
15605808;2229401231;Mise en demeure;2023-08-11;2023-09-10;127.34
15605808;2229401231;1er Impayé;2023-06-05;2023-07-11;56.17
15653373;2236196231;Mise en demeure;2023-07-14;2023-08-09;318.56
15653373;2236196231;1er Impayé;2023-06-05;2023-07-13;75.89
15659694;2237099231;1er Impayé;2023-06-05;2023-06-20;46.52
15697067;2242438231;1er Impayé;2023-06-05;2023-06-20;104.5
15807338;2258191231;1er Impayé;2023-06-05;2023-07-05;61.94
15838187;2262598231;1er Impayé;2023-06-05;2023-07-05;136.28
8407610;1201087238;1er Impayé;2023-06-12;2023-07-03;86.74
11797794;16853992312;1er Impayé;2023-06-12;2023-07-03;308.89
13362602;1908943232;1er Impayé;2023-06-12;2023-07-03;150.66
14028981;2004140233;Mise en demeure;2023-07-28;2023-08-29;153.2
14028981;2004140233;1er Impayé;2023-06-12;2023-07-03;34.55
14028981;2004140233;2ème Impayé;2023-07-09;2023-07-27;138.2
14613572;2087653231;1er Impayé;2023-06-12;2023-07-03;42.47
15135471;2162210232;1er Impayé;2023-06-12;2023-06-13;33.93
15320390;2188627232;1er Impayé;2023-06-12;2023-07-03;71.17
15394051;2199150231;1er Impayé;2023-06-12;2023-07-11;126.45
9478435;1354062232;2ème Impayé;2023-03-12;2023-03-29;115.1
9478435;1354062232;1er Impayé;2023-02-16;2023-03-02;57.55
15428757;2204108232;1er Impayé;2023-02-16;2023-03-07;116.12
15493388;2213341231;1er Impayé;2023-02-16;2023-03-03;62.66
15612850;2230407231;1er Impayé;2023-02-16;2023-03-03;70.89
15616987;2230998231;1er Impayé;2023-02-16;2023-03-02;107.65
15718347;2245478231;1er Impayé;2023-03-14;2023-03-30;85.88
13523273;1931896232;1er Impayé;2023-11-20;;121.14
15078470;2154067231;1er Impayé;2023-11-20;;543.54
15304241;2186320233;1er Impayé;2023-11-20;2023-11-29;327.08
15823900;2260557231;1er Impayé;2023-11-20;;237.32
15844487;2263498231;1er Impayé;2023-11-20;;227.66
15284424;21834892302;Mise en demeure;2023-08-04;2023-09-03;633.0
15284424;21834892302;1ere lettre de relance;2023-07-21;2023-08-03;618.0
4431379;6330542321;Mise en demeure;2023-08-04;2023-08-20;1006.26
4431379;6330542321;1ere lettre de relance;2023-07-21;2023-08-03;991.26
15394310;21991872301;Mise en demeure;2023-08-04;2023-08-10;120.41
15394310;21991872301;1ere lettre de relance;2023-07-21;2023-08-03;316.23
4382092;6260132347;1ere lettre de relance;2023-07-21;2023-07-27;419.58
11154011;15934302310;Mise en demeure;2023-08-04;2023-08-09;396.39
11154011;15934302310;1ere lettre de relance;2023-07-21;2023-08-03;381.39
12472013;17817162303;Mise en demeure;2023-08-04;2023-08-13;193.62
12472013;17817162303;1ere lettre de relance;2023-07-21;2023-08-03;178.62
8276101;11823002345;Mise en demeure;2023-08-04;2023-08-12;283.68
8276101;11823002345;1ere lettre de relance;2023-07-21;2023-08-03;268.68
10894598;15563712328;Mise en demeure;2023-08-04;2023-09-04;413.16
10894598;15563712328;1ere lettre de relance;2023-07-21;2023-08-03;398.16
15383663;21976662302;1ere lettre de relance;2023-07-21;2023-07-23;225.15
12457264;17796092319;Mise en demeure;2023-08-04;2023-09-02;442.41
12457264;17796092319;1ere lettre de relance;2023-07-21;2023-08-03;427.41
11012079;15731542313;En recouvrement;2023-09-24;;760.36
11012079;15731542313;Mise en demeure;2023-08-04;2023-09-07;387.73
11012079;15731542313;Annonce du contentieux;2023-09-15;2023-09-23;387.73
11012079;15731542313;Suspension de garanties;2023-09-08;2023-09-14;387.73
11012079;15731542313;1ere lettre de relance;2023-07-21;2023-08-03;372.73
9886633;14123762334;1ere lettre de relance;2023-07-21;2023-07-26;474.33
4867535;6953622361;Mise en demeure;2023-08-04;2023-08-09;1043.74
4867535;6953622361;1ere lettre de relance;2023-07-21;2023-08-03;1028.74
14433189;20618842303;1ere lettre de relance;2023-07-21;2023-07-25;224.31
11386705;16266722308;Mise en demeure;2023-08-04;2023-08-29;287.73
11386705;16266722308;1ere lettre de relance;2023-07-21;2023-08-03;272.73
11146773;15923962324;Mise en demeure;2023-08-04;2023-08-06;425.05
11146773;15923962324;1ere lettre de relance;2023-07-21;2023-08-03;410.05
5868864;8384092355;1ere lettre de relance;2023-07-21;2023-07-23;981.72
11995796;17136852317;Mise en demeure;2023-08-04;2023-08-17;275.54
11995796;17136852317;1ere lettre de relance;2023-07-21;2023-08-03;260.54
5721038;8172912331;Mise en demeure;2023-08-04;2023-08-11;704.7
5721038;8172912331;1ere lettre de relance;2023-07-21;2023-08-03;689.7
13763807;19662582306;1ere lettre de relance;2023-07-21;2023-07-27;182.76
9547623;13639462306;1ere lettre de relance;2023-07-21;2023-08-01;363.0
12343633;17633762303;1ere lettre de relance;2023-07-21;2023-07-30;292.38
14560491;20800702307;Mise en demeure;2023-08-04;2023-08-10;219.78
14560491;20800702307;1ere lettre de relance;2023-07-21;2023-08-03;204.78
5966486;8523552308;Mise en demeure;2023-08-04;2023-08-10;700.28
5966486;8523552308;1ere lettre de relance;2023-07-21;2023-08-03;685.28
3898567;5569382324;1ere lettre de relance;2023-07-21;2023-08-03;1250.82
12888317;18411882311;Mise en demeure;2023-08-04;2023-08-08;203.91
12888317;18411882311;1ere lettre de relance;2023-07-21;2023-08-03;188.91
9654709;13792442311;1ere lettre de relance;2023-07-21;2023-08-03;712.62
12020121;17171602311;En recouvrement;2023-09-24;2023-10-15;227.88
12020121;17171602311;Mise en demeure;2023-08-04;2023-09-07;227.88
12020121;17171602311;Annonce du contentieux;2023-09-15;2023-09-23;227.88
12020121;17171602311;1ere lettre de relance;2023-07-21;2023-08-03;212.88
12020121;17171602311;Suspension de garanties;2023-09-08;2023-09-14;227.88
12331628;17616612325;1ere lettre de relance;2023-07-21;2023-07-31;460.68
4519677;6456682381;Mise en demeure;2023-08-04;2023-08-13;489.78
4519677;6456682381;1ere lettre de relance;2023-07-21;2023-08-03;474.78
5504962;7864232328;Mise en demeure;2023-08-04;2023-08-31;689.43
5504962;7864232328;1ere lettre de relance;2023-07-21;2023-08-03;674.43
15457380;22081972302;1ere lettre de relance;2023-07-21;2023-07-31;260.76
8241738;11773912307;1ere lettre de relance;2023-07-21;2023-07-30;615.84
14692238;20988912305;1ere lettre de relance;2023-07-21;2023-07-24;264.57
3865520;5522172305;Mise en demeure;2023-08-04;2023-08-07;580.5
3865520;5522172305;1ere lettre de relance;2023-07-21;2023-08-03;565.5
11426332;16323332306;1ere lettre de relance;2023-07-21;2023-07-31;438.33
15315273;21878962304;Mise en demeure;2023-08-11;2023-09-07;100.14
15315273;21878962304;1ere lettre de relance;2023-07-21;2023-08-10;171.14
4317734;6168192378;1ere lettre de relance;2023-07-21;2023-07-31;980.64
15690305;22414722302;Mise en demeure;2023-08-04;2023-08-31;156.9
15690305;22414722302;1ere lettre de relance;2023-07-21;2023-08-03;141.9
8735980;12479972336;1ere lettre de relance;2023-07-21;2023-08-03;311.25
15050582;21500832307;Mise en demeure;2023-08-04;2023-09-07;141.68
15050582;21500832307;Suspension de garanties;2023-09-08;2023-09-08;31.38
15050582;21500832307;1ere lettre de relance;2023-07-21;2023-08-03;126.68
11564120;16520172303;1ere lettre de relance;2023-07-21;2023-07-31;363.54
346515;495022310;1ere lettre de relance;2023-07-21;2023-08-03;954.9
11971534;17102192308;1ere lettre de relance;2023-07-21;2023-07-28;125.73
4385690;6265272312;Mise en demeure;2023-08-04;2023-08-07;1008.54
4385690;6265272312;1ere lettre de relance;2023-07-21;2023-08-03;993.54
424649;606642319;Mise en demeure;2023-08-04;2023-08-15;492.45
424649;606642319;1ere lettre de relance;2023-07-21;2023-08-03;477.45
14960205;21371722302;1ere lettre de relance;2023-07-21;2023-08-01;497.34
15510699;22158142302;1ere lettre de relance;2023-07-21;2023-07-27;124.4
13494853;19278362302;Mise en demeure;2023-08-04;2023-09-05;217.59
13494853;19278362302;1ere lettre de relance;2023-07-21;2023-08-03;202.59
5498200;7854572308;Mise en demeure;2023-08-04;2023-09-07;920.31
5498200;7854572308;1ere lettre de relance;2023-07-21;2023-08-03;905.31
5498200;7854572308;Suspension de garanties;2023-09-08;2023-09-10;920.31
3935030;5621472378;Mise en demeure;2023-08-04;2023-08-24;492.03
3935030;5621472378;1ere lettre de relance;2023-07-21;2023-08-03;477.03
15142954;21632792303;Mise en demeure;2023-08-04;2023-08-06;177.57
15142954;21632792303;1ere lettre de relance;2023-07-21;2023-08-03;162.57
9206380;13151972311;1ere lettre de relance;2023-07-21;2023-07-24;741.06
14209686;20299552304;Mise en demeure;2023-08-04;2023-08-28;152.94
14209686;20299552304;1ere lettre de relance;2023-07-21;2023-08-03;137.94
5086607;7266582326;1ere lettre de relance;2023-07-21;2023-07-28;870.66
5516288;7880412321;Mise en demeure;2023-08-04;2023-08-13;677.7
5516288;7880412321;1ere lettre de relance;2023-07-21;2023-08-03;662.7
14771135;21101622303;Mise en demeure;2023-08-04;2023-09-07;305.31
14771135;21101622303;En recouvrement;2023-09-24;;595.62
14771135;21101622303;Annonce du contentieux;2023-09-15;2023-09-23;305.31
14771135;21101622303;Suspension de garanties;2023-09-08;2023-09-14;305.31
14771135;21101622303;1ere lettre de relance;2023-07-21;2023-08-03;290.31
11825451;16893502302;1ere lettre de relance;2023-07-21;2023-08-01;1366.92
4415286;6307552334;1ere lettre de relance;2023-07-21;2023-07-31;537.93
133659;190942310;1ere lettre de relance;2023-07-21;2023-07-25;508.77
14038634;20055192306;1ere lettre de relance;2023-07-21;2023-07-27;384.81
15278222;21826032303;Mise en demeure;2023-08-04;2023-08-16;271.65
15278222;21826032303;1ere lettre de relance;2023-07-21;2023-08-03;256.65
4312435;6160622379;1ere lettre de relance;2023-07-21;2023-08-03;269.58
249341;356202341;Mise en demeure;2023-08-04;2023-09-07;796.32
249341;356202341;Annonce du contentieux;2023-09-15;2023-09-17;796.32
249341;356202341;1ere lettre de relance;2023-07-21;2023-08-03;781.32
249341;356202341;Suspension de garanties;2023-09-08;2023-09-14;796.32
11220644;16029492306;1ere lettre de relance;2023-07-21;2023-07-26;318.66
10869258;15527512303;1ere lettre de relance;2023-07-21;2023-08-02;477.78
15023555;21462222304;Mise en demeure;2023-08-04;2023-08-22;99.33
15023555;21462222304;1ere lettre de relance;2023-07-21;2023-08-03;84.33
4311210;6158872303;1ere lettre de relance;2023-07-21;2023-07-31;1288.98
5304825;7578322314;Mise en demeure;2023-08-04;2023-08-09;575.16
5304825;7578322314;1ere lettre de relance;2023-07-21;2023-08-03;560.16
11269847;16099782305;Mise en demeure;2023-08-04;2023-09-07;491.76
11269847;16099782305;1ere lettre de relance;2023-07-21;2023-08-03;476.76
11269847;16099782305;Suspension de garanties;2023-09-08;2023-09-13;491.76
11114587;15877982301;En recouvrement;2023-09-24;2023-10-26;9225.86
11114587;15877982301;Mise en demeure;2023-08-04;2023-09-07;7099.94
11114587;15877982301;Annonce du contentieux;2023-09-15;2023-09-23;7099.94
11114587;15877982301;1ere lettre de relance;2023-07-21;2023-08-03;7084.94
11114587;15877982301;Suspension de garanties;2023-09-08;2023-09-14;7099.94
11008768;15726812305;Mise en demeure;2023-08-04;2023-09-07;856.26
11008768;15726812305;1ere lettre de relance;2023-07-21;2023-08-03;841.26
11008768;15726812305;Suspension de garanties;2023-09-08;2023-09-25;856.26
14349931;20499902308;Mise en demeure;2023-08-04;2023-09-07;160.95
14349931;20499902308;Annonce du contentieux;2023-09-15;2023-09-26;160.95
14349931;20499902308;Suspension de garanties;2023-09-08;2023-09-14;160.95
14349931;20499902308;1ere lettre de relance;2023-07-21;2023-08-03;145.95
8544635;1220662231;1er Impayé;2023-08-16;2023-09-03;131.89
15529893;2218556232;1er Impayé;2023-08-16;2023-09-01;126.37
14126260;2018037231;1er Impayé;2023-04-11;2023-05-01;95.97
14149661;2021380235;1er Impayé;2023-04-11;2023-05-02;309.99
14228257;2032608232;1er Impayé;2023-04-11;2023-04-23;187.88
14232135;2033162234;1er Impayé;2023-04-11;2023-05-02;55.69
14266519;2038074234;1er Impayé;2023-04-11;2023-05-02;163.62
14376552;2053793231;1er Impayé;2023-04-11;2023-05-02;110.05
14393352;2056193234;1er Impayé;2023-04-11;2023-05-02;102.22
14412595;2058942233;1er Impayé;2023-04-11;2023-04-13;114.08
14412686;2058955231;1er Impayé;2023-04-11;2023-05-02;61.49
14412686;2058955231;2ème Impayé;2023-05-14;2023-05-26;184.47
14460384;2065769232;1er Impayé;2023-04-11;2023-05-02;85.55
14470534;2067219233;1er Impayé;2023-04-11;2023-05-02;81.08
14566147;2080878231;1er Impayé;2023-04-11;2023-05-02;142.82
14569731;2081390233;1er Impayé;2023-04-11;2023-05-02;58.15
14595631;2085090232;1er Impayé;2023-04-11;2023-05-02;94.77
14606873;2086696235;1er Impayé;2023-04-11;2023-04-27;170.39
14606873;2086696235;2ème Impayé;2023-05-10;2023-06-06;340.78
14644533;2092076232;1er Impayé;2023-04-11;2023-05-02;87.47
14684048;2097721231;1er Impayé;2023-04-11;2023-04-24;36.55
14745578;2106511233;2ème Impayé;2023-04-12;2023-05-01;227.6
14745578;2106511233;1er Impayé;2023-03-12;2023-04-03;56.9
14745578;2106511233;En recouvrement;2023-06-16;2023-06-19;584.0
14745578;2106511233;Mise en demeure;2023-05-02;2023-06-01;242.6
14745578;2106511233;Annonce du contentieux;2023-06-09;2023-06-15;242.6
14745578;2106511233;Suspension de garanties;2023-06-02;2023-06-08;242.6
14760327;2108618231;2ème Impayé;2023-04-11;2023-05-01;342.36
14760327;2108618231;1er Impayé;2023-03-12;2023-04-03;85.59
14760327;2108618231;Mise en demeure;2023-05-02;2023-06-07;357.36
14896232;2128033232;1er Impayé;2023-03-12;2023-04-03;109.61
14923924;2131989232;1er Impayé;2023-03-12;2023-03-22;138.44
14956936;2136705232;1er Impayé;2023-03-12;2023-03-23;76.91
14978377;2139768231;1er Impayé;2023-03-12;2023-04-03;75.74
15007413;2143916231;1er Impayé;2023-03-12;2023-04-03;48.93
15029421;2147060231;1er Impayé;2023-03-12;2023-04-03;51.66
15198849;2171264231;1er Impayé;2023-03-12;2023-04-03;34.21
15296191;2185170231;Mise en demeure;2023-04-14;2023-05-18;347.88
15296191;2185170231;1er Impayé;2023-03-12;2023-04-13;83.22
15296191;2185170231;Suspension de garanties;2023-05-19;2023-05-25;347.88
15296191;2185170231;Annonce du contentieux;2023-05-26;2023-08-01;347.88
15378735;2196962231;1er Impayé;2023-03-12;2023-03-31;95.4
15380366;2197195231;1er Impayé;2023-03-12;2023-03-13;99.52
15387954;2198279231;1er Impayé;2023-03-12;2023-04-05;50.77
15389704;2198529231;1er Impayé;2023-03-12;2023-04-03;82.28
15408548;2201221232;1er Impayé;2023-03-12;2023-03-31;88.51
5884803;840686231;1er Impayé;2023-04-12;2023-05-02;859.68
9289204;1327029232;1er Impayé;2023-04-12;2023-05-02;148.24
9809906;1401415233;1er Impayé;2023-04-12;2023-05-02;74.27
10190307;1455758236;1er Impayé;2023-04-12;2023-05-26;739.57
10599317;1514188232;1er Impayé;2023-04-12;2023-05-02;153.6
10835378;1547911232;1er Impayé;2023-04-12;2023-04-26;231.09
11891524;1698789236;1er Impayé;2023-04-12;2023-04-16;136.9
12093243;1727606232;1er Impayé;2023-04-12;2023-04-20;54.61
12583719;17976742310;1er Impayé;2023-04-12;2023-05-02;189.37
12583719;17976742310;2ème Impayé;2023-05-14;2023-06-01;568.11
12583719;17976742310;Mise en demeure;2023-06-02;2023-07-06;583.11
12583719;17976742310;Suspension de garanties;2023-07-07;2023-07-09;583.11
12939753;1848536232;1er Impayé;2023-04-12;2023-05-02;162.26
13209106;1887015232;1er Impayé;2023-04-12;2023-04-29;443.46
13225444;1889349232;1er Impayé;2023-04-12;2023-04-24;165.96
13271420;1895917233;1er Impayé;2023-04-12;2023-05-02;335.64
13842025;1977432238;1er Impayé;2023-04-12;2023-05-02;76.23
14001737;2000248234;1er Impayé;2023-04-12;2023-05-02;67.68
14248396;2035485231;1er Impayé;2023-04-12;2023-04-23;49.4
14382936;2054705234;1er Impayé;2023-04-12;2023-05-02;69.48
14635727;2090818231;1er Impayé;2023-04-12;2023-05-04;99.0
14637876;2091125232;1er Impayé;2023-04-12;2023-05-02;73.55
14637876;2091125232;2ème Impayé;2023-05-14;2023-06-01;220.65
14637876;2091125232;Mise en demeure;2023-06-02;2023-06-29;235.65
14783581;2111940231;1er Impayé;2023-04-12;2023-05-26;39.41
14900194;2128599234;1er Impayé;2023-04-12;2023-04-20;293.25
14932429;2133204232;1er Impayé;2023-04-12;2023-05-02;97.13
14983599;2140514231;1er Impayé;2023-04-12;2023-05-02;109.22
14993182;2141883231;1er Impayé;2023-04-12;2023-05-02;238.5
15074088;2153441232;1er Impayé;2023-04-12;2023-04-23;97.13
15099729;2157104231;1er Impayé;2023-04-12;2023-04-13;97.69
15133532;2161933231;1er Impayé;2023-04-12;2023-05-04;105.71
15515431;2216490231;Mise en demeure;2023-07-28;2023-08-08;184.76
15515431;2216490231;2ème Impayé;2023-07-09;2023-07-27;356.76
15515431;2216490231;1er Impayé;2023-06-12;2023-06-30;89.19
15550417;2221488231;1er Impayé;2023-06-12;2023-06-30;48.18
15659848;2237121232;1er Impayé;2023-06-12;2023-07-05;325.76
15692454;2241779231;1er Impayé;2023-06-12;2023-06-30;146.1
15718760;2245537231;1er Impayé;2023-06-12;2023-06-30;93.5
15789992;2255713231;1er Impayé;2023-06-12;2023-06-13;229.58
15801703;2257386231;1er Impayé;2023-06-12;2023-06-26;168.83
15839461;2262780231;1er Impayé;2023-06-12;2023-07-05;118.56
15883547;2269078231;1er Impayé;2023-06-12;2023-07-05;109.84
15887068;2269581231;1er Impayé;2023-06-12;2023-07-05;82.2
15887565;2269652231;Mise en demeure;2023-10-20;2023-11-23;349.86
15887565;2269652231;Suspension de garanties;2023-11-24;2023-11-24;100.0
15887565;2269652231;1er Impayé;2023-06-12;2023-07-12;122.62
15887565;2269652231;2ème Impayé;2023-10-04;2023-10-19;334.86
5228798;7469712310;1er Impayé;2023-07-10;2023-08-02;1179.06
5615877;802268235;1er Impayé;2023-07-10;2023-07-18;400.02
9933106;1419015233;1er Impayé;2023-07-10;2023-07-11;202.33
10418227;1488318233;1er Impayé;2023-07-10;2023-08-02;57.03
10915822;1559403233;1er Impayé;2023-07-10;2023-08-02;152.92
11294032;16134332316;1er Impayé;2023-07-10;2023-08-02;366.39
11519173;1645596231;1er Impayé;2023-07-10;2023-07-27;60.04
8912345;1273192231;1er Impayé;2023-11-08;;236.12
15459851;22085502302;1ere lettre de relance;2023-07-21;2023-07-31;189.84
14074033;20105762306;1ere lettre de relance;2023-07-21;2023-07-27;701.49
4412178;6303112304;1ere lettre de relance;2023-07-21;2023-07-31;535.14
13422858;19175512306;1ere lettre de relance;2023-07-21;2023-08-01;540.99
9380225;13400322309;1ere lettre de relance;2023-07-21;2023-07-25;630.09
15510615;22158022303;Mise en demeure;2023-08-04;2023-08-05;435.87
15510615;22158022303;1ere lettre de relance;2023-07-21;2023-08-03;420.87
8104972;11578532324;1ere lettre de relance;2023-07-21;2023-07-30;700.02
13163921;18805602311;Mise en demeure;2023-08-04;2023-09-07;481.83
13163921;18805602311;1ere lettre de relance;2023-07-21;2023-08-03;466.83
7338346;10483352314;Mise en demeure;2023-08-04;2023-08-09;836.01
7338346;10483352314;1ere lettre de relance;2023-07-21;2023-08-03;821.01
5346846;7638352355;1ere lettre de relance;2023-07-21;2023-07-31;2353.05
12351732;17645332308;Mise en demeure;2023-08-04;2023-09-04;329.55
12351732;17645332308;1ere lettre de relance;2023-07-21;2023-08-03;314.55
11738784;16769692307;1ere lettre de relance;2023-07-21;2023-08-01;371.31
5561550;7945072329;1ere lettre de relance;2023-07-21;2023-07-24;1785.66
8522277;12174682336;Mise en demeure;2023-08-04;2023-08-27;781.98
8522277;12174682336;1ere lettre de relance;2023-07-21;2023-08-03;766.98
12000591;17143702306;Mise en demeure;2023-08-04;2023-08-07;191.91
12000591;17143702306;1ere lettre de relance;2023-07-21;2023-08-03;176.91
15151480;21644972304;1ere lettre de relance;2023-07-21;2023-09-19;51.46
13849998;19785712306;Mise en demeure;2023-08-04;2023-08-07;155.43
13849998;19785712306;1ere lettre de relance;2023-07-21;2023-08-03;140.43
13585559;19407942309;1ere lettre de relance;2023-07-21;2023-07-25;4377.27
4462018;6374312309;Mise en demeure;2023-08-04;2023-08-20;924.6
4462018;6374312309;1ere lettre de relance;2023-07-21;2023-08-03;909.6
14987008;21410012304;Mise en demeure;2023-08-04;2023-08-06;237.33
14987008;21410012304;1ere lettre de relance;2023-07-21;2023-08-03;222.33
5473924;7819892333;1ere lettre de relance;2023-07-21;2023-07-30;533.4
9164380;13091972342;1ere lettre de relance;2023-07-21;2023-07-31;274.35
12578126;17968752315;1ere lettre de relance;2023-07-21;2023-08-03;109.15
15664664;2237809231;2ème Impayé;2023-09-17;2023-10-12;102.98
15664664;2237809231;Mise en demeure;2023-10-13;2023-11-07;272.45
15664664;2237809231;1er Impayé;2023-08-16;2023-09-01;51.49
15692167;2241738232;Mise en demeure;2023-10-13;2023-11-06;437.6
15692167;2241738232;2ème Impayé;2023-09-13;2023-10-12;169.04
15692167;2241738232;1er Impayé;2023-08-16;2023-09-01;84.52
15970354;2281479231;1er Impayé;2023-08-16;2023-09-06;216.72
15989933;2284276231;2ème Impayé;2023-09-06;2023-09-15;286.49
15989933;2284276231;1er Impayé;2023-08-16;2023-09-01;144.15
15994000;22848572301;1ere lettre de relance;2023-09-08;2023-09-13;378.51
16012179;22874542301;1ere lettre de relance;2023-09-08;2023-10-05;45.99
9590715;13701022301;1ere lettre de relance;2023-09-08;2023-09-20;72.87
15373835;21962622301;1ere lettre de relance;2023-09-08;2023-10-02;93.72
4581844;6545492305;1ere lettre de relance;2023-09-08;2023-10-05;328.41
15875630;22679472302;Mise en demeure;2023-10-13;2023-11-14;859.63
15875630;22679472302;1ere lettre de relance;2023-09-08;2023-10-12;508.48
15706685;22438122302;Mise en demeure;2023-10-20;2023-11-23;189.42
15706685;22438122302;Suspension de garanties;2023-11-24;2023-11-30;252.99
15706685;22438122302;1ere lettre de relance;2023-09-08;2023-10-19;184.85
15368963;21955662301;1ere lettre de relance;2023-09-08;2023-11-09;629.64
15712208;22446012303;1ere lettre de relance;2023-09-08;2023-10-02;715.9
7842234;11203192320;1er Impayé;2023-09-13;2023-10-05;136.55
8233653;1176236234;1er Impayé;2023-09-13;2023-10-03;151.62
8991410;1284487234;1er Impayé;2023-09-13;2023-10-05;284.25
10731540;1533077238;1er Impayé;2023-09-13;2023-10-05;199.09
11032337;1576048237;1er Impayé;2023-09-13;2023-10-03;168.29
12289600;1755657233;1er Impayé;2023-09-13;2023-10-05;96.31
12404848;1772121234;1er Impayé;2023-09-13;2023-10-05;159.93
12712953;1816136232;Mise en demeure;2023-10-27;2023-11-30;244.84
12712953;1816136232;2ème Impayé;2023-10-12;2023-10-26;229.84
12712953;1816136232;1er Impayé;2023-09-13;2023-10-05;57.46
12541397;1791628235;1er Impayé;2023-09-13;2023-10-05;74.38
12764130;1823447232;Mise en demeure;2023-10-27;2023-11-30;209.8
12764130;1823447232;2ème Impayé;2023-10-12;2023-10-26;194.8
12764130;1823447232;1er Impayé;2023-09-13;2023-10-05;48.7
12944863;1849266233;1er Impayé;2023-09-13;2023-10-05;110.6
14720679;2102954232;1er Impayé;2023-04-11;2023-04-12;68.34
14736499;2105214232;1er Impayé;2023-04-11;2023-05-02;99.41
14774663;2110666231;1er Impayé;2023-04-11;2023-05-02;51.78
14786192;2112313231;1er Impayé;2023-04-11;2023-04-25;68.55
14786192;2112313231;2ème Impayé;2023-05-07;2023-05-25;137.1
14786192;2112313231;Mise en demeure;2023-05-26;2023-06-08;83.55
14788250;2112607233;1er Impayé;2023-04-11;2023-05-02;76.82
14844488;2120641231;1er Impayé;2023-04-11;2023-05-02;86.44
14921901;2131700231;1er Impayé;2023-04-11;2023-05-02;144.06
14942614;2134659231;1er Impayé;2023-04-11;2023-05-02;48.08
14962963;2137566231;1er Impayé;2023-04-11;2023-05-11;196.56
14962963;2137566231;Mise en demeure;2023-05-12;2023-06-15;211.56
14972819;2138974231;1er Impayé;2023-04-11;2023-05-02;83.75
14972819;2138974231;2ème Impayé;2023-05-08;2023-05-26;251.25
15423430;2203347231;1er Impayé;2023-03-12;2023-04-03;255.9
15538349;2219764231;1er Impayé;2023-03-12;2023-03-31;125.1
15559398;2222771231;1er Impayé;2023-03-12;2023-03-20;93.51
15559531;2222790231;1er Impayé;2023-03-12;2023-03-19;186.56
15572782;2224683231;1er Impayé;2023-03-12;2023-03-31;89.01
15582057;2226008231;1er Impayé;2023-03-12;2023-03-17;174.79
15603197;2229028231;1er Impayé;2023-03-12;2023-03-19;219.71
15630182;2232883231;1er Impayé;2023-03-12;2023-04-13;238.29
15630182;2232883231;Mise en demeure;2023-04-14;2023-05-18;968.16
15630182;2232883231;Suspension de garanties;2023-05-19;2023-05-25;968.16
15646366;2235195231;2ème Impayé;2023-04-05;2023-04-20;492.45
15646366;2235195231;1er Impayé;2023-03-12;2023-03-13;143.35
15646366;2235195231;Mise en demeure;2023-04-21;2023-05-16;343.3
15659309;2237044231;1er Impayé;2023-03-12;2023-03-27;152.78
15695660;2242237231;1er Impayé;2023-03-12;2023-04-05;192.27
15696759;2242394231;1er Impayé;2023-03-12;2023-03-28;89.59
15704424;2243489231;1er Impayé;2023-03-12;2023-03-27;161.22
15135296;2162185232;1er Impayé;2023-04-12;2023-05-02;67.48
15236614;2176659232;1er Impayé;2023-04-12;2023-04-14;76.1
15253526;2179075233;1er Impayé;2023-04-12;2023-05-01;407.69
15253526;2179075233;En recouvrement;2023-06-16;2023-06-22;1238.06
15253526;2179075233;Mise en demeure;2023-05-02;2023-06-01;422.69
15253526;2179075233;Annonce du contentieux;2023-06-09;2023-06-15;422.69
15253526;2179075233;Suspension de garanties;2023-06-02;2023-06-08;422.69
15292236;2184605233;1er Impayé;2023-04-12;2023-05-02;63.51
15319585;2188512232;1er Impayé;2023-04-12;2023-04-23;792.15
15427469;2203924231;1er Impayé;2023-04-12;2023-05-11;311.46
15427469;2203924231;Mise en demeure;2023-05-12;2023-05-23;326.46
15428757;2204108233;1er Impayé;2023-04-12;2023-05-01;348.36
15428757;2204108233;Mise en demeure;2023-05-02;2023-06-01;363.36
15428757;2204108233;Annonce du contentieux;2023-06-09;2023-06-14;131.24
15428757;2204108233;Suspension de garanties;2023-06-02;2023-06-08;131.24
15450485;2207212231;1er Impayé;2023-04-12;2023-05-18;144.39
15450485;2207212231;Mise en demeure;2023-05-19;2023-06-04;159.39
15472444;2210349231;1er Impayé;2023-04-12;2023-05-04;58.4
15472444;2210349231;2ème Impayé;2023-05-17;2023-06-01;175.2
15472444;2210349231;Mise en demeure;2023-06-02;2023-06-18;190.2
15482167;2211738231;1er Impayé;2023-04-12;2023-05-02;54.18
15482167;2211738231;2ème Impayé;2023-05-14;2023-05-18;162.54
15522459;2217494231;1er Impayé;2023-04-12;2023-05-01;199.55
15522459;2217494231;En recouvrement;2023-06-16;2023-06-22;591.65
15522459;2217494231;Suspension de garanties;2023-06-02;2023-06-08;214.55
15522459;2217494231;Annonce du contentieux;2023-06-09;2023-06-15;214.55
15522459;2217494231;Mise en demeure;2023-05-02;2023-06-01;214.55
15565362;2223623231;1er Impayé;2023-04-12;2023-05-02;97.65
15572264;2224609231;1er Impayé;2023-04-12;2023-05-02;95.04
15579495;2225642231;1er Impayé;2023-04-12;2023-05-02;66.03
15593922;2227703231;1er Impayé;2023-04-12;2023-06-01;237.62
15594153;2227736231;1er Impayé;2023-04-12;2023-05-02;138.72
15635719;2233674231;1er Impayé;2023-04-12;2023-05-01;211.88
15635719;2233674231;Mise en demeure;2023-05-02;2023-05-10;226.88
15637385;2233912231;1er Impayé;2023-04-12;2023-05-02;155.85
15644105;2234872231;1er Impayé;2023-04-12;2023-05-23;443.21
15644105;2234872231;Mise en demeure;2023-06-09;2023-06-18;303.14
15644105;2234872231;2ème Impayé;2023-05-23;2023-06-08;288.14
15656656;2236665232;1er Impayé;2023-04-12;2023-05-04;75.74
15657020;2236717231;1er Impayé;2023-04-12;2023-04-26;86.44
15669403;2238486231;1er Impayé;2023-04-12;2023-05-02;103.61
12293758;1756251231;1er Impayé;2023-07-10;2023-07-11;65.21
12590355;1798622231;1er Impayé;2023-07-10;2023-07-27;217.64
12858616;1836945234;1er Impayé;2023-07-10;2023-08-02;101.3
13098478;1871211234;1er Impayé;2023-07-10;2023-08-02;74.61
13166042;1880863231;1er Impayé;2023-07-10;2023-08-02;55.68
13264182;1894883231;2ème Impayé;2023-08-09;2023-08-24;739.26
13264182;1894883231;Mise en demeure;2023-08-25;2023-09-12;754.26
13264182;1894883231;1er Impayé;2023-07-10;2023-08-02;246.41
13486131;1926590232;1er Impayé;2023-07-10;2023-08-02;91.72
13531652;1933093232;1er Impayé;2023-07-10;2023-08-02;288.68
13994541;1999220232;1er Impayé;2023-07-10;2023-08-02;79.03
14044647;2006378231;Mise en demeure;2023-09-01;2023-09-14;502.83
14044647;2006378231;2ème Impayé;2023-08-14;2023-08-31;487.83
14044647;2006378231;1er Impayé;2023-07-10;2023-08-02;162.61
14083161;2011880231;1er Impayé;2023-07-10;2023-08-02;75.44
14274793;2039256231;1er Impayé;2023-07-10;2023-08-02;175.17
14413428;2059061231;1er Impayé;2023-07-10;2023-08-02;143.79
14506479;2072354231;1er Impayé;2023-07-10;2023-08-02;70.3
14803153;2114736231;1er Impayé;2023-07-10;2023-08-02;135.13
14803902;2114843231;1er Impayé;2023-07-10;2023-08-02;176.99
14836599;2119514231;1er Impayé;2023-07-10;2023-08-02;85.18
14898304;2128329233;1er Impayé;2023-07-10;2023-08-02;246.36
14947143;2135306231;1er Impayé;2023-07-10;2023-07-12;67.94
14997851;2142550232;1er Impayé;2023-07-10;2023-08-02;163.02
15277879;2182554231;1er Impayé;2023-07-10;2023-07-18;266.16
15306257;2186608232;1er Impayé;2023-07-10;2023-08-02;120.96
15278621;21826602302;1ere lettre de relance;2023-07-21;2023-07-30;120.75
15461853;22088362302;Mise en demeure;2023-08-04;2023-08-15;204.78
15461853;22088362302;1ere lettre de relance;2023-07-21;2023-08-03;189.78
11163216;15947452306;Mise en demeure;2023-08-04;2023-08-20;211.68
11163216;15947452306;1ere lettre de relance;2023-07-21;2023-08-03;196.68
7288163;10411662333;1ere lettre de relance;2023-07-21;2023-07-30;401.31
4566563;6523662338;1ere lettre de relance;2023-07-21;2023-07-23;999.24
435912;622732307;1ere lettre de relance;2023-07-21;2023-07-25;1027.62
11277169;16110242312;Mise en demeure;2023-08-04;2023-08-11;174.06
11277169;16110242312;1ere lettre de relance;2023-07-21;2023-08-03;159.06
12550329;17929042305;Mise en demeure;2023-08-04;2023-08-11;396.27
12550329;17929042305;1ere lettre de relance;2023-07-21;2023-08-03;381.27
15170653;21672362302;Mise en demeure;2023-08-04;2023-08-10;460.8
15170653;21672362302;1ere lettre de relance;2023-07-21;2023-08-03;445.8
15457681;22082402303;Mise en demeure;2023-08-04;2023-09-01;85.7
15457681;22082402303;1ere lettre de relance;2023-07-21;2023-08-03;150.7
8020699;11458142370;Mise en demeure;2023-08-04;2023-09-07;839.1
8020699;11458142370;1ere lettre de relance;2023-07-21;2023-08-03;824.1
8020699;11458142370;Suspension de garanties;2023-09-08;2023-09-14;839.1
11777417;16824882308;1ere lettre de relance;2023-07-21;2023-08-01;283.62
11387013;16267162315;1ere lettre de relance;2023-07-21;2023-07-25;417.36
15933443;22762062301;1ere lettre de relance;2023-07-21;2023-07-31;410.56
15115101;21593002304;Mise en demeure;2023-08-04;2023-08-11;224.4
15115101;21593002304;1ere lettre de relance;2023-07-21;2023-08-03;209.4
4747023;6781462321;1ere lettre de relance;2023-07-21;2023-07-23;531.54
12187400;17410572310;Mise en demeure;2023-08-04;2023-08-17;142.77
12187400;17410572310;1ere lettre de relance;2023-07-21;2023-08-03;127.77
9765596;13950852313;2ème Impayé;2023-10-09;2023-10-26;255.63
9765596;13950852313;Mise en demeure;2023-10-27;2023-11-23;185.42
9765596;13950852313;1ere lettre de relance;2023-07-21;2023-07-30;255.63
3867207;5524582383;Mise en demeure;2023-08-04;2023-08-28;410.1
3867207;5524582383;1ere lettre de relance;2023-07-21;2023-08-03;395.1
15400386;22000552304;Mise en demeure;2023-08-04;2023-08-10;129.48
15400386;22000552304;1ere lettre de relance;2023-07-21;2023-08-03;57.24
5488610;7840872351;1ere lettre de relance;2023-07-21;2023-07-28;611.13
15647892;22354132302;Mise en demeure;2023-08-04;2023-08-31;232.47
15647892;22354132302;1ere lettre de relance;2023-07-21;2023-08-03;217.47
13805128;19721612306;Mise en demeure;2023-08-04;2023-09-07;372.6
13805128;19721612306;Annonce du contentieux;2023-09-15;2023-09-18;372.6
13805128;19721612306;1ere lettre de relance;2023-07-21;2023-08-03;357.6
13805128;19721612306;Suspension de garanties;2023-09-08;2023-09-14;372.6
11258003;16082862326;Mise en demeure;2023-08-04;2023-09-07;339.69
11258003;16082862326;Annonce du contentieux;2023-09-15;2023-09-19;339.69
11258003;16082862326;1ere lettre de relance;2023-07-21;2023-08-03;324.69
11258003;16082862326;Suspension de garanties;2023-09-08;2023-09-14;339.69
6016634;8595192323;Mise en demeure;2023-08-04;2023-08-07;1975.14
6016634;8595192323;1ere lettre de relance;2023-07-21;2023-08-03;1960.14
15273259;21818942303;Mise en demeure;2023-08-04;2023-09-07;100.98
15273259;21818942303;Suspension de garanties;2023-09-08;2023-09-13;100.98
15273259;21818942303;1ere lettre de relance;2023-07-21;2023-08-03;85.98
11014627;15735182317;Mise en demeure;2023-08-04;2023-08-20;298.89
11014627;15735182317;1ere lettre de relance;2023-07-21;2023-08-03;283.89
4438855;6341222314;1ere lettre de relance;2023-07-21;2023-07-25;522.51
12240789;17486842303;Mise en demeure;2023-08-04;2023-08-13;246.84
12240789;17486842303;1ere lettre de relance;2023-07-21;2023-08-03;246.84
13127892;1875413231;1er Impayé;2023-09-13;2023-10-05;1402.73
13356491;1908070231;Mise en demeure;2023-10-27;2023-11-26;203.52
13356491;1908070231;2ème Impayé;2023-10-12;2023-10-26;188.52
13356491;1908070231;1er Impayé;2023-09-13;2023-10-05;47.13
13537700;1933957233;1er Impayé;2023-09-13;2023-09-18;358.13
13546961;1935280232;1er Impayé;2023-09-13;2023-10-05;74.78
13570663;1938666233;1er Impayé;2023-09-13;2023-10-05;70.38
13947767;1992538233;1er Impayé;2023-09-13;2023-10-05;184.82
13972694;1996099231;1er Impayé;2023-09-13;2023-10-05;70.63
14195343;2027906232;2ème Impayé;2023-10-16;2023-11-02;439.92
14195343;2027906232;Mise en demeure;2023-11-03;2023-11-13;454.92
14195343;2027906232;1er Impayé;2023-09-13;2023-09-29;109.98
14346599;2049514233;1er Impayé;2023-09-13;2023-10-05;165.54
14430879;2061554232;1er Impayé;2023-09-13;2023-10-05;144.52
14529222;2075603231;1er Impayé;2023-09-13;2023-10-05;57.52
14721911;2103130234;Suspension de garanties;2023-11-17;2023-11-21;290.44
14721911;2103130234;Mise en demeure;2023-10-13;2023-11-16;290.44
14721911;2103130234;1er Impayé;2023-09-13;2023-10-12;68.86
14829522;2118503233;1er Impayé;2023-09-13;2023-10-05;95.0
14829522;2118503233;2ème Impayé;2023-10-15;2023-11-02;380.0
14829522;2118503233;Mise en demeure;2023-11-03;;395.0
14933640;2133377231;1er Impayé;2023-09-13;2023-10-03;34.79
14937042;2133863231;1er Impayé;2023-09-13;2023-10-03;110.26
14970040;2138577234;1er Impayé;2023-09-13;2023-10-05;133.54
14973029;2139004233;1er Impayé;2023-09-13;2023-10-05;119.17
14985804;2140829231;1er Impayé;2023-09-13;2023-10-05;47.1
14996878;2142411233;1er Impayé;2023-09-13;2023-10-05;37.96
15029001;2147000235;Mise en demeure;2023-10-27;2023-11-30;215.6
15029001;2147000235;2ème Impayé;2023-10-12;2023-10-26;200.6
15029001;2147000235;1er Impayé;2023-09-13;2023-10-05;50.15
15077406;2153915231;Mise en demeure;2023-10-27;2023-11-09;144.24
15077406;2153915231;2ème Impayé;2023-10-12;2023-10-26;129.24
15077406;2153915231;1er Impayé;2023-09-13;2023-10-05;32.31
15086149;2155164235;1er Impayé;2023-09-13;2023-10-05;99.89
14973120;2139017232;1er Impayé;2023-04-11;2023-05-02;58.34
15014056;2144865232;1er Impayé;2023-04-11;2023-05-02;126.08
15029176;2147025231;1er Impayé;2023-04-11;2023-04-14;153.62
15029176;2147025231;2ème Impayé;2023-05-10;2023-05-21;307.24
15045766;2149395233;1er Impayé;2023-04-11;2023-05-16;141.09
15061572;2151653231;1er Impayé;2023-04-11;2023-05-02;44.0
15065800;2152257234;1er Impayé;2023-04-11;2023-05-02;103.46
15077476;2153925232;1er Impayé;2023-04-11;2023-05-12;433.05
15077476;2153925232;2ème Impayé;2023-06-07;2023-07-05;144.35
15095592;2156513231;1er Impayé;2023-04-11;2023-05-02;27.66
15104174;2157739231;1er Impayé;2023-04-11;2023-04-25;65.62
15109270;2158467233;1er Impayé;2023-04-11;2023-05-02;26.26
15117068;2159581234;1er Impayé;2023-04-11;2023-05-01;280.08
15117068;2159581234;Mise en demeure;2023-05-02;2023-06-01;295.08
15117068;2159581234;Annonce du contentieux;2023-06-09;2023-06-18;295.08
15117068;2159581234;Suspension de garanties;2023-06-02;2023-06-08;295.08
15126574;2160939231;1er Impayé;2023-04-11;2023-05-02;42.77
15132146;2161735232;1er Impayé;2023-04-11;2023-05-02;134.38
15132146;2161735232;Mise en demeure;2023-05-26;2023-06-20;418.14
15132146;2161735232;2ème Impayé;2023-05-09;2023-05-25;403.14
15143864;2163409231;1er Impayé;2023-04-11;2023-04-21;77.05
15151389;2164484231;1er Impayé;2023-04-11;2023-05-02;118.65
15207046;2172435231;1er Impayé;2023-04-11;2023-05-02;44.09
15709709;2244244232;1er Impayé;2023-04-12;2023-05-04;229.86
15762545;2251792231;1er Impayé;2023-04-12;2023-05-01;312.5
15762545;2251792231;Mise en demeure;2023-05-02;2023-05-16;194.72
15776314;2253759231;1er Impayé;2023-04-12;2023-05-10;209.16
15781662;2254523231;1er Impayé;2023-04-12;2023-05-04;603.83
15782978;2254711231;1er Impayé;2023-04-12;2023-05-01;190.94
15782978;2254711231;Mise en demeure;2023-05-02;2023-06-01;205.94
15782978;2254711231;Annonce du contentieux;2023-06-09;2023-06-14;205.94
15782978;2254711231;Suspension de garanties;2023-06-02;2023-06-08;205.94
15789544;2255649231;1er Impayé;2023-04-12;2023-04-26;270.18
15789544;2255649231;2ème Impayé;2023-05-08;2023-05-31;180.82
15792701;2256100231;1er Impayé;2023-04-12;2023-05-01;398.48
15792701;2256100231;Mise en demeure;2023-05-02;2023-05-19;413.48
277355;396222332;1er Impayé;2023-04-13;2023-05-04;125.79
277355;396222332;2ème Impayé;2023-05-14;2023-06-01;377.37
277355;396222332;Mise en demeure;2023-06-02;2023-06-18;392.37
8582610;1226087231;1er Impayé;2023-04-13;2023-05-02;142.83
9048250;1292607232;1er Impayé;2023-04-13;2023-05-02;66.62
9254246;1322035231;1er Impayé;2023-04-13;2023-05-02;110.38
9715238;1387891231;1er Impayé;2023-04-13;2023-05-02;221.13
9863540;1409077231;1er Impayé;2023-04-13;2023-05-04;350.97
15348467;2192638231;1er Impayé;2023-07-10;2023-07-17;73.72
15485884;2212269231;1er Impayé;2023-07-10;2023-07-30;33.93
15521633;2217376231;1er Impayé;2023-07-10;2023-08-02;89.98
15559832;2222833231;1er Impayé;2023-07-10;2023-08-02;89.92
15559881;2222840233;1er Impayé;2023-07-10;2023-07-24;359.16
15560833;2222976232;1er Impayé;2023-07-10;2023-07-14;460.46
15579656;2225665231;Suspension de garanties;2023-09-01;2023-09-05;66.24
15579656;2225665231;Mise en demeure;2023-07-28;2023-08-31;168.72
15579656;2225665231;1er Impayé;2023-07-10;2023-07-27;153.72
15673043;2239006232;1er Impayé;2023-07-10;2023-07-11;119.46
15686840;2240977231;Mise en demeure;2023-08-04;2023-08-17;89.08
15686840;2240977231;1er Impayé;2023-07-10;2023-08-03;222.24
15695198;2242171231;1er Impayé;2023-07-10;2023-07-18;72.5
15695961;2242280231;1er Impayé;2023-07-10;2023-08-10;469.67
15701736;2243105232;1er Impayé;2023-07-10;2023-08-02;131.77
15715113;2245016231;1er Impayé;2023-07-10;2023-07-11;68.86
15716282;2245183231;Mise en demeure;2023-07-28;2023-08-30;445.92
15716282;2245183231;1er Impayé;2023-07-10;2023-07-27;430.92
15731227;2247318231;1er Impayé;2023-07-10;2023-08-04;131.22
15749518;2249931231;Suspension de garanties;2023-09-29;2023-10-13;420.81
15749518;2249931231;Mise en demeure;2023-08-25;2023-09-28;420.81
15749518;2249931231;2ème Impayé;2023-08-10;2023-08-24;405.81
15749518;2249931231;1er Impayé;2023-07-10;2023-08-02;135.27
15761033;2251576231;1er Impayé;2023-07-10;2023-07-11;49.87
15805665;2257952231;1er Impayé;2023-07-10;2023-08-02;23.86
15815395;2259342231;1er Impayé;2023-07-10;2023-08-02;237.25
15834407;2262058232;1er Impayé;2023-07-10;2023-07-16;69.84
15838971;2262710231;Mise en demeure;2023-07-28;2023-08-21;382.43
15838971;2262710231;1er Impayé;2023-07-10;2023-07-27;367.43
15844494;2263499231;Mise en demeure;2023-07-28;2023-08-27;677.33
15844494;2263499231;1er Impayé;2023-07-10;2023-07-27;662.33
15849394;2264199231;1er Impayé;2023-07-10;2023-08-02;377.3
15858200;2265457231;1er Impayé;2023-07-10;2023-07-17;244.07
15859026;2265575231;1er Impayé;2023-07-10;2023-08-02;100.3
15860405;2265772231;1er Impayé;2023-07-10;2023-08-02;59.93
14568331;2081190233;1er Impayé;2023-04-24;2023-04-28;231.34
15669956;2238565231;Mise en demeure;2023-05-26;2023-06-06;416.03
15669956;2238565231;1er Impayé;2023-04-24;2023-05-25;401.03
15798917;2256988231;Mise en demeure;2023-05-12;2023-05-21;126.22
15798917;2256988231;1er Impayé;2023-04-24;2023-05-11;111.22
13550020;19357172304;Mise en demeure;2023-08-04;2023-08-13;253.77
13550020;19357172304;1ere lettre de relance;2023-07-21;2023-08-03;238.77
4353518;6219312329;1ere lettre de relance;2023-07-21;2023-07-24;513.0
7667031;10952902320;1ere lettre de relance;2023-07-21;2023-07-24;371.76
5162179;7374542304;1ere lettre de relance;2023-07-21;2023-08-03;897.03
10327444;14753492335;1ere lettre de relance;2023-07-21;2023-07-23;637.68
3968063;5668662358;1ere lettre de relance;2023-07-21;2023-07-29;544.53
13849620;19785172309;Mise en demeure;2023-08-04;2023-09-06;370.29
13849620;19785172309;1ere lettre de relance;2023-07-21;2023-08-03;355.29
14068377;20097682302;Mise en demeure;2023-08-04;2023-08-24;191.31
14068377;20097682302;1ere lettre de relance;2023-07-21;2023-08-03;176.31
12217437;17453482312;Mise en demeure;2023-08-04;2023-08-07;346.17
12217437;17453482312;1ere lettre de relance;2023-07-21;2023-08-03;331.17
15583324;22261892302;Mise en demeure;2023-08-04;2023-08-06;112.05
15583324;22261892302;1ere lettre de relance;2023-07-21;2023-08-03;97.05
5788861;8269802358;Mise en demeure;2023-08-04;2023-08-15;523.8
5788861;8269802358;1ere lettre de relance;2023-07-21;2023-08-03;508.8
14244245;20348922307;Mise en demeure;2023-08-04;2023-08-07;214.59
14244245;20348922307;1ere lettre de relance;2023-07-21;2023-08-03;199.59
4671549;6673642331;1ere lettre de relance;2023-07-21;2023-07-30;528.81
13287415;18982022302;Mise en demeure;2023-08-04;2023-08-22;137.94
13287415;18982022302;1ere lettre de relance;2023-07-21;2023-08-03;122.94
15341390;21916272304;Mise en demeure;2023-08-04;2023-08-31;133.92
15341390;21916272304;1ere lettre de relance;2023-07-21;2023-08-03;118.92
295107;421582378;1ere lettre de relance;2023-07-21;2023-07-31;448.02
93843;134062380;1ere lettre de relance;2023-07-21;2023-07-31;856.74
12878804;18398292309;Mise en demeure;2023-08-04;2023-08-17;396.24
12878804;18398292309;1ere lettre de relance;2023-07-21;2023-08-03;381.24
4568761;6526802358;Mise en demeure;2023-08-04;2023-09-07;477.03
4568761;6526802358;1ere lettre de relance;2023-07-21;2023-08-03;462.03
4568761;6526802358;Suspension de garanties;2023-09-08;2023-09-08;477.03
15232708;21761012304;Mise en demeure;2023-08-04;2023-08-06;323.42
15232708;21761012304;1ere lettre de relance;2023-07-21;2023-08-03;308.42
5002810;7146872313;1ere lettre de relance;2023-07-21;2023-07-24;474.36
15514927;22164182302;1ere lettre de relance;2023-07-21;2023-07-23;403.68
15090048;2155721235;1er Impayé;2023-09-13;2023-09-29;164.71
15100457;2157208232;1er Impayé;2023-09-13;2023-10-05;54.47
15152908;2164701232;1er Impayé;2023-09-13;2023-10-05;122.81
15196161;2170880232;1er Impayé;2023-09-13;2023-10-03;59.16
15232715;2176102232;1er Impayé;2023-09-13;2023-10-05;82.91
15235277;2176468231;Mise en demeure;2023-10-27;2023-11-15;263.16
15235277;2176468231;2ème Impayé;2023-10-12;2023-10-26;248.16
15235277;2176468231;1er Impayé;2023-09-13;2023-10-05;62.04
15278677;2182668232;1er Impayé;2023-09-13;2023-10-05;58.45
15287133;2183876232;1er Impayé;2023-09-13;2023-09-20;76.31
15320579;2188654231;1er Impayé;2023-09-13;2023-10-05;60.24
15329553;2189936231;1er Impayé;2023-09-13;2023-09-28;55.38
15336525;2190932231;1er Impayé;2023-09-13;2023-10-05;57.22
15341292;2191613232;1er Impayé;2023-09-13;2023-10-05;42.02
15357917;2193988231;1er Impayé;2023-09-13;2023-10-15;169.33
15389326;2198475234;1er Impayé;2023-09-13;2023-10-05;106.79
15423486;2203355231;Mise en demeure;2023-10-27;2023-11-30;301.48
15423486;2203355231;2ème Impayé;2023-10-12;2023-10-26;286.48
15423486;2203355231;1er Impayé;2023-09-13;2023-10-05;71.62
15427770;2203967231;1er Impayé;2023-09-13;2023-10-05;70.56
15429205;2204172232;Mise en demeure;2023-10-27;2023-11-08;295.16
15429205;2204172232;2ème Impayé;2023-10-12;2023-10-26;280.16
15429205;2204172232;1er Impayé;2023-09-13;2023-10-05;70.04
15433951;2204850231;1er Impayé;2023-09-13;2023-10-05;50.3
15476840;2210977231;Mise en demeure;2023-10-27;2023-11-30;591.68
15476840;2210977231;2ème Impayé;2023-10-12;2023-10-26;576.68
15476840;2210977231;1er Impayé;2023-09-13;2023-09-29;144.17
15485940;2212277232;1er Impayé;2023-09-13;2023-10-05;59.84
15492632;2213233231;Mise en demeure;2023-10-27;2023-11-30;348.12
15492632;2213233231;2ème Impayé;2023-10-12;2023-10-26;333.12
15492632;2213233231;1er Impayé;2023-09-13;2023-09-29;83.28
15494375;2213482231;Mise en demeure;2023-10-27;2023-11-30;526.88
15494375;2213482231;2ème Impayé;2023-10-12;2023-10-26;511.88
15494375;2213482231;1er Impayé;2023-09-13;2023-10-05;127.97
15496006;2213715231;1er Impayé;2023-09-13;2023-09-29;77.22
15502733;2214676232;1er Impayé;2023-09-13;2023-09-29;74.56
15550739;2221534233;1er Impayé;2023-09-13;2023-09-29;140.72
15550739;2221534233;2ème Impayé;2023-10-15;2023-11-02;562.88
15550739;2221534233;Mise en demeure;2023-11-03;;577.88
15554904;2222129232;Mise en demeure;2023-10-27;2023-11-30;395.04
15554904;2222129232;2ème Impayé;2023-10-12;2023-10-26;380.04
15554904;2222129232;1er Impayé;2023-09-13;2023-09-29;95.01
15555254;2222179231;1er Impayé;2023-09-13;2023-09-26;148.2
15561218;2223031231;Mise en demeure;2023-10-27;2023-11-30;208.52
15561218;2223031231;2ème Impayé;2023-10-12;2023-10-26;193.52
15561218;2223031231;1er Impayé;2023-09-13;2023-09-29;48.38
15567413;2223916232;2ème Impayé;2023-10-25;2023-11-09;289.28
15567413;2223916232;1er Impayé;2023-09-13;2023-09-29;72.32
15567413;2223916232;Mise en demeure;2023-11-10;;304.28
15579810;2225687233;1er Impayé;2023-09-13;2023-09-29;121.25
15586831;2226690231;Mise en demeure;2023-10-27;2023-11-30;262.2
15586831;2226690231;2ème Impayé;2023-10-12;2023-10-26;247.2
15586831;2226690231;1er Impayé;2023-09-13;2023-09-29;61.8
15591262;2227323231;1er Impayé;2023-09-13;2023-09-29;68.14
15595476;2227925232;1er Impayé;2023-09-13;2023-09-29;117.0
15602539;2228934231;1er Impayé;2023-09-13;2023-09-29;132.54
15607775;2229682232;1er Impayé;2023-09-13;2023-09-29;58.22
15232911;2176130233;1er Impayé;2023-04-11;2023-04-18;173.24
15232911;2176130233;Mise en demeure;2023-05-26;2023-07-04;188.24
15232911;2176130233;2ème Impayé;2023-05-08;2023-05-25;346.48
15250369;2178624231;1er Impayé;2023-04-11;2023-05-02;57.46
15251720;2178817231;1er Impayé;2023-04-11;2023-05-02;157.11
15251720;2178817231;2ème Impayé;2023-05-10;2023-05-15;471.33
15269661;2181380231;1er Impayé;2023-04-11;2023-05-02;42.53
15271047;2181578232;1er Impayé;2023-04-11;2023-05-02;54.73
15271047;2181578232;Suspension de garanties;2023-06-30;2023-07-06;179.19
15271047;2181578232;Mise en demeure;2023-05-26;2023-06-29;179.19
15271047;2181578232;Annonce du contentieux;2023-07-07;2023-07-24;179.19
15271047;2181578232;2ème Impayé;2023-05-08;2023-05-25;164.19
15297591;2185370231;1er Impayé;2023-04-11;2023-04-21;786.13
15303583;2186226231;1er Impayé;2023-04-11;2023-04-23;126.81
15307412;2186773231;1er Impayé;2023-04-11;2023-05-02;95.89
15317275;2188182233;1er Impayé;2023-04-11;2023-05-02;127.55
15317275;2188182233;2ème Impayé;2023-05-14;2023-06-01;191.0
15317275;2188182233;Mise en demeure;2023-06-02;2023-07-04;206.0
15318360;2188337231;1er Impayé;2023-04-11;2023-04-28;95.82
15325584;2189369232;1er Impayé;2023-04-11;2023-05-02;106.78
15325584;2189369232;2ème Impayé;2023-05-10;2023-05-25;320.34
15325584;2189369232;Mise en demeure;2023-05-26;2023-06-27;335.34
15329980;2189997233;1er Impayé;2023-04-11;2023-05-01;181.47
15329980;2189997233;Mise en demeure;2023-05-02;2023-05-08;196.47
15337932;2191133231;1er Impayé;2023-04-11;2023-04-12;169.47
15340655;2191522231;1er Impayé;2023-04-11;2023-05-01;531.8
15340655;2191522231;Mise en demeure;2023-05-02;2023-05-16;546.8
15340963;2191566231;1er Impayé;2023-04-11;2023-05-11;271.58
15340963;2191566231;Mise en demeure;2023-05-12;2023-05-29;286.58
15375991;2196570231;1er Impayé;2023-04-11;2023-05-02;62.7
15383460;2197637231;1er Impayé;2023-04-11;2023-05-02;130.11
15383460;2197637231;2ème Impayé;2023-05-10;2023-05-15;390.33
15408548;2201221233;1er Impayé;2023-04-11;2023-05-01;265.53
15408548;2201221233;Mise en demeure;2023-05-02;2023-05-16;192.02
10671858;1524551232;1er Impayé;2023-04-13;2023-05-04;152.55
10671858;1524551232;2ème Impayé;2023-05-14;2023-06-01;457.65
10671858;1524551232;Mise en demeure;2023-06-02;2023-07-06;472.65
10671858;1524551232;Suspension de garanties;2023-07-07;2023-07-12;472.65
10813615;1544802232;1er Impayé;2023-04-13;2023-05-04;100.24
10990407;1570058234;1er Impayé;2023-04-13;2023-05-04;44.15
10999808;1571401239;1er Impayé;2023-04-13;2023-05-04;127.46
10999808;1571401239;2ème Impayé;2023-05-14;2023-06-01;382.38
10999808;1571401239;Mise en demeure;2023-06-02;2023-06-27;397.38
11022453;1574636233;1er Impayé;2023-04-13;2023-05-02;146.22
11055283;1579326234;1er Impayé;2023-04-13;2023-05-02;75.24
11255252;1607893231;1er Impayé;2023-04-13;2023-05-04;97.25
11497354;1642479234;1er Impayé;2023-04-13;2023-05-02;62.23
12600148;1800021233;1er Impayé;2023-04-13;2023-05-04;112.49
12654356;1807765235;1er Impayé;2023-04-13;2023-05-02;61.84
12941328;1848761237;1er Impayé;2023-04-13;2023-04-25;174.64
13077093;1868156234;1er Impayé;2023-04-13;2023-05-04;89.18
13308282;1901183231;1er Impayé;2023-04-13;2023-05-04;80.22
13386430;1912347234;1er Impayé;2023-04-13;2023-05-04;191.1
13498850;1928407232;1er Impayé;2023-04-13;2023-05-04;94.96
13831147;1975878234;1er Impayé;2023-04-13;2023-05-04;245.13
13848822;1978403231;1er Impayé;2023-04-13;2023-05-04;105.77
13915511;1987930232;1er Impayé;2023-04-13;2023-05-04;55.72
13915511;1987930232;2ème Impayé;2023-05-10;2023-05-25;167.16
13915511;1987930232;Suspension de garanties;2023-06-30;2023-07-04;182.16
13915511;1987930232;Mise en demeure;2023-05-26;2023-06-29;182.16
15872256;2267465231;1er Impayé;2023-07-10;2023-07-11;278.19
15879207;2268458231;1er Impayé;2023-07-10;2023-07-20;221.75
15888818;2269831231;Mise en demeure;2023-07-28;2023-08-09;474.96
15888818;2269831231;1er Impayé;2023-07-10;2023-07-27;459.96
15920514;2274359231;1er Impayé;2023-07-10;2023-07-19;319.07
15920626;2274375231;2ème Impayé;2023-08-07;2023-08-17;247.73
15920626;2274375231;1er Impayé;2023-07-10;2023-08-02;111.15
15924553;2274936231;Suspension de garanties;2023-09-01;2023-09-02;221.4
15924553;2274936231;Mise en demeure;2023-07-28;2023-08-31;221.4
15924553;2274936231;1er Impayé;2023-07-10;2023-07-27;206.4
15938413;2276916231;2ème Impayé;2023-08-07;2023-08-08;124.6
15938413;2276916231;1er Impayé;2023-07-10;2023-07-11;73.3
15939869;2277124231;Mise en demeure;2023-07-28;2023-07-31;238.19
15939869;2277124231;1er Impayé;2023-07-10;2023-07-27;223.19
7891381;1127340238;1er Impayé;2023-07-16;2023-08-07;301.44
14493641;2070520231;1er Impayé;2023-07-16;2023-08-07;101.41
14629315;2089902231;1er Impayé;2023-07-16;2023-08-07;76.84
15091042;2155863231;2ème Impayé;2023-08-17;2023-08-31;281.7
15091042;2155863231;Mise en demeure;2023-09-01;2023-10-05;296.7
15091042;2155863231;Suspension de garanties;2023-10-06;2023-10-08;296.7
15091042;2155863231;1er Impayé;2023-07-16;2023-08-07;93.9
15428757;2204108234;Mise en demeure;2023-08-04;2023-09-07;363.48
15428757;2204108234;1er Impayé;2023-07-16;2023-08-03;348.48
15428757;2204108234;Suspension de garanties;2023-09-08;2023-09-12;363.48
15459382;2208483231;1er Impayé;2023-07-16;2023-08-07;80.62
15609693;2229956231;Mise en demeure;2023-08-04;2023-08-21;633.72
15609693;2229956231;1er Impayé;2023-07-16;2023-08-03;618.72
15629510;2232787231;Mise en demeure;2023-09-01;2023-09-14;281.27
15629510;2232787231;1er Impayé;2023-07-16;2023-08-16;96.09
15629510;2232787231;2ème Impayé;2023-08-16;2023-08-31;266.27
15879914;2268559231;1er Impayé;2023-07-16;2023-08-07;64.69
15906591;2272370231;1er Impayé;2023-07-16;2023-07-25;151.25
15906878;2272411231;1er Impayé;2023-07-16;2023-07-30;111.36
10351748;14788212323;Mise en demeure;2023-08-04;2023-08-30;350.97
10351748;14788212323;1ere lettre de relance;2023-07-21;2023-08-03;335.97
14089867;20128382308;1ere lettre de relance;2023-07-21;2023-07-31;217.77
15864066;22662952302;1ere lettre de relance;2023-07-21;2023-08-10;190.11
284271;406102322;1ere lettre de relance;2023-07-21;2023-07-31;565.5
4213602;6019432325;1ere lettre de relance;2023-07-21;2023-07-23;622.2
4668637;6669482321;1ere lettre de relance;2023-07-21;2023-07-25;611.55
10202578;14575112305;Mise en demeure;2023-08-04;2023-08-06;681.34
10202578;14575112305;1ere lettre de relance;2023-07-21;2023-08-03;666.34
14026573;20037962306;Mise en demeure;2023-08-04;2023-08-18;241.64
14026573;20037962306;1ere lettre de relance;2023-07-21;2023-08-03;226.64
7063001;10090002313;Mise en demeure;2023-08-04;2023-08-07;1207.56
7063001;10090002313;1ere lettre de relance;2023-07-21;2023-08-03;1192.56
4483256;6404652332;1ere lettre de relance;2023-07-21;2023-07-31;524.73
5587597;7982282340;Mise en demeure;2023-08-25;2023-08-30;927.9
5587597;7982282340;1ere lettre de relance;2023-07-21;2023-08-24;912.9
174175;248822314;1ere lettre de relance;2023-07-21;2023-07-23;510.87
3897517;5567882346;1ere lettre de relance;2023-07-21;2023-07-26;480.15
5382546;7689352323;Mise en demeure;2023-08-04;2023-09-07;1648.14
5382546;7689352323;Annonce du contentieux;2023-09-15;2023-09-17;1648.14
5382546;7689352323;1ere lettre de relance;2023-07-21;2023-08-03;1633.14
5382546;7689352323;Suspension de garanties;2023-09-08;2023-09-14;1648.14
15225722;21751032303;Mise en demeure;2023-08-04;2023-09-07;284.61
15225722;21751032303;Annonce du contentieux;2023-09-15;2023-09-19;140.61
15225722;21751032303;Suspension de garanties;2023-09-08;2023-09-14;140.61
15225722;21751032303;1ere lettre de relance;2023-07-21;2023-08-03;269.61
15201278;21716112302;1ere lettre de relance;2023-07-21;2023-07-30;171.96
14798806;21141152305;1ere lettre de relance;2023-07-21;2023-07-31;176.07
5545191;7921702373;1ere lettre de relance;2023-07-21;2023-07-30;624.72
15029309;21470442301;1ere lettre de relance;2023-07-21;2023-08-03;163.5
3900149;5571642316;1ere lettre de relance;2023-07-21;2023-07-30;870.06
15194880;21706972302;Mise en demeure;2023-08-04;2023-11-27;276.02
15194880;21706972302;1ere lettre de relance;2023-07-21;2023-08-03;261.02
13797316;19710452308;1ere lettre de relance;2023-07-21;2023-08-02;153.6
11975692;17108132319;1ere lettre de relance;2023-07-21;2023-08-02;253.35
15628460;22326372301;Mise en demeure;2023-08-04;2023-08-21;667.68
15628460;22326372301;1ere lettre de relance;2023-07-21;2023-08-03;652.68
9053598;12933712314;Mise en demeure;2023-08-04;2023-08-13;1550.58
9053598;12933712314;1ere lettre de relance;2023-07-21;2023-08-03;1535.58
37262;53232326;1ere lettre de relance;2023-07-21;2023-07-26;544.53
4463712;6376732320;Mise en demeure;2023-08-04;2023-08-22;672.06
4463712;6376732320;1ere lettre de relance;2023-07-21;2023-08-03;657.06
14075475;20107822306;Mise en demeure;2023-08-04;2023-09-07;201.72
14075475;20107822306;Annonce du contentieux;2023-09-15;2023-09-22;201.72
14075475;20107822306;1ere lettre de relance;2023-07-21;2023-08-03;186.72
14075475;20107822306;Suspension de garanties;2023-09-08;2023-09-14;201.72
15623987;2231998231;1er Impayé;2023-09-13;2023-09-29;141.6
15618044;2231149232;Mise en demeure;2023-10-27;2023-11-30;178.12
15618044;2231149232;2ème Impayé;2023-10-12;2023-10-26;163.12
15618044;2231149232;1er Impayé;2023-09-13;2023-09-29;40.78
15623903;2231986232;1er Impayé;2023-09-13;2023-09-29;75.23
15629615;2232802231;1er Impayé;2023-09-13;2023-09-29;49.49
15629615;2232802231;2ème Impayé;2023-10-15;2023-11-02;197.96
15629615;2232802231;Mise en demeure;2023-11-03;;212.96
15647815;2235402232;Mise en demeure;2023-10-27;2023-11-30;226.36
15647815;2235402232;2ème Impayé;2023-10-12;2023-10-26;211.36
15647815;2235402232;1er Impayé;2023-09-13;2023-09-29;52.84
15653331;2236190231;1er Impayé;2023-09-13;2023-09-29;149.62
15654703;2236386231;1er Impayé;2023-09-13;2023-09-29;80.68
15656607;2236658231;1er Impayé;2023-09-13;2023-09-27;111.38
15660121;2237160232;1er Impayé;2023-09-13;2023-09-29;55.77
15683928;2240561232;Mise en demeure;2023-10-27;2023-11-30;237.6
15683928;2240561232;2ème Impayé;2023-10-12;2023-10-26;222.6
15683928;2240561232;1er Impayé;2023-09-13;2023-09-29;55.65
15697795;2242542231;Mise en demeure;2023-10-27;2023-11-30;217.48
15697795;2242542231;2ème Impayé;2023-10-12;2023-10-26;202.48
15697795;2242542231;1er Impayé;2023-09-13;2023-09-29;50.62
15704655;2243522231;1er Impayé;2023-09-13;2023-09-29;61.08
15707238;2243891232;1er Impayé;2023-09-13;2023-09-29;59.82
15707749;2243964231;2ème Impayé;2023-10-12;2023-10-30;306.24
15707749;2243964231;1er Impayé;2023-09-13;2023-09-29;76.56
15707847;2243978231;1er Impayé;2023-09-13;2023-09-16;96.02
15709380;2244197231;Mise en demeure;2023-10-13;2023-11-02;398.76
15709380;2244197231;1er Impayé;2023-09-13;2023-10-12;95.94
15731360;2247337231;1er Impayé;2023-09-13;2023-10-15;94.95
15757848;2251121232;1er Impayé;2023-09-13;2023-09-29;70.54
15757848;2251121232;2ème Impayé;2023-10-15;2023-11-02;282.16
15757848;2251121232;Mise en demeure;2023-11-03;;297.16
15763854;2251979232;1er Impayé;2023-09-13;2023-09-29;59.7
15764974;2252139232;Mise en demeure;2023-10-27;2023-11-30;231.68
15764974;2252139232;2ème Impayé;2023-10-12;2023-10-26;216.68
15764974;2252139232;1er Impayé;2023-09-13;2023-09-29;54.17
15766395;2252342231;1er Impayé;2023-09-13;2023-09-25;64.28
15768208;2252601231;1er Impayé;2023-09-13;2023-09-29;122.78
15779968;2254281231;1er Impayé;2023-09-13;2023-10-27;132.31
15788991;2255570232;Mise en demeure;2023-10-27;2023-11-30;284.12
15788991;2255570232;2ème Impayé;2023-10-12;2023-10-26;269.12
15788991;2255570232;1er Impayé;2023-09-13;2023-09-29;67.28
15792162;2256023232;1er Impayé;2023-09-13;2023-10-05;55.46
15801822;2257403232;1er Impayé;2023-09-13;2023-09-29;116.32
15811363;2258766231;1er Impayé;2023-09-13;2023-09-29;73.84
15815710;2259387232;1er Impayé;2023-09-13;2023-09-29;55.2
15818629;2259804231;Mise en demeure;2023-10-13;2023-11-30;282.48
15818629;2259804231;1er Impayé;2023-09-13;2023-10-12;66.87
15818916;2259845231;1er Impayé;2023-09-13;2023-09-20;169.2
15821310;2260187231;1er Impayé;2023-09-13;2023-09-29;58.13
15823011;2260430232;Mise en demeure;2023-10-27;2023-11-05;420.84
15823011;2260430232;2ème Impayé;2023-10-12;2023-10-26;405.84
15823011;2260430232;1er Impayé;2023-09-13;2023-09-29;101.46
15824775;2260682231;1er Impayé;2023-09-13;2023-09-29;106.11
15830781;2261540231;1er Impayé;2023-09-13;2023-10-01;107.16
15833000;2261857232;2ème Impayé;2023-10-12;2023-10-27;187.2
15833000;2261857232;1er Impayé;2023-09-13;2023-09-15;62.4
15833238;2261891231;1er Impayé;2023-09-13;2023-10-27;155.66
15838159;2262594231;1er Impayé;2023-09-13;2023-09-28;102.42
15846398;2263771231;Mise en demeure;2023-10-27;2023-11-30;374.8
15846398;2263771231;2ème Impayé;2023-10-12;2023-10-26;359.8
15846398;2263771231;1er Impayé;2023-09-13;2023-10-05;89.95
15846489;2263784231;1er Impayé;2023-09-13;2023-09-29;99.1
15847238;2263891232;1er Impayé;2023-09-13;2023-09-29;79.49
15849576;2264225231;Mise en demeure;2023-10-27;2023-11-30;305.24
15849576;2264225231;2ème Impayé;2023-10-12;2023-10-26;290.24
15849576;2264225231;1er Impayé;2023-09-13;2023-09-29;72.56
15854441;2264920231;2ème Impayé;2023-10-09;2023-10-26;268.12
15854441;2264920231;Mise en demeure;2023-10-27;2023-11-30;283.12
15854441;2264920231;1er Impayé;2023-09-13;2023-09-29;75.28
15857871;2265410232;Mise en demeure;2023-10-27;2023-11-30;172.0
15857871;2265410232;2ème Impayé;2023-10-12;2023-10-26;157.0
15857871;2265410232;1er Impayé;2023-09-13;2023-10-05;39.25
15858788;2265541231;1er Impayé;2023-09-13;2023-09-29;129.16
15858788;2265541231;Mise en demeure;2023-11-03;;531.64
15858788;2265541231;2ème Impayé;2023-10-15;2023-11-02;516.64
15859950;2265707231;Mise en demeure;2023-10-27;2023-11-30;345.96
15859950;2265707231;2ème Impayé;2023-10-12;2023-10-26;330.96
15859950;2265707231;1er Impayé;2023-09-13;2023-09-29;82.74
15866383;2266626232;1er Impayé;2023-09-13;2023-10-05;57.59
15870247;2267178231;2ème Impayé;2023-10-08;2023-10-26;282.01
15870247;2267178231;Mise en demeure;2023-10-27;2023-11-30;297.01
15870247;2267178231;1er Impayé;2023-09-13;2023-09-29;71.74
15871409;2267344231;1er Impayé;2023-09-13;2023-09-29;74.74
15428799;2204114231;1er Impayé;2023-04-11;2023-05-02;70.98
15428799;2204114231;2ème Impayé;2023-05-10;2023-05-14;212.94
15442540;2206077231;1er Impayé;2023-04-11;2023-05-02;216.63
15457590;2208227231;1er Impayé;2023-04-11;2023-04-17;265.28
15457590;2208227231;2ème Impayé;2023-05-07;2023-05-11;127.14
15460166;2208595231;1er Impayé;2023-04-11;2023-05-02;95.49
15460166;2208595231;2ème Impayé;2023-05-10;2023-05-25;286.47
15460166;2208595231;Suspension de garanties;2023-06-30;2023-07-03;301.47
15460166;2208595231;Mise en demeure;2023-05-26;2023-06-29;301.47
15463246;2209035231;1er Impayé;2023-04-11;2023-05-02;85.86
15465493;2209356231;1er Impayé;2023-04-11;2023-05-02;117.42
15465493;2209356231;2ème Impayé;2023-05-10;2023-05-25;363.26
15465493;2209356231;Suspension de garanties;2023-06-30;2023-07-06;378.26
15465493;2209356231;Mise en demeure;2023-05-26;2023-06-29;378.26
15465493;2209356231;En recouvrement;2023-07-30;2023-08-02;1082.78
15465493;2209356231;Annonce du contentieux;2023-07-07;2023-07-29;378.26
15472283;2210326231;1er Impayé;2023-04-11;2023-05-02;143.83
15472283;2210326231;2ème Impayé;2023-05-10;2023-05-26;143.83
15473389;2210484232;1er Impayé;2023-04-11;2023-04-24;317.28
15477785;2211112232;1er Impayé;2023-04-11;2023-05-01;334.29
15477785;2211112232;Mise en demeure;2023-05-02;2023-05-29;349.29
15481432;2211633231;1er Impayé;2023-04-11;2023-04-24;59.53
15492744;2213249231;1er Impayé;2023-04-11;2023-04-17;66.41
15509964;2215709231;1er Impayé;2023-04-11;2023-05-02;153.15
15515172;2216453231;1er Impayé;2023-04-11;2023-04-17;61.65
15517272;2216753231;1er Impayé;2023-04-11;2023-05-02;109.09
15523957;2217708231;1er Impayé;2023-04-11;2023-04-14;77.22
15526057;2218008232;1er Impayé;2023-04-11;2023-04-26;104.06
15528591;2218370231;1er Impayé;2023-04-11;2023-05-02;329.98
15531013;2218716231;1er Impayé;2023-04-11;2023-05-02;37.65
15535206;2219315231;1er Impayé;2023-04-11;2023-05-02;182.45
15546567;2220938231;1er Impayé;2023-04-11;2023-04-16;598.62
15549031;2221290231;1er Impayé;2023-04-11;2023-04-12;472.08
15554967;2222138232;1er Impayé;2023-04-11;2023-04-13;69.0
15554967;2222138232;2ème Impayé;2023-05-10;2023-05-25;138.0
15554967;2222138232;Mise en demeure;2023-05-26;2023-05-31;153.0
15565887;2223698231;1er Impayé;2023-04-11;2023-05-10;208.88
8736281;1248040231;1er Impayé;2023-04-16;2023-05-02;74.11
10595929;1513704231;1er Impayé;2023-04-16;2023-05-02;90.93
12430853;1775836233;1er Impayé;2023-04-16;2023-05-02;61.32
13503904;1929129233;1er Impayé;2023-04-16;2023-05-04;116.84
13538834;1934119234;1er Impayé;2023-04-16;2023-05-04;84.19
14028981;2004140232;1er Impayé;2023-04-16;2023-05-02;34.55
14274338;2039191232;1er Impayé;2023-04-16;2023-05-02;82.55
14294393;2042056232;1er Impayé;2023-04-16;2023-05-02;50.13
14294393;2042056232;2ème Impayé;2023-05-14;2023-05-31;150.39
14347824;2049689231;1er Impayé;2023-04-16;2023-05-02;145.27
14644596;2092085234;1er Impayé;2023-04-16;2023-05-04;135.93
14662257;2094608231;1er Impayé;2023-04-16;2023-05-04;71.14
14922167;2131738232;1er Impayé;2023-04-16;2023-04-17;64.88
14922167;2131738232;2ème Impayé;2023-05-14;2023-06-01;129.76
14922167;2131738232;Mise en demeure;2023-06-02;2023-06-06;144.76
14936601;2133800231;1er Impayé;2023-04-16;2023-05-02;109.1
15077784;2153969233;1er Impayé;2023-04-16;2023-04-20;68.51
15088074;2155439231;1er Impayé;2023-04-16;2023-04-21;61.32
15229383;2175626231;1er Impayé;2023-04-16;2023-04-21;64.07
15254268;2179181231;1er Impayé;2023-04-16;2023-05-04;34.61
15284039;2183434232;1er Impayé;2023-04-16;2023-05-02;113.55
15284039;2183434232;Suspension de garanties;2023-06-30;2023-07-03;355.65
15284039;2183434232;Mise en demeure;2023-05-26;2023-06-29;355.65
15284039;2183434232;2ème Impayé;2023-05-08;2023-05-25;340.65
15314111;2187730232;1er Impayé;2023-04-16;2023-05-02;45.55
15318542;2188363231;1er Impayé;2023-04-16;2023-05-02;81.34
15416486;2202355231;1er Impayé;2023-04-16;2023-05-04;75.23
15456085;2208012231;1er Impayé;2023-04-16;2023-05-04;107.98
5886994;8409992317;1ere lettre de relance;2023-07-21;2023-08-01;238.44
7280687;10400982331;1ere lettre de relance;2023-07-21;2023-07-30;1762.11
3857603;5510862318;1ere lettre de relance;2023-07-21;2023-08-02;453.36
10270597;14672282309;1ere lettre de relance;2023-07-21;2023-07-30;533.02
10768066;15382952303;Mise en demeure;2023-08-04;2023-08-29;468.24
10768066;15382952303;1ere lettre de relance;2023-07-21;2023-08-03;453.24
14744997;21064282302;1ere lettre de relance;2023-07-21;2023-08-07;268.53
12844049;18348642308;Mise en demeure;2023-08-04;2023-09-07;216.45
12844049;18348642308;1ere lettre de relance;2023-07-21;2023-08-03;201.45
12844049;18348642308;Suspension de garanties;2023-09-08;2023-09-12;216.45
4373412;6247732356;1ere lettre de relance;2023-07-21;2023-07-27;493.47
7808886;11155552324;1ere lettre de relance;2023-07-21;2023-07-27;676.59
13628056;19468652313;Mise en demeure;2023-08-04;2023-08-10;322.91
13628056;19468652313;1ere lettre de relance;2023-07-21;2023-08-03;307.91
3920232;5600332350;1ere lettre de relance;2023-07-21;2023-08-03;928.17
4684541;6692202343;1ere lettre de relance;2023-07-21;2023-07-31;321.09
3975483;5679262330;Mise en demeure;2023-08-04;2023-08-07;428.37
3975483;5679262330;1ere lettre de relance;2023-07-21;2023-08-03;413.37
10416421;14880602309;Mise en demeure;2023-08-04;2023-08-10;575.01
10416421;14880602309;1ere lettre de relance;2023-07-21;2023-08-03;560.01
4277134;6110192303;Mise en demeure;2023-08-04;2023-08-08;525.87
4277134;6110192303;1ere lettre de relance;2023-07-21;2023-08-03;510.87
13512997;19304282303;Mise en demeure;2023-08-04;2023-08-09;539.16
13512997;19304282303;1ere lettre de relance;2023-07-21;2023-08-03;524.16
5498172;7854532343;Mise en demeure;2023-08-04;2023-08-13;1141.77
5498172;7854532343;1ere lettre de relance;2023-07-21;2023-08-03;1126.77
15038948;21484212302;1ere lettre de relance;2023-07-21;2023-08-01;127.74
14147855;20211222305;Mise en demeure;2023-08-04;2023-09-04;161.22
14147855;20211222305;1ere lettre de relance;2023-07-21;2023-08-03;161.22
14898437;21283482304;1ere lettre de relance;2023-07-21;2023-07-24;118.22
337191;481702338;Mise en demeure;2023-08-04;2023-08-11;304.68
337191;481702338;1ere lettre de relance;2023-07-21;2023-08-03;289.68
13352389;19074842308;1ere lettre de relance;2023-07-21;2023-07-31;655.38
15138054;21625792303;Mise en demeure;2023-08-04;2023-08-21;252.69
15138054;21625792303;1ere lettre de relance;2023-07-21;2023-08-03;237.69
15037527;21482182302;Mise en demeure;2023-08-04;2023-08-10;273.42
15037527;21482182302;1ere lettre de relance;2023-07-21;2023-08-03;258.42
5542377;7917682328;1ere lettre de relance;2023-07-21;2023-07-27;1700.22
11802407;16860582310;Mise en demeure;2023-08-04;2023-08-08;353.25
11802407;16860582310;1ere lettre de relance;2023-07-21;2023-08-03;338.25
14484884;20692692303;1ere lettre de relance;2023-07-21;2023-08-03;279.3
9817235;14024622311;1ere lettre de relance;2023-07-21;2023-08-01;278.58
13147786;18782552312;Mise en demeure;2023-08-04;2023-09-07;366.36
13147786;18782552312;1ere lettre de relance;2023-07-21;2023-08-03;351.36
13147786;18782552312;Suspension de garanties;2023-09-08;2023-09-14;366.36
15818223;22597462301;Mise en demeure;2023-08-04;2023-09-07;148.92
15818223;22597462301;Annonce du contentieux;2023-09-15;2023-09-25;148.92
15818223;22597462301;Suspension de garanties;2023-09-08;2023-09-14;148.92
15818223;22597462301;1ere lettre de relance;2023-07-21;2023-08-03;133.92
5154304;7363292315;Mise en demeure;2023-08-04;2023-08-27;894.06
5154304;7363292315;1ere lettre de relance;2023-07-21;2023-08-03;879.06
4671542;6673632331;1ere lettre de relance;2023-07-21;2023-07-30;640.65
12395510;17707872309;1ere lettre de relance;2023-07-21;2023-07-31;52.65
15883575;22690822301;Mise en demeure;2023-08-04;2023-09-07;280.25
15883575;22690822301;1ere lettre de relance;2023-07-21;2023-08-03;265.25
15883575;22690822301;Suspension de garanties;2023-09-08;2023-09-20;280.25
8363965;11948522327;Mise en demeure;2023-08-04;2023-08-21;2196.84
8363965;11948522327;1ere lettre de relance;2023-07-21;2023-08-03;2181.84
102278;146112309;Mise en demeure;2023-08-04;2023-08-31;580.5
102278;146112309;1ere lettre de relance;2023-07-21;2023-08-03;565.5
15514801;22164002302;Mise en demeure;2023-08-04;2023-08-09;199.11
15514801;22164002302;1ere lettre de relance;2023-07-21;2023-08-03;184.11
7690397;10986282346;Mise en demeure;2023-08-04;2023-08-10;185.67
7690397;10986282346;1ere lettre de relance;2023-07-21;2023-08-03;170.67
3918622;5598032347;Mise en demeure;2023-08-04;2023-08-07;1129.44
3918622;5598032347;1ere lettre de relance;2023-07-21;2023-08-03;1114.44
15198338;21711912305;Mise en demeure;2023-08-04;2023-09-07;322.02
15198338;21711912305;Annonce du contentieux;2023-09-15;2023-09-15;102.02
15198338;21711912305;Suspension de garanties;2023-09-08;2023-09-14;102.02
15198338;21711912305;1ere lettre de relance;2023-07-21;2023-08-03;307.02
11222625;16032322311;1ere lettre de relance;2023-07-21;2023-08-01;330.0
8024556;11463652323;1ere lettre de relance;2023-07-21;2023-07-31;1799.88
13898879;19855542301;1ere lettre de relance;2023-07-21;2023-08-01;230.52
10321620;14745172314;1ere lettre de relance;2023-07-21;2023-07-26;314.46
15881783;2268826231;Mise en demeure;2023-10-27;;656.24
15881783;2268826231;2ème Impayé;2023-10-12;2023-10-26;641.24
15881783;2268826231;1er Impayé;2023-09-13;2023-09-29;168.56
15889525;2269932231;1er Impayé;2023-09-13;2023-09-15;77.37
15890183;2270026232;Mise en demeure;2023-10-27;;159.44
15890183;2270026232;2ème Impayé;2023-10-10;2023-10-26;144.44
15890183;2270026232;1er Impayé;2023-09-13;2023-09-29;36.11
15900970;2271567231;1er Impayé;2023-09-13;2023-10-27;96.17
15904295;2272042231;1er Impayé;2023-09-13;2023-09-29;97.25
15924378;2274911231;1er Impayé;2023-09-13;2023-09-29;92.12
15927325;2275332231;Mise en demeure;2023-10-27;2023-11-30;338.36
15927325;2275332231;2ème Impayé;2023-10-12;2023-10-26;323.36
15927325;2275332231;1er Impayé;2023-09-13;2023-09-29;89.09
15955969;2279424231;1er Impayé;2023-09-13;2023-09-19;193.38
15970529;2281504231;2ème Impayé;2023-10-09;2023-10-26;373.22
15970529;2281504231;Mise en demeure;2023-10-27;2023-11-30;388.22
15970529;2281504231;1er Impayé;2023-09-13;2023-09-29;171.5
15974295;2282042231;2ème Impayé;2023-10-09;2023-10-26;346.89
15974295;2282042231;Mise en demeure;2023-10-27;;361.89
15974295;2282042231;1er Impayé;2023-09-13;2023-09-29;118.32
15979300;2282757231;1er Impayé;2023-09-13;2023-09-29;104.17
15981778;2283111231;2ème Impayé;2023-10-12;2023-10-26;381.56
15981778;2283111231;Mise en demeure;2023-10-27;2023-11-30;396.56
15981778;2283111231;1er Impayé;2023-09-13;2023-09-29;95.39
15990535;2284362231;1er Impayé;2023-09-13;2023-10-27;108.66
16001399;2285914231;1er Impayé;2023-09-13;2023-09-29;217.66
16001525;2285932231;1er Impayé;2023-09-13;2023-10-02;121.78
16003170;2286167231;1er Impayé;2023-09-13;2023-09-26;85.49
16003170;2286167231;2ème Impayé;2023-11-08;;130.96
16003387;2286198231;1er Impayé;2023-09-13;2023-09-29;84.73
16004787;2286398231;Mise en demeure;2023-10-20;2023-11-23;717.6
16004787;2286398231;Suspension de garanties;2023-11-24;2023-11-30;717.6
16004787;2286398231;2ème Impayé;2023-10-05;2023-10-19;702.6
16004787;2286398231;1er Impayé;2023-09-13;2023-09-29;262.05
16007223;2286746231;1er Impayé;2023-09-13;2023-09-16;213.62
16009463;2287066231;1er Impayé;2023-09-13;2023-09-29;110.44
16011584;2287369231;Mise en demeure;2023-10-27;2023-11-30;767.56
16011584;2287369231;2ème Impayé;2023-10-10;2023-10-26;752.56
16011584;2287369231;1er Impayé;2023-09-13;2023-09-29;252.82
16011759;2287394231;1er Impayé;2023-09-13;2023-09-15;87.77
16011787;2287398231;2ème Impayé;2023-10-09;2023-10-26;373.36
16011787;2287398231;Mise en demeure;2023-10-27;2023-11-27;238.36
16011787;2287398231;1er Impayé;2023-09-13;2023-09-29;129.16
16011969;2287424231;1er Impayé;2023-09-13;2023-09-14;247.81
16012116;2287445231;1er Impayé;2023-09-13;2023-09-29;176.9
16015700;2287957231;2ème Impayé;2023-10-09;2023-10-26;709.78
16015700;2287957231;Mise en demeure;2023-10-27;2023-11-30;724.78
16015700;2287957231;1er Impayé;2023-09-13;2023-09-29;223.78
16019102;2288443231;2ème Impayé;2023-10-09;2023-10-26;348.15
16019102;2288443231;Mise en demeure;2023-10-27;2023-11-30;363.15
16019102;2288443231;1er Impayé;2023-09-13;2023-09-29;101.25
16021615;2288802231;1er Impayé;2023-09-13;2023-09-29;259.66
16022245;2288892231;1er Impayé;2023-09-13;2023-09-29;92.86
16024835;2289262231;1er Impayé;2023-09-13;2023-09-15;143.57
16026802;2289543231;2ème Impayé;2023-10-09;2023-10-26;307.07
16026802;2289543231;Mise en demeure;2023-10-27;2023-11-30;322.07
16026802;2289543231;1er Impayé;2023-09-13;2023-09-29;84.35
16029483;2289926231;Mise en demeure;2023-10-27;2023-11-30;380.55
16029483;2289926231;2ème Impayé;2023-10-10;2023-10-26;365.55
16029483;2289926231;1er Impayé;2023-09-13;2023-09-29;88.08
14640739;2091534231;1er Impayé;2023-10-11;2023-11-02;90.18
14684153;2097736233;2ème Impayé;2023-11-12;;159.5
14684153;2097736233;1er Impayé;2023-10-11;2023-10-28;79.75
14898304;2128329234;1er Impayé;2023-10-11;2023-11-02;246.36
15021581;2145940232;1er Impayé;2023-10-11;2023-11-02;124.15
15141120;2163017231;2ème Impayé;2023-11-12;;344.64
15141120;2163017231;1er Impayé;2023-10-11;2023-11-02;114.88
15191821;2170260233;1er Impayé;2023-10-11;2023-11-07;134.84
15209923;2172846231;1er Impayé;2023-10-11;2023-10-12;53.85
15240744;2177249231;1er Impayé;2023-10-11;2023-11-02;53.74
15582232;2226033231;1er Impayé;2023-04-11;2023-05-02;68.14
15595756;2227965231;1er Impayé;2023-04-11;2023-05-01;390.68
15595756;2227965231;En recouvrement;2023-06-16;2023-07-24;1012.48
15595756;2227965231;Suspension de garanties;2023-06-02;2023-06-08;253.12
15595756;2227965231;Annonce du contentieux;2023-06-09;2023-06-15;253.12
15595756;2227965231;Mise en demeure;2023-05-02;2023-06-01;405.68
15601881;2228840231;1er Impayé;2023-04-11;2023-04-27;239.07
15610428;2230061231;1er Impayé;2023-04-11;2023-05-02;104.94
15610428;2230061231;2ème Impayé;2023-05-10;2023-10-12;314.82
15612304;2230329231;1er Impayé;2023-04-11;2023-04-17;426.09
15625737;2232248231;1er Impayé;2023-04-11;2023-05-02;91.26
15633465;2233352231;1er Impayé;2023-04-11;2023-04-27;42.02
15642698;2234671231;1er Impayé;2023-04-11;2023-05-02;251.57
15644021;2234860231;1er Impayé;2023-04-11;2023-05-01;480.75
15644021;2234860231;Mise en demeure;2023-05-02;2023-05-21;268.26
15644560;2234937231;1er Impayé;2023-04-11;2023-06-06;525.26
15644574;2234939231;1er Impayé;2023-04-11;2023-05-01;538.01
15644574;2234939231;Mise en demeure;2023-05-02;2023-06-04;553.01
15647892;2235413231;1er Impayé;2023-04-11;2023-05-01;228.47
15647892;2235413231;Mise en demeure;2023-05-02;2023-05-29;243.47
15652421;2236060231;1er Impayé;2023-04-11;2023-05-08;385.69
15652589;2236084231;1er Impayé;2023-04-11;2023-05-02;76.25
15652589;2236084231;2ème Impayé;2023-05-10;2023-05-25;228.75
15652589;2236084231;Mise en demeure;2023-05-26;2023-06-29;243.75
15652589;2236084231;Suspension de garanties;2023-06-30;2023-07-06;243.75
15652589;2236084231;Annonce du contentieux;2023-07-07;2023-11-22;243.75
15652736;2236105231;1er Impayé;2023-04-11;2023-05-01;291.95
15652736;2236105231;Mise en demeure;2023-05-02;2023-05-23;202.3
15656614;2236659231;1er Impayé;2023-04-11;2023-04-27;227.93
15665469;2237924231;1er Impayé;2023-04-11;2023-04-19;94.72
15665469;2237924231;Mise en demeure;2023-05-26;2023-06-13;109.72
15665469;2237924231;2ème Impayé;2023-05-08;2023-05-25;189.44
15670236;2238605231;1er Impayé;2023-04-11;2023-05-04;676.55
15671720;2238817231;1er Impayé;2023-04-11;2023-05-02;183.5
15672035;2238862231;1er Impayé;2023-04-11;2023-05-02;41.53
15681618;2240231231;1er Impayé;2023-04-11;2023-04-14;321.38
15687519;2241074231;1er Impayé;2023-04-11;2023-05-09;570.14
15688065;2241152231;1er Impayé;2023-04-11;2023-05-02;95.64
15505715;2215102231;1er Impayé;2023-02-12;2023-03-02;151.58
15505715;2215102231;Mise en demeure;2023-03-03;2023-03-22;166.58
15512925;2216132231;1er Impayé;2023-02-12;2023-03-02;50.29
15525973;2217996231;1er Impayé;2023-02-12;2023-03-02;315.04
15525973;2217996231;Mise en demeure;2023-03-03;2023-03-27;167.02
15529004;2218429231;1er Impayé;2023-02-12;2023-03-02;237.98
15529004;2218429231;Mise en demeure;2023-03-03;2023-03-27;252.98
15531496;2218785231;2ème Impayé;2023-04-05;2023-05-04;525.45
15531496;2218785231;1er Impayé;2023-02-12;2023-02-20;361.3
15534926;2219275231;1er Impayé;2023-02-12;2023-03-02;262.02
15534926;2219275231;Mise en demeure;2023-03-03;2023-03-06;140.51
15558418;2222631231;1er Impayé;2023-02-12;2023-03-02;37.23
15560833;2222976231;1er Impayé;2023-02-12;2023-03-02;459.28
15560833;2222976231;Mise en demeure;2023-03-03;2023-05-11;474.28
15560833;2222976231;Suspension de garanties;2023-05-12;2023-05-18;792.87
15560833;2222976231;En recouvrement;2023-06-06;2023-07-03;1480.05
15560833;2222976231;Annonce du contentieux;2023-05-19;2023-06-05;792.87
15561932;2223133231;1er Impayé;2023-02-12;2023-03-02;238.67
15561932;2223133231;Mise en demeure;2023-03-03;2023-04-04;253.67
15563535;2223362231;1er Impayé;2023-02-12;2023-03-14;140.84
15563906;2223415231;1er Impayé;2023-02-12;2023-03-07;197.78
15573594;2224799231;1er Impayé;2023-02-12;2023-03-02;272.25
15573594;2224799231;Mise en demeure;2023-03-03;2023-03-19;287.25
15582799;2226114231;1er Impayé;2023-02-12;2023-02-20;153.12
15611429;2230204231;1er Impayé;2023-02-12;2023-02-21;183.86
15617225;2231032231;2ème Impayé;2023-04-05;2023-04-07;137.76
15617225;2231032231;1er Impayé;2023-02-12;2023-02-17;113.2
15630784;2232969231;Suspension de garanties;2023-04-07;2023-04-13;174.94
15630784;2232969231;1er Impayé;2023-02-12;2023-03-02;159.94
15630784;2232969231;Mise en demeure;2023-03-03;2023-04-06;174.94
15630784;2232969231;Annonce du contentieux;2023-04-14;2023-06-19;174.94
15637315;2233902231;1er Impayé;2023-02-12;2023-02-15;323.43
15639296;2234185231;1er Impayé;2023-02-12;2023-03-14;315.5
15502852;2214693232;1er Impayé;2023-04-16;2023-05-02;150.7
15502852;2214693232;2ème Impayé;2023-05-15;2023-06-08;452.1
15502852;2214693232;Mise en demeure;2023-06-09;2023-06-29;467.1
15548457;2221208231;1er Impayé;2023-04-16;2023-04-17;59.38
15613879;2230554231;1er Impayé;2023-04-16;2023-05-11;434.24
15613879;2230554231;Mise en demeure;2023-05-12;2023-06-15;449.24
15643426;2234775231;1er Impayé;2023-04-16;2023-05-02;132.77
15660695;2237242231;1er Impayé;2023-04-16;2023-04-24;274.31
15693672;2241953231;1er Impayé;2023-04-16;2023-05-02;91.26
15695541;2242220231;1er Impayé;2023-04-16;2023-05-02;107.2
15704053;2243436231;1er Impayé;2023-04-16;2023-05-02;92.25
15704053;2243436231;2ème Impayé;2023-05-14;2023-06-01;254.75
15704053;2243436231;Mise en demeure;2023-06-02;2023-07-06;269.75
15704053;2243436231;Suspension de garanties;2023-07-07;2023-07-13;269.75
15704053;2243436231;Annonce du contentieux;2023-07-14;2023-07-30;269.75
15742434;2248919231;1er Impayé;2023-04-16;2023-05-02;135.57
9190588;13129412309;1ere lettre de relance;2023-07-14;2023-07-22;839.58
13926669;19895242304;Mise en demeure;2023-07-28;2023-08-29;657.84
13926669;19895242304;1ere lettre de relance;2023-07-14;2023-07-27;642.84
13318628;19026612305;Mise en demeure;2023-07-28;2023-08-10;203.52
13318628;19026612305;1ere lettre de relance;2023-07-14;2023-07-27;188.52
15235109;21764442303;Suspension de garanties;2023-09-01;2023-09-07;882.9
15235109;21764442303;Mise en demeure;2023-07-28;2023-08-31;882.9
15235109;21764442303;1ere lettre de relance;2023-07-14;2023-07-27;867.9
15235109;21764442303;Annonce du contentieux;2023-09-08;2023-10-03;882.9
15098637;21569482303;Mise en demeure;2023-07-28;2023-08-24;634.86
15098637;21569482303;1ere lettre de relance;2023-07-14;2023-07-27;619.86
5141305;7344722320;1ere lettre de relance;2023-07-14;2023-07-27;643.77
13476562;19252232308;Suspension de garanties;2023-09-01;2023-09-01;169.48
13476562;19252232308;Mise en demeure;2023-07-28;2023-08-31;630.92
13476562;19252232308;1ere lettre de relance;2023-07-14;2023-07-27;923.88
8091742;11559632326;Suspension de garanties;2023-09-01;2023-09-06;1166.7
8091742;11559632326;Mise en demeure;2023-07-28;2023-08-31;1166.7
8091742;11559632326;1ere lettre de relance;2023-07-14;2023-07-27;1151.7
13196877;18852682301;Mise en demeure;2023-07-28;2023-07-31;274.2
13196877;18852682301;1ere lettre de relance;2023-07-14;2023-07-27;259.2
15687330;22410472301;1ere lettre de relance;2023-07-14;2023-07-27;281.49
15561932;22231332302;Suspension de garanties;2023-09-01;2023-09-07;248.11
15561932;22231332302;Mise en demeure;2023-07-28;2023-08-31;501.78
15561932;22231332302;1ere lettre de relance;2023-07-14;2023-07-27;486.78
11116043;15880062303;1ere lettre de relance;2023-07-21;2023-07-27;103.23
15616987;22309982303;1ere lettre de relance;2023-07-21;2023-07-31;230.49
11320737;16172482323;Mise en demeure;2023-08-04;2023-08-09;295.77
11320737;16172482323;1ere lettre de relance;2023-07-21;2023-08-03;280.77
13471627;19245182304;Mise en demeure;2023-08-04;2023-09-07;283.86
13471627;19245182304;1ere lettre de relance;2023-07-21;2023-08-03;268.86
13471627;19245182304;Suspension de garanties;2023-09-08;2023-09-13;283.86
5702334;8146192321;1ere lettre de relance;2023-07-21;2023-07-31;1274.88
5561361;7944802306;Mise en demeure;2023-08-11;2023-08-30;2288.52
5561361;7944802306;1ere lettre de relance;2023-07-21;2023-08-10;2273.52
90161;128802315;Mise en demeure;2023-08-04;2023-08-24;697.47
90161;128802315;1ere lettre de relance;2023-07-21;2023-08-03;682.47
14200376;20286252302;1ere lettre de relance;2023-07-21;2023-08-25;245.1
10609460;15156372317;Mise en demeure;2023-08-04;2023-08-06;455.52
10609460;15156372317;1ere lettre de relance;2023-07-21;2023-08-03;440.52
13863928;19805612306;Mise en demeure;2023-08-04;2023-09-07;307.65
13863928;19805612306;1ere lettre de relance;2023-07-21;2023-08-03;292.65
13863928;19805612306;Suspension de garanties;2023-09-08;2023-09-10;307.65
15733159;22475942302;1ere lettre de relance;2023-07-21;2023-07-24;356.08
13970363;19957662306;Mise en demeure;2023-08-04;2023-09-07;267.39
13970363;19957662306;Annonce du contentieux;2023-09-15;2023-09-18;267.39
13970363;19957662306;1ere lettre de relance;2023-07-21;2023-08-03;252.39
13970363;19957662306;Suspension de garanties;2023-09-08;2023-09-14;267.39
636000;908572302;Mise en demeure;2023-08-11;2023-08-27;162.31
636000;908572302;1ere lettre de relance;2023-07-21;2023-08-10;147.31
10363921;14805602309;Mise en demeure;2023-08-04;2023-08-17;317.13
10363921;14805602309;1ere lettre de relance;2023-07-21;2023-08-03;302.13
4895864;6994092343;1ere lettre de relance;2023-07-21;2023-07-25;997.53
5769828;8242612318;Mise en demeure;2023-08-04;2023-08-13;468.03
5769828;8242612318;1ere lettre de relance;2023-07-21;2023-08-03;453.03
11901135;17001622304;1ere lettre de relance;2023-07-21;2023-07-27;348.9
8166425;11666322334;1ere lettre de relance;2023-07-21;2023-08-03;815.25
3955673;5650962304;1ere lettre de relance;2023-07-21;2023-07-31;481.71
13273961;18962802304;Mise en demeure;2023-08-04;2023-08-12;383.22
13273961;18962802304;1ere lettre de relance;2023-07-21;2023-08-03;368.22
15593509;22276442302;1ere lettre de relance;2023-07-21;2023-08-03;280.68
10856777;15509682318;Mise en demeure;2023-08-04;2023-09-07;1014.24
10856777;15509682318;Suspension de garanties;2023-09-08;2023-09-13;1014.24
10856777;15509682318;1ere lettre de relance;2023-07-21;2023-08-03;999.24
5485187;7835982317;1ere lettre de relance;2023-07-21;2023-08-03;1784.64
4847676;6925252302;1ere lettre de relance;2023-07-21;2023-08-03;630.84
3960188;5657412311;1ere lettre de relance;2023-07-21;2023-07-30;272.58
4461206;6373152324;1ere lettre de relance;2023-07-21;2023-07-23;1032.9
15766073;22522962302;En recouvrement;2023-09-27;;209.64
15766073;22522962302;Mise en demeure;2023-08-04;2023-09-07;239.64
15766073;22522962302;Annonce du contentieux;2023-09-15;2023-09-26;239.64
15766073;22522962302;Suspension de garanties;2023-09-08;2023-09-14;239.64
15766073;22522962302;1ere lettre de relance;2023-07-21;2023-08-03;224.64
12114187;17305982307;1ere lettre de relance;2023-07-21;2023-07-31;526.47
15234227;21763182304;Mise en demeure;2023-08-04;2023-08-31;268.32
15234227;21763182304;1ere lettre de relance;2023-07-21;2023-08-03;253.32
15695835;22422622303;Mise en demeure;2023-08-04;2023-09-07;562.98
15695835;22422622303;Annonce du contentieux;2023-09-15;2023-09-20;380.32
15695835;22422622303;Suspension de garanties;2023-09-08;2023-09-14;562.98
15695835;22422622303;1ere lettre de relance;2023-07-21;2023-08-03;547.98
5076968;7252812316;1ere lettre de relance;2023-07-21;2023-07-25;288.69
9598205;13711722338;1ere lettre de relance;2023-07-21;2023-07-30;432.69
13292322;18989032303;Mise en demeure;2023-08-04;2023-08-17;923.04
13292322;18989032303;1ere lettre de relance;2023-07-21;2023-08-03;908.04
13185075;18835822312;1ere lettre de relance;2023-07-21;2023-08-03;692.82
14246688;20352412308;1ere lettre de relance;2023-07-21;2023-07-26;58.65
3906813;5581162360;1ere lettre de relance;2023-07-21;2023-07-29;584.49
12154444;17363492302;1ere lettre de relance;2023-07-21;2023-08-07;344.55
15212583;21732262302;1ere lettre de relance;2023-07-21;2023-08-02;163.98
5842775;8346822314;Mise en demeure;2023-08-04;2023-09-07;1489.02
5842775;8346822314;Annonce du contentieux;2023-09-15;2023-09-20;1489.02
5842775;8346822314;Suspension de garanties;2023-09-08;2023-09-14;1489.02
5842775;8346822314;1ere lettre de relance;2023-07-21;2023-08-03;1474.02
4645747;6636782303;Mise en demeure;2023-08-04;2023-08-13;794.4
4645747;6636782303;1ere lettre de relance;2023-07-21;2023-08-03;779.4
12281788;17545412305;Mise en demeure;2023-08-04;2023-09-07;264.58
12281788;17545412305;Annonce du contentieux;2023-09-15;2023-09-21;264.58
12281788;17545412305;1ere lettre de relance;2023-07-21;2023-08-03;249.58
12281788;17545412305;Suspension de garanties;2023-09-08;2023-09-14;264.58
14963376;21376252305;Mise en demeure;2023-08-04;2023-09-07;168.39
14963376;21376252305;Suspension de garanties;2023-09-08;2023-09-14;168.39
14963376;21376252305;1ere lettre de relance;2023-07-21;2023-08-03;153.39
237770;339672334;1ere lettre de relance;2023-07-21;2023-07-23;276.68
11790437;16843482317;En recouvrement;2023-09-24;2023-10-03;549.89
11790437;16843482317;Mise en demeure;2023-08-04;2023-09-07;38.0
11790437;16843482317;Annonce du contentieux;2023-09-15;2023-09-23;38.0
11790437;16843482317;1ere lettre de relance;2023-07-21;2023-08-03;23.0
11790437;16843482317;Suspension de garanties;2023-09-08;2023-09-14;38.0
13808173;19725962305;Mise en demeure;2023-08-04;2023-08-23;368.58
13808173;19725962305;1ere lettre de relance;2023-07-21;2023-08-03;353.58
15416409;22023442303;Mise en demeure;2023-08-04;2023-08-30;714.67
15416409;22023442303;1ere lettre de relance;2023-07-21;2023-08-03;699.67
13590172;19414532305;1ere lettre de relance;2023-07-21;2023-08-02;380.46
8823557;12605082307;1ere lettre de relance;2023-07-21;2023-07-31;299.94
5285680;7550972318;1ere lettre de relance;2023-07-21;2023-08-02;642.39
15279832;2182833232;1er Impayé;2023-10-11;2023-10-17;329.22
15360031;2194290232;1er Impayé;2023-10-11;2023-11-02;54.7
15362824;2194689231;2ème Impayé;2023-11-07;;602.26
15362824;2194689231;1er Impayé;2023-10-11;2023-11-02;200.75
15366688;2195241232;Mise en demeure;2023-10-27;2023-11-12;787.39
15366688;2195241232;1er Impayé;2023-10-11;2023-10-26;772.39
15377650;2196807231;2ème Impayé;2023-11-13;;123.81
15377650;2196807231;1er Impayé;2023-10-11;2023-11-02;41.27
15393337;2199048231;1er Impayé;2023-10-11;2023-11-02;192.27
15521633;2217376232;Mise en demeure;2023-10-27;2023-11-30;284.94
15521633;2217376232;1er Impayé;2023-10-11;2023-10-26;269.94
15595896;2227985232;2ème Impayé;2023-11-13;;172.08
15595896;2227985232;1er Impayé;2023-10-11;2023-11-03;57.36
15605556;2229365232;2ème Impayé;2023-11-09;;276.06
15605556;2229365232;1er Impayé;2023-10-11;2023-11-02;92.02
15608174;2229739232;2ème Impayé;2023-11-12;;330.3
15608174;2229739232;1er Impayé;2023-10-11;2023-11-02;110.1
15807212;2258173232;1er Impayé;2023-10-11;2023-11-07;710.01
15830634;2261519232;2ème Impayé;2023-11-13;;201.3
15830634;2261519232;1er Impayé;2023-10-11;2023-11-03;67.1
15847280;2263897231;2ème Impayé;2023-11-12;;477.21
15847280;2263897231;1er Impayé;2023-10-11;2023-11-02;159.07
15873544;2267649231;Mise en demeure;2023-10-27;2023-11-30;479.19
15873544;2267649231;1er Impayé;2023-10-11;2023-10-26;464.19
15878668;2268381232;1er Impayé;2023-10-11;2023-11-02;52.72
15936089;2276584231;2ème Impayé;2023-11-09;;563.62
15936089;2276584231;1er Impayé;2023-10-11;2023-11-02;187.87
15949697;2278528232;Mise en demeure;2023-10-27;2023-11-30;262.38
15949697;2278528232;1er Impayé;2023-10-11;2023-10-26;247.38
15978054;2282579232;Mise en demeure;2023-10-27;2023-11-30;386.19
15978054;2282579232;1er Impayé;2023-10-11;2023-10-26;371.19
16003275;2286182231;Mise en demeure;2023-10-27;2023-11-30;593.06
16003275;2286182231;1er Impayé;2023-10-11;2023-10-26;578.06
16007244;2286749231;2ème Impayé;2023-11-12;2023-11-14;163.23
16007244;2286749231;1er Impayé;2023-10-11;2023-11-02;54.41
16016792;2288113231;1er Impayé;2023-10-11;2023-11-02;341.98
16047697;2292528231;1er Impayé;2023-10-11;2023-11-03;197.0
16049146;2292735231;Mise en demeure;2023-10-27;2023-11-30;235.92
16049146;2292735231;1er Impayé;2023-10-11;2023-10-26;220.92
16074206;2296315231;1er Impayé;2023-10-11;2023-10-12;317.24
16076467;2296638231;Mise en demeure;2023-10-27;2023-11-05;132.5
16076467;2296638231;1er Impayé;2023-10-11;2023-10-26;117.5
16076719;2296674231;1er Impayé;2023-10-11;2023-10-13;310.92
16079897;2297128231;1er Impayé;2023-10-11;2023-10-12;329.6
16085700;2297957231;1er Impayé;2023-10-11;2023-10-22;90.85
15814240;2259177231;1er Impayé;2023-10-19;2023-11-07;511.58
15992341;2284620231;1er Impayé;2023-10-19;2023-11-02;478.37
15992341;2284620231;Mise en demeure;2023-11-03;;493.37
16080303;2297186231;1er Impayé;2023-10-19;2023-11-02;169.45
16080303;2297186231;Mise en demeure;2023-11-03;;184.45
97721;13960231;1er Impayé;2023-11-08;;188.5
472186;67455231;1er Impayé;2023-11-08;;323.71
15692552;2241793231;1er Impayé;2023-04-11;2023-05-02;61.49
15693469;2241924232;1er Impayé;2023-04-11;2023-04-12;150.99
15699230;2242747231;1er Impayé;2023-04-11;2023-05-02;70.25
15699629;2242804231;1er Impayé;2023-04-11;2023-04-14;139.69
15704704;2243529231;1er Impayé;2023-04-11;2023-05-01;175.4
15704704;2243529231;En recouvrement;2023-06-16;2023-06-19;399.14
15704704;2243529231;Annonce du contentieux;2023-06-09;2023-06-15;70.34
15704704;2243529231;Mise en demeure;2023-05-02;2023-06-01;190.4
15704704;2243529231;Suspension de garanties;2023-06-02;2023-06-08;70.34
15706237;2243748231;1er Impayé;2023-04-11;2023-05-02;57.36
15706440;2243777231;1er Impayé;2023-04-11;2023-04-12;23.86
15712747;2244678231;1er Impayé;2023-04-11;2023-04-16;162.79
15712824;2244689231;1er Impayé;2023-04-11;2023-05-01;244.88
15712824;2244689231;Mise en demeure;2023-05-02;2023-05-16;259.88
15715008;2245001231;1er Impayé;2023-04-11;2023-04-15;127.91
15717178;2245311232;1er Impayé;2023-04-11;2023-05-01;406.89
15717178;2245311232;Mise en demeure;2023-05-02;2023-05-22;421.89
15723471;2246210231;1er Impayé;2023-04-11;2023-05-26;281.34
15733159;2247594231;1er Impayé;2023-04-11;2023-04-12;458.99
15737716;2248245231;1er Impayé;2023-04-11;2023-04-20;305.24
15765618;2252231231;1er Impayé;2023-04-11;2023-04-14;116.76
15765618;2252231231;2ème Impayé;2023-05-07;2023-05-25;159.92
15765618;2252231231;Mise en demeure;2023-05-26;2023-05-31;94.96
15766073;2252296231;1er Impayé;2023-04-11;2023-05-01;243.19
15766073;2252296231;Mise en demeure;2023-05-02;2023-05-23;258.19
15767158;2252451231;1er Impayé;2023-04-11;2023-04-27;385.1
15772534;2253219231;1er Impayé;2023-04-11;2023-04-14;37.12
15788326;2255475231;1er Impayé;2023-04-11;2023-05-02;67.47
14023150;2003307231;1er Impayé;2023-04-13;2023-05-02;39.49
14107808;2015401235;1er Impayé;2023-04-13;2023-04-17;119.15
14107808;2015401235;2ème Impayé;2023-05-14;2023-06-01;238.3
14107808;2015401235;Mise en demeure;2023-06-02;2023-06-14;253.3
14233626;2033375235;1er Impayé;2023-04-13;2023-05-04;121.8
14243020;2034717233;1er Impayé;2023-04-13;2023-05-04;73.12
14397153;2056736232;1er Impayé;2023-04-13;2023-05-04;129.19
14508691;2072670233;1er Impayé;2023-04-13;2023-04-22;458.94
14555164;2079309234;1er Impayé;2023-04-13;2023-05-04;109.15
14555164;2079309234;2ème Impayé;2023-05-14;2023-06-01;327.45
14555164;2079309234;Mise en demeure;2023-06-02;2023-06-19;124.15
14705678;2100811231;1er Impayé;2023-04-13;2023-05-04;98.24
14709108;2101301234;1er Impayé;2023-04-13;2023-05-02;75.59
11055367;15793382319;1er Impayé;2023-08-24;2023-09-13;51.96
13500635;1928662231;Annonce du contentieux;2023-11-24;;821.1
13500635;1928662231;Suspension de garanties;2023-11-17;2023-11-23;821.1
13500635;1928662231;Mise en demeure;2023-10-13;2023-11-16;821.1
13500635;1928662231;2ème Impayé;2023-09-25;2023-10-12;322.44
13500635;1928662231;1er Impayé;2023-08-24;2023-09-13;161.22
15369775;2195682233;2ème Impayé;2023-09-25;2023-09-29;311.82
15369775;2195682233;1er Impayé;2023-08-24;2023-08-27;103.94
15779905;2254272231;1er Impayé;2023-08-24;2023-09-13;84.09
7692980;1098997236;1er Impayé;2023-10-08;2023-11-02;221.57
7870857;11244082313;1er Impayé;2023-10-08;2023-11-02;194.57
7977649;1139664231;Mise en demeure;2023-10-27;2023-11-30;2622.81
7977649;1139664231;1er Impayé;2023-10-08;2023-10-26;2607.81
8582610;1226087232;Mise en demeure;2023-10-27;2023-11-30;443.49
8582610;1226087232;1er Impayé;2023-10-08;2023-10-26;428.49
9717275;1388182232;Mise en demeure;2023-10-27;2023-11-30;419.82
9717275;1388182232;1er Impayé;2023-10-08;2023-10-26;404.82
11230108;1604301232;1er Impayé;2023-10-08;2023-10-16;212.91
11924452;1703493233;1er Impayé;2023-10-08;2023-11-02;66.06
11924452;1703493233;2ème Impayé;2023-11-06;;198.18
11995796;17136852318;Mise en demeure;2023-10-27;2023-11-29;405.81
11995796;17136852318;1er Impayé;2023-10-08;2023-10-26;390.81
12790695;1827242231;1er Impayé;2023-10-08;2023-11-02;105.0
13019728;1859961231;Mise en demeure;2023-10-27;2023-11-30;279.81
13019728;1859961231;1er Impayé;2023-10-08;2023-10-26;264.81
13470801;1924400231;2ème Impayé;2023-11-12;;230.52
13470801;1924400231;1er Impayé;2023-10-08;2023-11-02;76.84
13826674;1975239232;1er Impayé;2023-10-08;2023-11-02;103.28
15788431;2255490231;1er Impayé;2023-06-29;2023-07-11;150.64
12000374;17143392309;Mise en demeure;2023-07-28;2023-08-22;131.61
12000374;17143392309;1ere lettre de relance;2023-07-14;2023-07-27;39.19
13226074;18894392309;Suspension de garanties;2023-09-01;2023-09-07;644.82
13226074;18894392309;En recouvrement;2023-09-27;;559.73
13226074;18894392309;Mise en demeure;2023-07-28;2023-08-31;644.82
13226074;18894392309;1ere lettre de relance;2023-07-14;2023-07-27;629.82
13226074;18894392309;Annonce du contentieux;2023-09-08;2023-09-26;644.82
13872846;19818352312;1ere lettre de relance;2023-07-14;2023-07-19;315.18
15385966;21979952303;Mise en demeure;2023-08-04;2023-08-16;433.98
15385966;21979952303;1ere lettre de relance;2023-07-14;2023-08-03;563.64
13449570;19213672307;Mise en demeure;2023-07-28;2023-08-06;323.31
13449570;19213672307;1ere lettre de relance;2023-07-14;2023-07-27;308.31
13482330;19260472307;Mise en demeure;2023-07-28;2023-08-04;161.22
13482330;19260472307;1ere lettre de relance;2023-07-14;2023-07-27;161.22
14977670;21396672302;1ere lettre de relance;2023-07-14;2023-07-25;631.56
14222258;20317512314;Suspension de garanties;2023-09-01;2023-09-07;417.45
14222258;20317512314;Mise en demeure;2023-07-28;2023-08-31;293.1
14222258;20317512314;1ere lettre de relance;2023-07-14;2023-07-27;278.1
14222258;20317512314;Annonce du contentieux;2023-09-08;2023-10-08;278.1
14986812;21409732303;Mise en demeure;2023-07-28;2023-08-06;369.14
14986812;21409732303;1ere lettre de relance;2023-07-14;2023-07-27;454.14
15149737;21642482303;Suspension de garanties;2023-09-01;2023-09-07;247.74
15149737;21642482303;Mise en demeure;2023-07-28;2023-08-31;247.74
15149737;21642482303;Annonce du contentieux;2023-09-08;2023-09-21;247.74
15149737;21642482303;1ere lettre de relance;2023-07-14;2023-07-27;232.74
15369684;21956692302;Mise en demeure;2023-07-28;2023-08-06;405.4
15369684;21956692302;1ere lettre de relance;2023-07-14;2023-07-27;390.4
15604919;22292742301;1ere lettre de relance;2023-07-14;;235.4
14309835;20442622314;Suspension de garanties;2023-09-01;2023-09-05;186.2
14309835;20442622314;Mise en demeure;2023-07-28;2023-08-31;186.2
14309835;20442622314;1ere lettre de relance;2023-07-14;2023-07-27;171.2
15322434;2188919232;1er Impayé;2023-11-06;;251.43
15340130;2191447231;1er Impayé;2023-11-06;;176.86
15358673;2194096231;1er Impayé;2023-11-06;;118.08
15407708;2201101231;1er Impayé;2023-11-06;;171.48
15483812;2211973231;1er Impayé;2023-11-06;;114.84
15613886;2230555231;1er Impayé;2023-11-06;;64.12
15614061;2230580231;1er Impayé;2023-11-06;2023-11-09;134.24
15713748;2244821231;1er Impayé;2023-11-06;2023-11-15;190.78
15779968;2254281232;1er Impayé;2023-11-06;;221.26
15788326;2255475233;1er Impayé;2023-11-06;;58.42
15865305;2266472232;1er Impayé;2023-11-06;;92.32
15872830;2267547231;1er Impayé;2023-11-06;2023-11-19;345.34
15927514;2275359231;1er Impayé;2023-11-06;;97.63
15931112;2275873231;1er Impayé;2023-11-06;2023-11-07;48.92
15954744;2279249231;1er Impayé;2023-11-06;;125.86
16005158;2286451231;1er Impayé;2023-11-06;;247.86
16008672;2286953232;1er Impayé;2023-11-06;;440.4
16070699;2295814231;1er Impayé;2023-11-06;2023-11-13;60.38
16076761;2296680231;1er Impayé;2023-11-06;;337.76
15203273;21718962304;Mise en demeure;2023-08-04;2023-08-23;933.28
15203273;21718962304;1ere lettre de relance;2023-07-21;2023-08-03;918.28
306195;437422308;1ere lettre de relance;2023-07-21;2023-08-02;445.68
13862101;19803002307;1ere lettre de relance;2023-07-21;2023-07-26;428.13
5544099;7920142307;1ere lettre de relance;2023-07-21;2023-08-02;348.33
5754449;8220642346;Mise en demeure;2023-08-04;2023-08-21;597.63
5754449;8220642346;1ere lettre de relance;2023-07-21;2023-08-03;582.63
11972654;17103792315;Mise en demeure;2023-08-04;2023-08-09;373.31
11972654;17103792315;1ere lettre de relance;2023-07-21;2023-08-03;358.31
15104916;21578452303;1ere lettre de relance;2023-07-21;2023-08-01;173.58
4393369;6276242304;Mise en demeure;2023-08-04;2023-08-30;564.96
4393369;6276242304;1ere lettre de relance;2023-07-21;2023-08-03;549.96
7624569;10892242309;Mise en demeure;2023-08-04;2023-08-09;1104.78
7624569;10892242309;1ere lettre de relance;2023-07-21;2023-08-03;1089.78
8255773;11793962329;1ere lettre de relance;2023-07-21;2023-07-27;2529.12
7724900;11035572313;1ere lettre de relance;2023-07-21;2023-07-28;258.48
5246375;7494822331;1ere lettre de relance;2023-07-21;2023-07-31;39.48
11104759;15863942302;Annonce du contentieux;2023-09-29;2023-10-09;456.93
11104759;15863942302;Suspension de garanties;2023-09-22;2023-09-28;456.93
11104759;15863942302;Mise en demeure;2023-08-18;2023-09-21;456.93
11104759;15863942302;1ere lettre de relance;2023-07-21;2023-08-17;441.93
14421023;20601462305;Mise en demeure;2023-08-04;2023-09-07;84.81
14421023;20601462305;Annonce du contentieux;2023-09-15;2023-09-17;84.81
14421023;20601462305;Suspension de garanties;2023-09-08;2023-09-14;84.81
14421023;20601462305;1ere lettre de relance;2023-07-21;2023-08-03;69.81
7064849;10092642304;Mise en demeure;2023-08-04;2023-08-21;5711.04
7064849;10092642304;1ere lettre de relance;2023-07-21;2023-08-03;5696.04
4656310;6651872339;Mise en demeure;2023-08-04;2023-09-07;502.77
4656310;6651872339;1ere lettre de relance;2023-07-21;2023-08-03;487.77
12388713;17698162307;Mise en demeure;2023-08-04;2023-08-09;903.24
12388713;17698162307;1ere lettre de relance;2023-07-21;2023-08-03;888.24
15078295;21540422304;Mise en demeure;2023-08-04;2023-08-08;417.9
15078295;21540422304;1ere lettre de relance;2023-07-21;2023-08-03;402.9
4336060;6194372330;1ere lettre de relance;2023-07-21;2023-07-25;498.45
126015;180022354;Mise en demeure;2023-08-04;2023-08-09;728.46
126015;180022354;1ere lettre de relance;2023-07-21;2023-08-03;713.46
14103748;20148212303;Mise en demeure;2023-08-04;2023-08-29;252.09
14103748;20148212303;1ere lettre de relance;2023-07-21;2023-08-03;237.09
3923298;5604712354;1ere lettre de relance;2023-07-21;2023-08-02;809.22
14775006;21107152304;1ere lettre de relance;2023-07-21;2023-07-28;91.29
11161662;15945232303;Mise en demeure;2023-08-04;2023-08-31;434.7
11161662;15945232303;1ere lettre de relance;2023-07-21;2023-08-03;419.7
9009400;12870572304;Mise en demeure;2023-08-04;2023-08-07;590.61
9009400;12870572304;1ere lettre de relance;2023-07-21;2023-08-03;575.61
13206124;18865892305;1ere lettre de relance;2023-07-21;2023-07-31;921.42
7931204;11330292322;1ere lettre de relance;2023-07-21;2023-07-30;647.49
4588578;6555112320;Mise en demeure;2023-08-04;2023-08-21;629.46
4588578;6555112320;1ere lettre de relance;2023-07-21;2023-08-03;614.46
4545899;6494142317;1ere lettre de relance;2023-07-21;2023-07-23;900.81
14243881;20348402308;Mise en demeure;2023-08-04;2023-09-07;233.11
14243881;20348402308;1ere lettre de relance;2023-07-21;2023-08-03;218.11
14243881;20348402308;Suspension de garanties;2023-09-08;2023-09-11;233.11
12032819;17189742320;Mise en demeure;2023-08-04;2023-08-09;431.16
12032819;17189742320;1ere lettre de relance;2023-07-21;2023-08-03;416.16
15079660;21542372304;Mise en demeure;2023-08-04;2023-09-07;126.27
15079660;21542372304;Suspension de garanties;2023-09-08;2023-09-14;126.27
15079660;21542372304;1ere lettre de relance;2023-07-21;2023-08-03;141.27
15789992;22557132302;1ere lettre de relance;2023-07-21;2023-07-22;376.44
8889637;12699482303;Mise en demeure;2023-08-04;2023-09-11;713.04
8889637;12699482303;1ere lettre de relance;2023-07-21;2023-08-03;698.04
15001323;21430462304;Mise en demeure;2023-08-04;2023-09-07;230.43
15001323;21430462304;Suspension de garanties;2023-09-08;2023-09-10;80.43
15001323;21430462304;1ere lettre de relance;2023-07-21;2023-08-03;215.43
209896;299852340;Mise en demeure;2023-08-04;2023-08-16;533.88
209896;299852340;1ere lettre de relance;2023-07-21;2023-08-03;518.88
14222237;20317482303;Mise en demeure;2023-08-04;2023-10-27;225.32
14222237;20317482303;1ere lettre de relance;2023-07-21;2023-08-03;105.16
13930127;19900182310;Mise en demeure;2023-08-04;2023-08-08;170.74
13930127;19900182310;1ere lettre de relance;2023-07-21;2023-08-03;77.37
647893;925562315;Mise en demeure;2023-08-04;2023-08-17;968.49
647893;925562315;1ere lettre de relance;2023-07-21;2023-08-03;953.49
15526435;22180622302;1ere lettre de relance;2023-07-21;2023-09-06;211.89
4497669;6425242352;Mise en demeure;2023-08-04;2023-08-09;523.47
4497669;6425242352;1ere lettre de relance;2023-07-21;2023-08-03;508.47
4504340;6434772361;1ere lettre de relance;2023-07-21;2023-07-31;852.75
4310251;6157502311;1ere lettre de relance;2023-07-21;2023-07-31;1138.32
5834109;8334442308;1ere lettre de relance;2023-07-21;2023-07-30;478.59
6110336;8729052315;Mise en demeure;2023-08-04;2023-08-06;668.52
6110336;8729052315;1ere lettre de relance;2023-07-21;2023-08-03;653.52
15742728;22489612301;Mise en demeure;2023-08-04;2023-09-07;745.47
15742728;22489612301;Suspension de garanties;2023-09-08;2023-09-14;745.47
15742728;22489612301;1ere lettre de relance;2023-07-21;2023-08-03;730.47
12617592;18025132313;Mise en demeure;2023-08-04;2023-09-06;417.63
12617592;18025132313;1ere lettre de relance;2023-07-21;2023-08-03;402.63
5944583;8492262323;Mise en demeure;2023-08-04;2023-08-17;352.5
5944583;8492262323;1ere lettre de relance;2023-07-21;2023-08-03;337.5
89055;127222337;1ere lettre de relance;2023-07-21;2023-07-26;571.92
5103260;729037231;1er Impayé;2023-11-08;;324.88
5263392;751913232;1er Impayé;2023-11-08;;130.04
5781630;8259472331;1er Impayé;2023-11-08;;117.7
7670230;1095747235;1er Impayé;2023-11-08;;108.8
8233653;1176236235;1er Impayé;2023-11-08;;151.62
8418817;1202688234;1er Impayé;2023-11-08;2023-11-10;476.69
8647885;1235412231;1er Impayé;2023-11-08;2023-11-23;178.92
8697690;1242527235;1er Impayé;2023-11-08;;77.57
8724136;12463052313;1er Impayé;2023-11-08;;66.96
8888524;1269789231;1er Impayé;2023-11-08;;206.54
8994329;1284904231;1er Impayé;2023-11-08;;185.64
9050371;1292910232;1er Impayé;2023-11-08;;56.12
9185226;1312175231;1er Impayé;2023-11-08;2023-11-14;245.48
9190084;1312869232;1er Impayé;2023-11-08;;241.95
9191099;1313014239;1er Impayé;2023-11-08;;88.1
9386266;1340895231;1er Impayé;2023-11-08;;156.03
9680903;1382986231;1er Impayé;2023-11-08;2023-11-20;244.43
9831298;1404471233;1er Impayé;2023-11-08;;89.34
9938594;1419799232;1er Impayé;2023-11-08;;169.75
9976709;1425244232;1er Impayé;2023-11-08;;137.41
10066799;1438114236;1er Impayé;2023-11-08;2023-11-09;165.07
10123478;14462112327;1er Impayé;2023-11-08;;179.98
10146816;1449545232;1er Impayé;2023-11-08;;58.33
10181921;1454560232;1er Impayé;2023-11-08;;310.86
10256128;1465161231;1er Impayé;2023-11-08;;179.69
10454165;1493452238;1er Impayé;2023-11-08;2023-11-09;77.54
10524088;1503441233;1er Impayé;2023-11-08;2023-11-14;106.18
10525593;15036562311;1er Impayé;2023-11-08;;298.08
10552424;1507489233;1er Impayé;2023-11-08;2023-11-11;83.18
10680405;1525772232;1er Impayé;2023-11-08;;68.53
10723343;1531906231;1er Impayé;2023-11-08;;143.41
10785678;1540811239;1er Impayé;2023-11-08;;153.39
10798796;1542685231;1er Impayé;2023-11-08;2023-11-27;72.0
10922108;1560301238;1er Impayé;2023-11-08;;198.99
10930578;1561511233;1er Impayé;2023-11-08;2023-11-13;123.1
11009461;1572780235;1er Impayé;2023-11-08;;38.1
11020850;1574407231;1er Impayé;2023-11-08;;45.13
11085222;15836032314;1er Impayé;2023-11-08;;205.87
11088680;1584097233;1er Impayé;2023-11-08;;87.06
11218068;1602581232;1er Impayé;2023-11-08;;105.06
15789096;2255585231;1er Impayé;2023-04-11;2023-05-02;305.64
15789159;2255594231;1er Impayé;2023-04-11;2023-05-02;384.71
15789243;2255606231;1er Impayé;2023-04-11;2023-04-26;584.96
15794262;2256323231;1er Impayé;2023-04-11;2023-05-01;183.15
15794262;2256323231;Suspension de garanties;2023-06-02;2023-06-08;198.15
15794262;2256323231;Mise en demeure;2023-05-02;2023-06-01;198.15
15794262;2256323231;Annonce du contentieux;2023-06-09;2023-06-19;198.15
7745025;1106432231;1er Impayé;2023-05-09;2023-06-01;241.44
12515238;1787891236;1er Impayé;2023-05-09;2023-06-01;111.08
12783947;1826278234;1er Impayé;2023-05-09;2023-05-10;267.83
13017684;1859669232;1er Impayé;2023-05-09;2023-06-01;68.45
13283579;1897654231;1er Impayé;2023-05-09;2023-06-01;114.87
13948145;1992592232;1er Impayé;2023-05-09;2023-05-10;95.04
14307686;2043955231;1er Impayé;2023-05-09;2023-06-01;130.82
14461224;2065889232;1er Impayé;2023-05-09;2023-06-01;63.13
14608000;2086857231;1er Impayé;2023-05-09;2023-06-01;149.96
14641775;2091682231;1er Impayé;2023-05-09;2023-06-01;120.84
14711852;2101693231;1er Impayé;2023-05-09;2023-06-01;89.62
15010325;2144332231;2ème Impayé;2023-06-12;2023-07-13;161.16
15010325;2144332231;1er Impayé;2023-05-09;2023-06-01;80.58
15010325;2144332231;Mise en demeure;2023-07-14;2023-08-02;417.9
15033138;2147591234;1er Impayé;2023-05-09;2023-05-09;136.76
15046074;2149439231;1er Impayé;2023-05-09;2023-06-01;140.35
15273889;2181984234;1er Impayé;2023-05-09;2023-06-01;109.36
15396193;2199456231;Suspension de garanties;2023-06-30;2023-07-12;242.6
15396193;2199456231;Mise en demeure;2023-05-26;2023-06-29;242.6
15396193;2199456231;1er Impayé;2023-05-09;2023-05-25;227.6
15449981;2207140231;1er Impayé;2023-05-09;2023-06-01;49.4
10177539;1453934236;1er Impayé;2023-11-22;;287.66
10199316;1457045238;1er Impayé;2023-11-22;;544.62
11392956;16275652310;1er Impayé;2023-11-22;;73.62
12004014;17148592313;1er Impayé;2023-11-22;;57.28
13444075;1920582234;1er Impayé;2023-11-22;;155.88
13464816;1923545232;1er Impayé;2023-11-22;;115.92
14107948;2015421231;1er Impayé;2023-11-22;;199.8
14232086;2033155232;1er Impayé;2023-11-22;;151.96
14973659;2139094231;1er Impayé;2023-11-22;;103.25
14980862;2140123231;1er Impayé;2023-11-22;;102.33
15272916;2181845233;1er Impayé;2023-11-22;2023-11-24;173.8
15369201;2195600233;1er Impayé;2023-11-22;;207.36
15389046;2198435232;1er Impayé;2023-11-22;;155.76
15429205;2204172233;1er Impayé;2023-11-22;;85.04
15628187;2232598232;1er Impayé;2023-11-22;;251.01
15630210;2232887231;1er Impayé;2023-11-22;;78.29
15773808;2253401232;1er Impayé;2023-11-22;;155.29
15791385;2255912232;1er Impayé;2023-11-22;;234.16
15842037;2263148232;1er Impayé;2023-11-22;;37.75
15949543;2278506231;1er Impayé;2023-11-22;2023-11-27;33.46
15951594;2278799232;1er Impayé;2023-11-22;;72.03
15972230;2281747232;1er Impayé;2023-11-22;;59.54
16036847;2290978231;1er Impayé;2023-11-22;;148.57
16051232;2293033231;1er Impayé;2023-11-22;;78.65
16060570;2294367231;1er Impayé;2023-11-22;;434.37
16095017;2299288231;1er Impayé;2023-11-22;;79.81
16107316;2301045231;1er Impayé;2023-11-22;;39.78
16110123;2301446231;1er Impayé;2023-11-22;;101.48
16125838;2303691231;1er Impayé;2023-11-22;;360.64
16140468;2305781231;1er Impayé;2023-11-22;;177.33
16158479;2308354231;1er Impayé;2023-11-22;;195.97
16158521;2308360231;1er Impayé;2023-11-22;;53.01
16165675;2309382231;1er Impayé;2023-11-22;;80.03
16168818;2309831231;1er Impayé;2023-11-22;;123.75
14772143;2110306232;1er Impayé;2023-04-13;2023-04-16;47.48
14919682;2131383232;1er Impayé;2023-04-13;2023-05-04;89.72
14970040;2138577232;1er Impayé;2023-04-13;2023-04-19;133.54
14973029;2139004232;1er Impayé;2023-04-13;2023-05-04;119.17
14996878;2142411231;1er Impayé;2023-04-13;2023-05-04;37.96
15062734;2151819231;1er Impayé;2023-04-13;2023-05-02;41.99
15082523;2154646232;1er Impayé;2023-04-13;2023-05-01;76.19
15099729;2157104232;1er Impayé;2023-04-13;2023-05-01;145.83
15099729;2157104232;En recouvrement;2023-06-16;2023-07-05;458.13
15099729;2157104232;Mise en demeure;2023-05-02;2023-06-01;160.83
15099729;2157104232;Annonce du contentieux;2023-06-09;2023-06-15;160.83
15099729;2157104232;Suspension de garanties;2023-06-02;2023-06-08;160.83
15100457;2157208231;1er Impayé;2023-04-13;2023-05-04;54.47
15124922;2160703231;1er Impayé;2023-04-13;2023-05-04;117.93
15133826;2161975231;1er Impayé;2023-04-13;2023-05-01;375.93
15133826;2161975231;Mise en demeure;2023-05-02;2023-05-06;390.93
15236439;2176634231;1er Impayé;2023-04-13;2023-05-04;79.95
15238518;2176931233;1er Impayé;2023-04-13;2023-05-01;532.8
15245497;2177928233;1er Impayé;2023-04-13;2023-05-04;52.7
15248969;2178424231;1er Impayé;2023-04-13;2023-04-14;79.48
15263165;2180452231;1er Impayé;2023-04-13;2023-05-01;579.78
15263165;2180452231;En recouvrement;2023-06-16;2023-10-24;1754.34
15263165;2180452231;Mise en demeure;2023-05-02;2023-06-01;594.78
15263165;2180452231;Annonce du contentieux;2023-06-09;2023-06-15;594.78
15263165;2180452231;Suspension de garanties;2023-06-02;2023-06-08;594.78
15287973;2183996233;1er Impayé;2023-04-13;2023-05-02;235.78
15287973;2183996233;2ème Impayé;2023-05-10;2023-05-25;707.34
15287973;2183996233;Suspension de garanties;2023-06-30;2023-07-06;322.34
15287973;2183996233;Mise en demeure;2023-05-26;2023-06-29;722.34
15287973;2183996233;Annonce du contentieux;2023-07-07;2023-07-13;322.34
15300006;2185715232;1er Impayé;2023-04-13;2023-05-04;163.7
15341292;2191613231;1er Impayé;2023-04-13;2023-05-04;42.02
15374262;2196323231;1er Impayé;2023-04-13;2023-05-04;79.46
15374262;2196323231;2ème Impayé;2023-05-14;2023-06-01;238.38
15390565;2198652231;1er Impayé;2023-04-13;2023-05-02;83.02
15390572;2198653231;1er Impayé;2023-04-13;2023-05-04;48.38
15390572;2198653231;2ème Impayé;2023-05-14;2023-06-06;145.14
15402129;2200304232;1er Impayé;2023-04-13;2023-04-25;41.75
14073179;2010454232;1er Impayé;2023-10-08;2023-10-13;64.81
14209686;2029955235;1er Impayé;2023-10-08;2023-11-02;137.94
14590843;2084406233;1er Impayé;2023-10-08;2023-11-02;372.15
14603765;2086252231;1er Impayé;2023-10-08;2023-11-02;131.85
14843571;2120510232;1er Impayé;2023-10-08;2023-10-26;112.86
14843571;2120510232;Mise en demeure;2023-10-27;2023-11-30;127.86
14896309;2128044231;2ème Impayé;2023-11-07;;249.9
14896309;2128044231;1er Impayé;2023-10-08;2023-11-02;83.3
14924232;2132033231;1er Impayé;2023-10-08;2023-10-26;195.93
14924232;2132033231;Mise en demeure;2023-10-27;2023-11-30;210.93
15035462;2147923231;1er Impayé;2023-10-08;2023-10-26;437.82
15035462;2147923231;Mise en demeure;2023-10-27;2023-11-02;452.82
15095809;2156544231;1er Impayé;2023-10-08;2023-10-26;296.31
15095809;2156544231;Mise en demeure;2023-10-27;2023-11-30;311.31
15141288;2163041232;1er Impayé;2023-10-08;2023-10-26;389.31
15141288;2163041232;Mise en demeure;2023-10-27;2023-11-30;404.31
15232911;2176130234;1er Impayé;2023-10-08;2023-10-26;519.72
15232911;2176130234;Mise en demeure;2023-10-27;2023-11-30;534.72
15250593;2178656231;1er Impayé;2023-10-08;2023-10-26;213.72
15250593;2178656231;Mise en demeure;2023-10-27;2023-11-30;228.72
15274197;2182028232;1er Impayé;2023-10-08;2023-10-26;271.38
15274197;2182028232;Mise en demeure;2023-10-27;2023-11-30;286.38
15297304;2185329231;1er Impayé;2023-10-08;2023-11-02;77.52
15326375;2189482231;1er Impayé;2023-10-08;2023-10-26;250.2
15326375;2189482231;Mise en demeure;2023-10-27;2023-11-30;265.2
15344680;2192097232;1er Impayé;2023-10-08;2023-10-26;192.84
15344680;2192097232;Mise en demeure;2023-10-27;2023-10-30;207.84
15522452;2217493233;2ème Impayé;2023-11-07;2023-11-26;164.96
15522452;2217493233;1er Impayé;2023-10-08;2023-10-13;82.48
15534863;2219266233;1er Impayé;2023-10-08;2023-10-26;93.85
15622699;2231814232;1er Impayé;2023-10-08;2023-10-26;251.61
15622699;2231814232;Mise en demeure;2023-10-27;2023-11-30;266.61
15656726;2236675231;2ème Impayé;2023-11-09;2023-11-27;663.76
15656726;2236675231;1er Impayé;2023-10-08;2023-10-27;331.88
15772968;2253281232;1er Impayé;2023-10-08;2023-11-02;108.94
15781032;2254433232;1er Impayé;2023-10-08;2023-11-02;209.82
15788235;2255462232;2ème Impayé;2023-11-09;;183.21
15788235;2255462232;1er Impayé;2023-10-08;2023-11-02;61.07
15857171;2265310231;1er Impayé;2023-10-08;2023-10-11;64.07
15901278;2271611231;1er Impayé;2023-10-08;2023-10-26;244.59
15901278;2271611231;Mise en demeure;2023-10-27;2023-11-30;259.59
15916167;2273738231;1er Impayé;2023-10-08;2023-10-26;185.82
15916167;2273738231;Mise en demeure;2023-10-27;2023-11-21;200.82
15956291;2279470231;1er Impayé;2023-10-08;2023-10-09;36.96
15987805;2283972231;1er Impayé;2023-10-08;2023-10-26;295.53
15987805;2283972231;Mise en demeure;2023-10-27;2023-11-30;310.53
16033536;2290505231;1er Impayé;2023-10-08;2023-10-26;383.46
16033536;2290505231;Mise en demeure;2023-10-27;2023-11-30;398.46
15473767;2210538232;1er Impayé;2023-10-09;2023-11-02;81.24
15473767;2210538232;2ème Impayé;2023-11-09;;243.72
15656922;2236703232;2ème Impayé;2023-11-08;;184.44
15656922;2236703232;1er Impayé;2023-10-09;2023-11-02;61.48
15340235;2191462231;1er Impayé;2023-10-18;2023-11-02;326.79
15340235;2191462231;Mise en demeure;2023-11-03;;341.79
15866404;2266629231;1er Impayé;2023-10-18;2023-11-02;660.92
15866404;2266629231;Mise en demeure;2023-11-03;;675.92
15886907;2269558232;1er Impayé;2023-10-18;2023-11-02;308.44
5365774;7665392345;1er Impayé;2023-07-06;2023-08-02;2261.19
7104497;1014928231;1er Impayé;2023-07-06;2023-07-20;1311.54
7104497;1014928231;Mise en demeure;2023-07-21;2023-07-30;1326.54
11055136;1579305236;2ème Impayé;2023-08-08;2023-08-24;445.47
11055136;1579305236;Mise en demeure;2023-08-25;2023-09-11;163.49
11055136;1579305236;1er Impayé;2023-07-06;2023-08-02;148.49
11233230;1604747231;1er Impayé;2023-07-06;2023-08-02;123.77
12031811;1718830231;1er Impayé;2023-07-06;2023-08-02;48.35
12155256;1736465232;1er Impayé;2023-07-06;2023-08-02;156.33
12175675;1739382231;1er Impayé;2023-07-06;2023-08-02;122.66
12183214;1740459235;1er Impayé;2023-07-06;2023-07-20;684.22
12183214;1740459235;Mise en demeure;2023-07-21;2023-07-30;699.22
15573748;22248212303;Suspension de garanties;2023-09-01;2023-09-07;53.74
15573748;22248212303;Mise en demeure;2023-07-28;2023-08-31;107.48
15573748;22248212303;1ere lettre de relance;2023-07-14;2023-07-27;107.48
11556021;16508602309;Mise en demeure;2023-07-28;2023-08-28;759.96
11556021;16508602309;1ere lettre de relance;2023-07-14;2023-07-27;744.96
15705264;22436092302;Mise en demeure;2023-07-28;2023-08-01;161.22
15705264;22436092302;1ere lettre de relance;2023-07-14;2023-07-27;161.22
13913999;19877142308;Mise en demeure;2023-07-28;2023-08-22;161.22
13913999;19877142308;1ere lettre de relance;2023-07-14;2023-07-27;161.22
